bus_id,pp_index
sub_cadiz_substation_56,0
tower_0001,1
tower_0003,2
sub_allen_substation_85,3
tower_0004,4
tower_0005,5
tower_0006,6
sub_cebu_city_substation_14,7
sub_compostela_substation_15,8
sub_naga_substation_16,9
tower_0007,10
tower_0008,11
tower_0011,12
sub_tabango_substation_57,13
tower_0012,14
sub_osm_13,15
tower_0013,16
tower_0014,17
tower_0015,18
tower_0016,19
tower_0017,20
tower_0018,21
tower_0019,22
sub_maasin_substation_19,23
tower_0020,24
tower_0021,25
sub_milagro_substation_104,26
tower_0022,27
tower_0023,28
sub_daanbantayan_cable_terminal_27,29
sub_suba_cable_terminal_29,30
tower_0024,31
sub_osm_83,32
sub_magdugo_substation_72,33
sub_national_grid_corporation_of_the_philippines_34,34
tower_0025,35
sub_bio_os_cable_terminal_66,36
sub_paranas_substation_47,37
tower_0026,38
sub_quiot_substation_40,39
tower_0027,40
tower_0028,41
tower_0029,42
tower_0030,43
sub_amlan_substation_33,44
tower_0034,45
tower_0035,46
sub_cabacungan_cable_terminal_36,47
tower_0037,48
tower_0038,49
sub_babatngon_substation_20,50
sub_ubay_substation_54,51
sub_tugas_terminal_submerged_ngcp_lines_58,52
sub_osm_55,53
tower_0040,54
tower_0041,55
tower_0042,56
tower_0043,57
tower_0045,58
sub_maasin_terminal_submerged_lines_59,59
sub_corella_substation_boheco_i_18,60
tower_0046,61
sub_osm_4,62
tower_0047,63
sub_trinidad_substation_73,64
sub_mandugo_substation_62,65
tower_0048,66
tower_0049,67
tower_0050,68
sub_san_jose_substation_116,69
sub_mandaue_gas_insulated_substation_64,70
sub_lapu_lapu_gas_insulated_substation_63,71
tower_0051,72
tower_0052,73
sub_toledo_substation_68,74
tower_0053,75
sub_bagolibas_substation_48,76
tower_0054,77
tower_0055,78
sub_alicia_substation_71,79
tower_0056,80
tower_0057,81
tower_0058,82
tower_0059,83
sub_catbalogan_sub_station_1,84
tower_0060,85
sub_santander_cable_terminal_82,86
tower_0062,87
tower_0063,88
sub_dumanjug_converter_station_100,89
tower_0064,90
tower_0065,91
sub_argao_cable_terminal_117,92
sub_bohol_cable_terminal_89,93
tower_0069,94
tower_0070,95
sub_colon_substation_86,96
sub_mabolo_substation_74,97
tower_0071,98
sub_carreta_substation_70,99
sub_guadalupe_substation_92,100
tower_0072,101
sub_camputhaw_substation_32,102
sub_cbp_substation_91,103
tower_0073,104
tower_0074,105
tower_0075,106
sub_bulacao_substation_93,107
sub_cebeco_iii_8,108
tower_0078,109
tower_0079,110
tower_0080,111
sub_cadiz_substation_96,112
sub_osm_80,113
tower_0081,114
sub_sagay_substation_98,115
sub_ginatilan_substation_102,116
tower_0082,117
tower_0083,118
tower_0084,119
tower_0085,120
tower_0086,121
tower_0087,122
tower_0088,123
tower_0089,124
tower_0090,125
tower_0091,126
tower_0092,127
tower_0093,128
tower_0094,129
tower_0095,130
tower_0096,131
tower_0097,132
tower_0098,133
sub_talvera_cable_terminal_10,134
sub_calatrava_cable_terminal_112,135
sub_calatrava_substation_113,136
tower_0099,137
tower_0100,138
sub_osm_2,139
sub_osm_3,140
sub_lugo_load_end_substation_6,141
sub_ceneco_murcia_substation_7,142
sub_javier_substation_9,143
sub_osm_11,144
sub_bohol_light_company_inc_substation_1_17,145
sub_osm_21,146
sub_osm_22,147
sub_medellin_load_end_substation_23,148
sub_osm_25,149
sub_osm_26,150
sub_osm_30,151
sub_capoocan_substation_31,152
sub_osm_35,153
sub_osm_37,154
sub_don_orestes_romualdez_electric_cooperative_inc_substation_41,155
sub_abucay_substation_42,156
sub_pnp_43,157
sub_lonoy_substation_44,158
sub_osm_46,159
sub_ngcp_substation_49,160
sub_maharlika_substation_50,161
sub_maca_as_substation_53,162
sub_osm_60,163
sub_osm_61,164
sub_carcar_substation_65,165
sub_siquijor_island_power_corporation_substation_76,166
sub_osm_77,167
sub_panaogao_substation_78,168
sub_bacayan_substation_79,169
sub_power_house_84,170
sub_osm_87,171
sub_cebu_cable_terminal_88,172
sub_bagacay_substation_90,173
sub_dauin_substation_94,174
sub_siaton_substation_103,175
sub_ormoc_solar_farm_106,176
sub_pulantubig_substation_107,177
sub_tanjay_substation_108,178
sub_bindoy_substation_109,179
sub_osm_110,180
sub_mayorga_substation_111,181
sub_albuera_electrode_station_114,182
sub_sagkahan_substation_115,183
sub_pajo_load_end_substation_118,184
sub_osm_120,185
sub_synth_aklan,186
sub_synth_antique,187
sub_synth_antique_F0_B0,188
sub_synth_antique_F0_B1,189
sub_synth_antique_F0_B2,190
sub_synth_antique_F0_B3,191
sub_synth_antique_F0_B4,192
sub_synth_antique_F0_B5,193
sub_synth_antique_F1_B0,194
sub_synth_antique_F1_B1,195
sub_synth_antique_F1_B2,196
sub_synth_antique_F1_B3,197
sub_synth_antique_F1_B4,198
sub_synth_antique_F1_B5,199
sub_synth_antique_F2_B0,200
sub_synth_antique_F2_B1,201
sub_synth_antique_F2_B2,202
sub_synth_antique_F2_B3,203
sub_synth_antique_F2_B4,204
sub_synth_antique_F2_B5,205
sub_synth_antique_F3_B0,206
sub_synth_antique_F3_B1,207
sub_synth_antique_F3_B2,208
sub_synth_antique_F3_B3,209
sub_synth_antique_F3_B4,210
sub_synth_antique_F3_B5,211
sub_osm_61_F0_B0,212
sub_osm_61_F0_B1,213
sub_osm_61_F0_B2,214
sub_osm_61_F0_B3,215
sub_osm_61_F0_B4,216
sub_osm_61_F0_B5,217
sub_osm_61_F1_B0,218
sub_osm_61_F1_B1,219
sub_osm_61_F1_B2,220
sub_osm_61_F1_B3,221
sub_osm_61_F1_B4,222
sub_osm_61_F1_B5,223
sub_osm_61_F3_B0,224
sub_osm_61_F3_B1,225
sub_osm_61_F3_B2,226
sub_osm_61_F3_B3,227
sub_osm_61_F3_B4,228
sub_osm_61_F3_B5,229
sub_osm_37_F0_B0,230
sub_osm_37_F0_B1,231
sub_osm_37_F0_B2,232
sub_osm_37_F0_B3,233
sub_osm_37_F0_B4,234
sub_osm_37_F0_B5,235
sub_osm_37_F1_B0,236
sub_osm_37_F1_B1,237
sub_osm_37_F1_B2,238
sub_osm_37_F1_B3,239
sub_osm_37_F1_B4,240
sub_osm_37_F1_B5,241
sub_osm_37_F2_B0,242
sub_osm_37_F2_B1,243
sub_osm_37_F2_B2,244
sub_osm_37_F2_B3,245
sub_osm_37_F2_B4,246
sub_osm_37_F2_B5,247
sub_osm_37_F3_B0,248
sub_osm_37_F3_B1,249
sub_osm_37_F3_B2,250
sub_osm_37_F3_B3,251
sub_osm_37_F3_B4,252
sub_osm_37_F3_B5,253
sub_osm_60_F0_B0,254
sub_osm_60_F0_B1,255
sub_osm_60_F0_B2,256
sub_osm_60_F0_B3,257
sub_osm_60_F0_B4,258
sub_osm_60_F0_B5,259
sub_osm_60_F1_B0,260
sub_osm_60_F1_B1,261
sub_osm_60_F1_B2,262
sub_osm_60_F1_B3,263
sub_osm_60_F1_B4,264
sub_osm_60_F1_B5,265
sub_osm_60_F2_B0,266
sub_osm_60_F2_B1,267
sub_osm_60_F2_B2,268
sub_osm_60_F2_B3,269
sub_osm_60_F2_B4,270
sub_osm_60_F2_B5,271
sub_osm_60_F3_B0,272
sub_osm_60_F3_B1,273
sub_osm_60_F3_B2,274
sub_osm_60_F3_B3,275
sub_osm_60_F3_B4,276
sub_osm_60_F3_B5,277
sub_allen_substation_85_F0_B0,278
sub_allen_substation_85_F0_B1,279
sub_allen_substation_85_F0_B2,280
sub_allen_substation_85_F0_B3,281
sub_allen_substation_85_F0_B4,282
sub_allen_substation_85_F0_B5,283
sub_allen_substation_85_F1_B0,284
sub_allen_substation_85_F1_B1,285
sub_allen_substation_85_F1_B2,286
sub_allen_substation_85_F1_B3,287
sub_allen_substation_85_F1_B4,288
sub_allen_substation_85_F1_B5,289
sub_allen_substation_85_F2_B0,290
sub_allen_substation_85_F2_B1,291
sub_allen_substation_85_F2_B2,292
sub_allen_substation_85_F2_B3,293
sub_allen_substation_85_F2_B4,294
sub_allen_substation_85_F2_B5,295
sub_allen_substation_85_F3_B0,296
sub_allen_substation_85_F3_B1,297
sub_allen_substation_85_F3_B2,298
sub_allen_substation_85_F3_B3,299
sub_allen_substation_85_F3_B4,300
sub_allen_substation_85_F3_B5,301
sub_cabacungan_cable_terminal_36_F0_B0,302
sub_cabacungan_cable_terminal_36_F0_B1,303
sub_cabacungan_cable_terminal_36_F0_B2,304
sub_cabacungan_cable_terminal_36_F0_B3,305
sub_cabacungan_cable_terminal_36_F0_B4,306
sub_cabacungan_cable_terminal_36_F0_B5,307
sub_cabacungan_cable_terminal_36_F2_B0,308
sub_cabacungan_cable_terminal_36_F2_B1,309
sub_cabacungan_cable_terminal_36_F2_B2,310
sub_cabacungan_cable_terminal_36_F2_B3,311
sub_cabacungan_cable_terminal_36_F2_B4,312
sub_cabacungan_cable_terminal_36_F2_B5,313
sub_cabacungan_cable_terminal_36_F3_B0,314
sub_cabacungan_cable_terminal_36_F3_B1,315
sub_cabacungan_cable_terminal_36_F3_B2,316
sub_cabacungan_cable_terminal_36_F3_B3,317
sub_cabacungan_cable_terminal_36_F3_B4,318
sub_cabacungan_cable_terminal_36_F3_B5,319
sub_osm_35_F0_B0,320
sub_osm_35_F0_B1,321
sub_osm_35_F0_B2,322
sub_osm_35_F0_B3,323
sub_osm_35_F0_B4,324
sub_osm_35_F0_B5,325
sub_osm_35_F1_B0,326
sub_osm_35_F1_B1,327
sub_osm_35_F1_B2,328
sub_osm_35_F1_B3,329
sub_osm_35_F1_B4,330
sub_osm_35_F1_B5,331
sub_osm_35_F2_B0,332
sub_osm_35_F2_B1,333
sub_osm_35_F2_B2,334
sub_osm_35_F2_B3,335
sub_osm_35_F2_B4,336
sub_osm_35_F2_B5,337
sub_osm_35_F3_B0,338
sub_osm_35_F3_B1,339
sub_osm_35_F3_B2,340
sub_osm_35_F3_B3,341
sub_osm_35_F3_B4,342
sub_osm_35_F3_B5,343
sub_national_grid_corporation_of_the_philippines_34_F0_B0,344
sub_national_grid_corporation_of_the_philippines_34_F0_B1,345
sub_national_grid_corporation_of_the_philippines_34_F0_B2,346
sub_national_grid_corporation_of_the_philippines_34_F0_B3,347
sub_national_grid_corporation_of_the_philippines_34_F0_B4,348
sub_national_grid_corporation_of_the_philippines_34_F0_B5,349
sub_national_grid_corporation_of_the_philippines_34_F1_B0,350
sub_national_grid_corporation_of_the_philippines_34_F1_B1,351
sub_national_grid_corporation_of_the_philippines_34_F1_B2,352
sub_national_grid_corporation_of_the_philippines_34_F1_B3,353
sub_national_grid_corporation_of_the_philippines_34_F1_B4,354
sub_national_grid_corporation_of_the_philippines_34_F1_B5,355
sub_national_grid_corporation_of_the_philippines_34_F3_B0,356
sub_national_grid_corporation_of_the_philippines_34_F3_B1,357
sub_national_grid_corporation_of_the_philippines_34_F3_B2,358
sub_national_grid_corporation_of_the_philippines_34_F3_B3,359
sub_national_grid_corporation_of_the_philippines_34_F3_B4,360
sub_national_grid_corporation_of_the_philippines_34_F3_B5,361
sub_paranas_substation_47_F0_B0,362
sub_paranas_substation_47_F0_B1,363
sub_paranas_substation_47_F0_B2,364
sub_paranas_substation_47_F0_B3,365
sub_paranas_substation_47_F0_B4,366
sub_paranas_substation_47_F0_B5,367
sub_paranas_substation_47_F1_B0,368
sub_paranas_substation_47_F1_B1,369
sub_paranas_substation_47_F1_B2,370
sub_paranas_substation_47_F1_B3,371
sub_paranas_substation_47_F1_B4,372
sub_paranas_substation_47_F1_B5,373
sub_paranas_substation_47_F2_B0,374
sub_paranas_substation_47_F2_B1,375
sub_paranas_substation_47_F2_B2,376
sub_paranas_substation_47_F2_B3,377
sub_paranas_substation_47_F2_B4,378
sub_paranas_substation_47_F2_B5,379
sub_paranas_substation_47_F3_B0,380
sub_paranas_substation_47_F3_B1,381
sub_paranas_substation_47_F3_B2,382
sub_paranas_substation_47_F3_B3,383
sub_paranas_substation_47_F3_B4,384
sub_paranas_substation_47_F3_B5,385
sub_bagolibas_substation_48_F0_B0,386
sub_bagolibas_substation_48_F0_B1,387
sub_bagolibas_substation_48_F0_B2,388
sub_bagolibas_substation_48_F0_B3,389
sub_bagolibas_substation_48_F0_B4,390
sub_bagolibas_substation_48_F0_B5,391
sub_bagolibas_substation_48_F1_B0,392
sub_bagolibas_substation_48_F1_B1,393
sub_bagolibas_substation_48_F2_B0,394
sub_bagolibas_substation_48_F2_B1,395
sub_bagolibas_substation_48_F2_B2,396
sub_bagolibas_substation_48_F2_B3,397
sub_bagolibas_substation_48_F2_B4,398
sub_bagolibas_substation_48_F2_B5,399
sub_bagolibas_substation_48_F3_B0,400
sub_bagolibas_substation_48_F3_B1,401
sub_bagolibas_substation_48_F3_B2,402
sub_bagolibas_substation_48_F3_B3,403
sub_bagolibas_substation_48_F3_B4,404
sub_bagolibas_substation_48_F3_B5,405
sub_catbalogan_sub_station_1_F0_B0,406
sub_catbalogan_sub_station_1_F0_B1,407
sub_catbalogan_sub_station_1_F0_B2,408
sub_catbalogan_sub_station_1_F0_B3,409
sub_catbalogan_sub_station_1_F0_B4,410
sub_catbalogan_sub_station_1_F0_B5,411
sub_catbalogan_sub_station_1_F1_B0,412
sub_catbalogan_sub_station_1_F1_B1,413
sub_catbalogan_sub_station_1_F1_B2,414
sub_catbalogan_sub_station_1_F1_B3,415
sub_catbalogan_sub_station_1_F1_B4,416
sub_catbalogan_sub_station_1_F1_B5,417
sub_catbalogan_sub_station_1_F2_B0,418
sub_catbalogan_sub_station_1_F2_B1,419
sub_catbalogan_sub_station_1_F2_B2,420
sub_catbalogan_sub_station_1_F2_B3,421
sub_catbalogan_sub_station_1_F2_B4,422
sub_catbalogan_sub_station_1_F2_B5,423
sub_catbalogan_sub_station_1_F3_B0,424
sub_catbalogan_sub_station_1_F3_B1,425
sub_catbalogan_sub_station_1_F3_B2,426
sub_catbalogan_sub_station_1_F3_B3,427
sub_catbalogan_sub_station_1_F3_B4,428
sub_catbalogan_sub_station_1_F3_B5,429
sub_osm_30_F0_B0,430
sub_osm_30_F0_B1,431
sub_osm_30_F0_B2,432
sub_osm_30_F0_B3,433
sub_osm_30_F0_B4,434
sub_osm_30_F0_B5,435
sub_osm_30_F1_B0,436
sub_osm_30_F1_B1,437
sub_osm_30_F1_B2,438
sub_osm_30_F1_B3,439
sub_osm_30_F1_B4,440
sub_osm_30_F1_B5,441
sub_osm_30_F2_B0,442
sub_osm_30_F2_B1,443
sub_osm_30_F2_B2,444
sub_osm_30_F2_B3,445
sub_osm_30_F2_B4,446
sub_osm_30_F2_B5,447
sub_osm_30_F3_B0,448
sub_osm_30_F3_B1,449
sub_osm_30_F3_B2,450
sub_osm_30_F3_B3,451
sub_osm_30_F3_B4,452
sub_osm_30_F3_B5,453
sub_capoocan_substation_31_F0_B0,454
sub_capoocan_substation_31_F0_B1,455
sub_capoocan_substation_31_F0_B2,456
sub_capoocan_substation_31_F0_B3,457
sub_capoocan_substation_31_F0_B4,458
sub_capoocan_substation_31_F0_B5,459
sub_capoocan_substation_31_F1_B0,460
sub_capoocan_substation_31_F1_B1,461
sub_capoocan_substation_31_F1_B2,462
sub_capoocan_substation_31_F1_B3,463
sub_capoocan_substation_31_F1_B4,464
sub_capoocan_substation_31_F1_B5,465
sub_capoocan_substation_31_F3_B0,466
sub_capoocan_substation_31_F3_B1,467
sub_capoocan_substation_31_F3_B2,468
sub_capoocan_substation_31_F3_B3,469
sub_capoocan_substation_31_F3_B4,470
sub_capoocan_substation_31_F3_B5,471
sub_lonoy_substation_44_F0_B0,472
sub_lonoy_substation_44_F0_B1,473
sub_lonoy_substation_44_F0_B2,474
sub_lonoy_substation_44_F0_B3,475
sub_lonoy_substation_44_F0_B4,476
sub_lonoy_substation_44_F0_B5,477
sub_lonoy_substation_44_F1_B0,478
sub_lonoy_substation_44_F1_B1,479
sub_lonoy_substation_44_F1_B2,480
sub_lonoy_substation_44_F1_B3,481
sub_lonoy_substation_44_F1_B4,482
sub_lonoy_substation_44_F1_B5,483
sub_lonoy_substation_44_F2_B0,484
sub_lonoy_substation_44_F2_B1,485
sub_lonoy_substation_44_F2_B2,486
sub_lonoy_substation_44_F3_B0,487
sub_lonoy_substation_44_F3_B1,488
sub_lonoy_substation_44_F3_B2,489
sub_lonoy_substation_44_F3_B3,490
sub_lonoy_substation_44_F3_B4,491
sub_lonoy_substation_44_F3_B5,492
sub_siquijor_island_power_corporation_substation_76_F0_B0,493
sub_siquijor_island_power_corporation_substation_76_F0_B1,494
sub_siquijor_island_power_corporation_substation_76_F0_B2,495
sub_siquijor_island_power_corporation_substation_76_F0_B3,496
sub_siquijor_island_power_corporation_substation_76_F0_B4,497
sub_siquijor_island_power_corporation_substation_76_F0_B5,498
sub_siquijor_island_power_corporation_substation_76_F1_B0,499
sub_siquijor_island_power_corporation_substation_76_F1_B1,500
sub_siquijor_island_power_corporation_substation_76_F1_B2,501
sub_siquijor_island_power_corporation_substation_76_F1_B3,502
sub_siquijor_island_power_corporation_substation_76_F1_B4,503
sub_siquijor_island_power_corporation_substation_76_F1_B5,504
sub_siquijor_island_power_corporation_substation_76_F2_B0,505
sub_siquijor_island_power_corporation_substation_76_F2_B1,506
sub_siquijor_island_power_corporation_substation_76_F2_B2,507
sub_siquijor_island_power_corporation_substation_76_F2_B3,508
sub_siquijor_island_power_corporation_substation_76_F2_B4,509
sub_siquijor_island_power_corporation_substation_76_F2_B5,510
sub_siquijor_island_power_corporation_substation_76_F3_B0,511
sub_siquijor_island_power_corporation_substation_76_F3_B1,512
sub_siquijor_island_power_corporation_substation_76_F3_B2,513
sub_siquijor_island_power_corporation_substation_76_F3_B3,514
sub_maasin_substation_19_F0_B0,515
sub_maasin_substation_19_F0_B1,516
sub_maasin_substation_19_F0_B2,517
sub_maasin_substation_19_F0_B3,518
sub_maasin_substation_19_F0_B4,519
sub_maasin_substation_19_F0_B5,520
sub_maasin_substation_19_F1_B0,521
sub_maasin_substation_19_F1_B1,522
sub_maasin_substation_19_F1_B2,523
sub_maasin_substation_19_F1_B3,524
sub_maasin_substation_19_F2_B0,525
sub_maasin_substation_19_F2_B1,526
sub_maasin_substation_19_F3_B0,527
sub_maasin_substation_19_F3_B1,528
sub_maasin_substation_19_F3_B2,529
sub_maasin_substation_19_F3_B3,530
sub_maasin_substation_19_F3_B4,531
sub_maasin_substation_19_F3_B5,532
sub_maasin_terminal_submerged_lines_59_F0_B0,533
sub_maasin_terminal_submerged_lines_59_F0_B1,534
sub_maasin_terminal_submerged_lines_59_F0_B2,535
sub_maasin_terminal_submerged_lines_59_F0_B3,536
sub_maasin_terminal_submerged_lines_59_F0_B4,537
sub_maasin_terminal_submerged_lines_59_F0_B5,538
sub_maasin_terminal_submerged_lines_59_F1_B0,539
sub_maasin_terminal_submerged_lines_59_F3_B0,540
sub_maasin_terminal_submerged_lines_59_F3_B1,541
sub_maasin_terminal_submerged_lines_59_F3_B2,542
sub_maasin_terminal_submerged_lines_59_F3_B3,543
sub_maasin_terminal_submerged_lines_59_F3_B4,544
sub_maasin_terminal_submerged_lines_59_F3_B5,545
sub_osm_3_F1_B0,546
sub_osm_3_F1_B1,547
sub_osm_3_F1_B2,548
sub_osm_3_F1_B3,549
sub_osm_3_F1_B4,550
sub_osm_3_F1_B5,551
sub_osm_3_F2_B0,552
sub_osm_3_F2_B1,553
sub_osm_3_F2_B2,554
sub_osm_3_F2_B3,555
sub_osm_3_F2_B4,556
sub_osm_3_F2_B5,557
sub_osm_3_F3_B0,558
sub_osm_3_F3_B1,559
sub_osm_3_F3_B2,560
sub_osm_3_F3_B3,561
sub_osm_3_F3_B4,562
sub_osm_3_F3_B5,563
v1_07corella,564
v1_07tapal,565
v1_05cebu,566
v1_05daanbntay,567
v1_05naga,568
v1_05therma,569
v1_08bvista,570
v1_04babatngn,571
v1_04kananga,572
v1_04tongona,573
v1_06bacolod,574
v1_06gahit,575
v1_06kabankalan,576
v1_06mabinay,577
v1_06pgpp1,578
v1_06pgpp2,579
v1_08bantap,580
v1_08barotac,581
v1_08dingle,582
v1_08iloilo1,583
v1_08nabas,584
v1_08panitan,585
v1_08snjose,586
v1_08stbarbra,587
sub_osm_4_F0_B0,588
sub_osm_4_F0_B1,589
sub_osm_4_F0_B2,590
sub_osm_4_F0_B3,591
sub_osm_4_F0_B4,592
sub_osm_4_F0_B5,593
sub_osm_4_F1_B0,594
sub_osm_4_F1_B1,595
sub_osm_4_F1_B2,596
sub_osm_4_F1_B3,597
sub_osm_4_F1_B4,598
sub_osm_4_F1_B5,599
sub_osm_4_F2_B0,600
sub_osm_4_F2_B1,601
sub_osm_4_F2_B2,602
sub_osm_4_F2_B3,603
sub_osm_4_F2_B4,604
sub_osm_4_F2_B5,605
sub_osm_4_F3_B0,606
sub_osm_4_F3_B1,607
sub_osm_4_F3_B2,608
sub_osm_4_F3_B3,609
sub_osm_4_F3_B4,610
sub_osm_4_F3_B5,611
v1_08bantap_F0_B0,612
v1_08bantap_F0_B1,613
v1_08bantap_F0_B2,614
v1_08bantap_F0_B3,615
v1_08bantap_F0_B4,616
v1_08bantap_F0_B5,617
v1_08bantap_F1_B0,618
v1_08bantap_F1_B1,619
v1_08bantap_F1_B2,620
v1_08bantap_F1_B3,621
v1_08bantap_F1_B4,622
v1_08bantap_F1_B5,623
v1_08bantap_F2_B0,624
v1_08bantap_F2_B1,625
v1_08bantap_F2_B2,626
v1_08bantap_F2_B3,627
v1_08bantap_F2_B4,628
v1_08bantap_F2_B5,629
v1_08bantap_F3_B0,630
v1_08bantap_F3_B1,631
v1_08barotac_F0_B0,632
v1_08barotac_F0_B1,633
v1_08barotac_F0_B2,634
v1_08barotac_F0_B3,635
v1_08barotac_F0_B4,636
v1_08barotac_F0_B5,637
v1_08barotac_F1_B0,638
v1_08barotac_F1_B1,639
v1_08barotac_F1_B2,640
v1_08barotac_F1_B3,641
v1_08barotac_F1_B4,642
v1_08barotac_F1_B5,643
v1_08barotac_F2_B0,644
v1_08barotac_F2_B1,645
v1_08barotac_F2_B2,646
v1_08barotac_F2_B3,647
v1_08barotac_F2_B4,648
v1_08barotac_F2_B5,649
v1_08dingle_F0_B0,650
v1_08dingle_F0_B1,651
v1_08dingle_F0_B2,652
v1_08dingle_F0_B3,653
v1_08dingle_F0_B4,654
v1_08dingle_F0_B5,655
v1_08dingle_F1_B0,656
v1_08dingle_F1_B1,657
v1_08dingle_F1_B2,658
v1_08dingle_F1_B3,659
v1_08dingle_F1_B4,660
v1_08dingle_F1_B5,661
v1_08dingle_F2_B0,662
v1_08dingle_F2_B1,663
v1_08dingle_F2_B2,664
v1_08dingle_F2_B3,665
v1_08dingle_F2_B4,666
v1_08dingle_F2_B5,667
v1_08dingle_F3_B0,668
v1_08dingle_F3_B1,669
v1_08dingle_F3_B2,670
v1_08dingle_F3_B3,671
v1_08dingle_F3_B4,672
v1_08dingle_F3_B5,673
v1_08iloilo1_F0_B0,674
v1_08iloilo1_F0_B1,675
v1_08iloilo1_F0_B2,676
v1_08iloilo1_F0_B3,677
v1_08iloilo1_F0_B4,678
v1_08iloilo1_F0_B5,679
v1_08iloilo1_F1_B0,680
v1_08iloilo1_F1_B1,681
v1_08iloilo1_F1_B2,682
v1_08iloilo1_F1_B3,683
v1_08iloilo1_F1_B4,684
v1_08iloilo1_F1_B5,685
v1_08iloilo1_F2_B0,686
v1_08iloilo1_F2_B1,687
v1_08iloilo1_F2_B2,688
v1_08iloilo1_F2_B3,689
v1_08snjose_F0_B0,690
v1_08snjose_F0_B1,691
v1_08snjose_F0_B2,692
v1_08snjose_F0_B3,693
v1_08snjose_F0_B4,694
v1_08snjose_F0_B5,695
v1_08snjose_F1_B0,696
v1_08snjose_F1_B1,697
v1_08snjose_F1_B2,698
v1_08snjose_F1_B3,699
v1_08snjose_F1_B4,700
v1_08snjose_F1_B5,701
v1_08snjose_F2_B0,702
v1_08snjose_F2_B1,703
v1_08snjose_F2_B2,704
v1_08snjose_F2_B3,705
v1_08snjose_F2_B4,706
v1_08snjose_F2_B5,707
v1_08snjose_F3_B0,708
v1_08snjose_F3_B1,709
v1_08snjose_F3_B2,710
v1_08snjose_F3_B3,711
v1_08snjose_F3_B4,712
v1_08snjose_F3_B5,713
v1_08stbarbra_F0_B0,714
v1_08stbarbra_F0_B1,715
v1_08stbarbra_F0_B2,716
v1_08stbarbra_F0_B3,717
v1_08stbarbra_F0_B4,718
v1_08stbarbra_F0_B5,719
v1_08stbarbra_F1_B0,720
v1_08stbarbra_F1_B1,721
v1_08stbarbra_F1_B2,722
v1_08stbarbra_F1_B3,723
v1_08stbarbra_F1_B4,724
v1_08stbarbra_F1_B5,725
v1_08stbarbra_F2_B0,726
v1_08stbarbra_F2_B1,727
v1_08stbarbra_F2_B2,728
v1_08stbarbra_F2_B3,729
v1_08stbarbra_F2_B4,730
v1_08stbarbra_F2_B5,731
v1_08stbarbra_F3_B0,732
v1_08stbarbra_F3_B1,733
v1_08stbarbra_F3_B2,734
v1_08stbarbra_F3_B3,735
v1_08stbarbra_F3_B4,736
v1_08stbarbra_F3_B5,737
v1_04allen,738
v1_04sanisidro,739
v1_04catarman,740
v1_04bobon,741
v1_04bobolosan,742
v1_04lopedevega,743
v1_04capoocan,744
v1_04sanagustins,745
v1_04catbalogan,746
v1_04paranas69,747
v1_04calbayog69,748
v1_04starita69,749
v1_04taft,750
v1_04borongan,751
v1_04quinapondan,752
v1_04babatngn69,753
v1_04palo,754
v1_04tolosa,755
v1_04tunga,756
v1_04talisayan,757
v1_04sanagustinl,758
v1_04baybay,759
v1_04javier,760
v1_04hilongos,761
v1_04isabel69,762
v1_04tabango69,763
v1_04sambulawan,764
v1_04bontoc,765
v1_04himayangan,766
v1_04stbernard,767
v1_04maasin69,768
v1_04biliran,769
v1_04naval,770
sub_synth_aklan_F0_B0,771
sub_synth_aklan_F0_B1,772
sub_synth_aklan_F0_B2,773
sub_synth_aklan_F0_B3,774
sub_synth_aklan_F0_B4,775
sub_synth_aklan_F0_B5,776
sub_synth_aklan_F1_B0,777
sub_synth_aklan_F1_B1,778
sub_synth_aklan_F1_B2,779
sub_synth_aklan_F1_B3,780
sub_synth_aklan_F1_B4,781
sub_synth_aklan_F1_B5,782
sub_synth_aklan_F2_B0,783
sub_synth_aklan_F2_B1,784
sub_synth_aklan_F2_B2,785
sub_synth_aklan_F2_B3,786
sub_synth_aklan_F2_B4,787
sub_synth_aklan_F2_B5,788
sub_synth_aklan_F3_B0,789
sub_synth_aklan_F3_B1,790
sub_synth_aklan_F3_B2,791
sub_synth_aklan_F3_B3,792
sub_synth_aklan_F3_B4,793
sub_synth_aklan_F3_B5,794
v1_08nabas_F0_B0,795
v1_08nabas_F0_B1,796
v1_08nabas_F1_B0,797
v1_08nabas_F1_B1,798
v1_08nabas_F1_B2,799
v1_08nabas_F1_B3,800
v1_08nabas_F1_B4,801
v1_08nabas_F1_B5,802
v1_08nabas_F2_B0,803
v1_08nabas_F2_B1,804
v1_08nabas_F2_B2,805
v1_08nabas_F2_B3,806
v1_08nabas_F2_B4,807
v1_08nabas_F2_B5,808
v1_08nabas_F3_B0,809
v1_08nabas_F3_B1,810
v1_08nabas_F3_B2,811
v1_08nabas_F3_B3,812
v1_08nabas_F3_B4,813
v1_08nabas_F3_B5,814
sub_ubay_substation_54_F0_B0,815
sub_ubay_substation_54_F0_B1,816
sub_ubay_substation_54_F0_B2,817
sub_ubay_substation_54_F0_B3,818
sub_ubay_substation_54_F0_B4,819
sub_ubay_substation_54_F0_B5,820
sub_ubay_substation_54_F1_B0,821
sub_ubay_substation_54_F1_B1,822
sub_ubay_substation_54_F1_B2,823
sub_ubay_substation_54_F1_B3,824
sub_ubay_substation_54_F1_B4,825
sub_ubay_substation_54_F1_B5,826
sub_ubay_substation_54_F2_B0,827
sub_ubay_substation_54_F2_B1,828
sub_ubay_substation_54_F2_B2,829
sub_ubay_substation_54_F2_B3,830
sub_ubay_substation_54_F2_B4,831
sub_ubay_substation_54_F2_B5,832
sub_ubay_substation_54_F3_B0,833
sub_ubay_substation_54_F3_B1,834
sub_ubay_substation_54_F3_B2,835
sub_ubay_substation_54_F3_B3,836
sub_ubay_substation_54_F3_B4,837
sub_ubay_substation_54_F3_B5,838
sub_tugas_terminal_submerged_ngcp_lines_58_F0_B0,839
sub_tugas_terminal_submerged_ngcp_lines_58_F1_B0,840
sub_tugas_terminal_submerged_ngcp_lines_58_F1_B1,841
sub_tugas_terminal_submerged_ngcp_lines_58_F1_B2,842
sub_tugas_terminal_submerged_ngcp_lines_58_F1_B3,843
sub_tugas_terminal_submerged_ngcp_lines_58_F1_B4,844
sub_tugas_terminal_submerged_ngcp_lines_58_F1_B5,845
sub_tugas_terminal_submerged_ngcp_lines_58_F2_B0,846
sub_tugas_terminal_submerged_ngcp_lines_58_F2_B1,847
sub_tugas_terminal_submerged_ngcp_lines_58_F2_B2,848
sub_tugas_terminal_submerged_ngcp_lines_58_F2_B3,849
sub_tugas_terminal_submerged_ngcp_lines_58_F2_B4,850
sub_tugas_terminal_submerged_ngcp_lines_58_F2_B5,851
sub_corella_substation_boheco_i_18_F0_B0,852
sub_corella_substation_boheco_i_18_F0_B1,853
sub_corella_substation_boheco_i_18_F0_B2,854
sub_corella_substation_boheco_i_18_F0_B3,855
sub_corella_substation_boheco_i_18_F0_B4,856
sub_corella_substation_boheco_i_18_F0_B5,857
sub_corella_substation_boheco_i_18_F1_B0,858
sub_corella_substation_boheco_i_18_F1_B1,859
sub_corella_substation_boheco_i_18_F1_B2,860
sub_corella_substation_boheco_i_18_F1_B3,861
sub_corella_substation_boheco_i_18_F1_B4,862
sub_corella_substation_boheco_i_18_F1_B5,863
sub_corella_substation_boheco_i_18_F2_B0,864
sub_corella_substation_boheco_i_18_F2_B1,865
sub_corella_substation_boheco_i_18_F2_B2,866
sub_corella_substation_boheco_i_18_F2_B3,867
sub_corella_substation_boheco_i_18_F2_B4,868
sub_corella_substation_boheco_i_18_F2_B5,869
sub_corella_substation_boheco_i_18_F3_B0,870
sub_corella_substation_boheco_i_18_F3_B1,871
sub_corella_substation_boheco_i_18_F3_B2,872
sub_corella_substation_boheco_i_18_F3_B3,873
sub_corella_substation_boheco_i_18_F3_B4,874
sub_corella_substation_boheco_i_18_F3_B5,875
sub_trinidad_substation_73_F0_B0,876
sub_trinidad_substation_73_F0_B1,877
sub_trinidad_substation_73_F0_B2,878
sub_trinidad_substation_73_F0_B3,879
sub_trinidad_substation_73_F0_B4,880
sub_trinidad_substation_73_F0_B5,881
sub_trinidad_substation_73_F1_B0,882
sub_trinidad_substation_73_F1_B1,883
sub_trinidad_substation_73_F1_B2,884
sub_trinidad_substation_73_F1_B3,885
sub_trinidad_substation_73_F1_B4,886
sub_trinidad_substation_73_F1_B5,887
sub_trinidad_substation_73_F2_B0,888
sub_trinidad_substation_73_F2_B1,889
sub_trinidad_substation_73_F2_B2,890
sub_trinidad_substation_73_F2_B3,891
sub_trinidad_substation_73_F2_B4,892
sub_trinidad_substation_73_F2_B5,893
sub_trinidad_substation_73_F3_B0,894
sub_trinidad_substation_73_F3_B1,895
sub_trinidad_substation_73_F3_B2,896
sub_trinidad_substation_73_F3_B3,897
sub_trinidad_substation_73_F3_B4,898
sub_trinidad_substation_73_F3_B5,899
sub_alicia_substation_71_F0_B0,900
sub_alicia_substation_71_F0_B1,901
sub_alicia_substation_71_F0_B2,902
sub_alicia_substation_71_F0_B3,903
sub_alicia_substation_71_F0_B4,904
sub_alicia_substation_71_F0_B5,905
sub_alicia_substation_71_F1_B0,906
sub_alicia_substation_71_F1_B1,907
sub_alicia_substation_71_F1_B2,908
sub_alicia_substation_71_F1_B3,909
sub_alicia_substation_71_F1_B4,910
sub_alicia_substation_71_F1_B5,911
sub_alicia_substation_71_F2_B0,912
sub_alicia_substation_71_F2_B1,913
sub_alicia_substation_71_F2_B2,914
sub_alicia_substation_71_F2_B3,915
sub_alicia_substation_71_F2_B4,916
sub_alicia_substation_71_F2_B5,917
sub_alicia_substation_71_F3_B0,918
sub_alicia_substation_71_F3_B1,919
sub_alicia_substation_71_F3_B2,920
sub_alicia_substation_71_F3_B3,921
sub_alicia_substation_71_F3_B4,922
sub_alicia_substation_71_F3_B5,923
sub_bohol_cable_terminal_89_F0_B0,924
sub_bohol_cable_terminal_89_F0_B1,925
sub_bohol_cable_terminal_89_F0_B2,926
sub_bohol_cable_terminal_89_F0_B3,927
sub_bohol_cable_terminal_89_F0_B4,928
sub_bohol_cable_terminal_89_F0_B5,929
sub_bohol_cable_terminal_89_F1_B0,930
sub_bohol_cable_terminal_89_F1_B1,931
sub_bohol_cable_terminal_89_F1_B2,932
sub_bohol_cable_terminal_89_F1_B3,933
sub_bohol_cable_terminal_89_F1_B4,934
sub_bohol_cable_terminal_89_F1_B5,935
sub_bohol_cable_terminal_89_F3_B0,936
sub_bohol_light_company_inc_substation_1_17_F0_B0,937
sub_bohol_light_company_inc_substation_1_17_F0_B1,938
sub_bohol_light_company_inc_substation_1_17_F0_B2,939
sub_bohol_light_company_inc_substation_1_17_F0_B3,940
sub_bohol_light_company_inc_substation_1_17_F0_B4,941
sub_bohol_light_company_inc_substation_1_17_F0_B5,942
sub_bohol_light_company_inc_substation_1_17_F1_B0,943
sub_bohol_light_company_inc_substation_1_17_F1_B1,944
sub_bohol_light_company_inc_substation_1_17_F1_B2,945
sub_bohol_light_company_inc_substation_1_17_F1_B3,946
sub_bohol_light_company_inc_substation_1_17_F1_B4,947
sub_bohol_light_company_inc_substation_1_17_F1_B5,948
sub_bohol_light_company_inc_substation_1_17_F2_B0,949
sub_bohol_light_company_inc_substation_1_17_F2_B1,950
sub_bohol_light_company_inc_substation_1_17_F2_B2,951
sub_bohol_light_company_inc_substation_1_17_F2_B3,952
sub_bohol_light_company_inc_substation_1_17_F2_B4,953
sub_bohol_light_company_inc_substation_1_17_F2_B5,954
sub_bohol_light_company_inc_substation_1_17_F3_B0,955
sub_bohol_light_company_inc_substation_1_17_F3_B1,956
sub_bohol_light_company_inc_substation_1_17_F3_B2,957
sub_bohol_light_company_inc_substation_1_17_F3_B3,958
sub_bohol_light_company_inc_substation_1_17_F3_B4,959
sub_bohol_light_company_inc_substation_1_17_F3_B5,960
sub_maca_as_substation_53_F0_B0,961
sub_maca_as_substation_53_F0_B1,962
sub_maca_as_substation_53_F0_B2,963
sub_maca_as_substation_53_F0_B3,964
sub_maca_as_substation_53_F0_B4,965
sub_maca_as_substation_53_F0_B5,966
sub_maca_as_substation_53_F1_B0,967
sub_maca_as_substation_53_F1_B1,968
sub_maca_as_substation_53_F2_B0,969
sub_maca_as_substation_53_F2_B1,970
sub_maca_as_substation_53_F2_B2,971
sub_maca_as_substation_53_F2_B3,972
sub_maca_as_substation_53_F2_B4,973
sub_maca_as_substation_53_F2_B5,974
sub_maca_as_substation_53_F3_B0,975
sub_maca_as_substation_53_F3_B1,976
sub_maca_as_substation_53_F3_B2,977
sub_maca_as_substation_53_F3_B3,978
sub_maca_as_substation_53_F3_B4,979
sub_maca_as_substation_53_F3_B5,980
sub_power_house_84_F0_B0,981
sub_power_house_84_F0_B1,982
sub_power_house_84_F0_B2,983
sub_power_house_84_F0_B3,984
sub_power_house_84_F0_B4,985
sub_power_house_84_F0_B5,986
sub_power_house_84_F1_B0,987
sub_power_house_84_F1_B1,988
sub_power_house_84_F1_B2,989
sub_power_house_84_F1_B3,990
sub_power_house_84_F1_B4,991
sub_power_house_84_F1_B5,992
sub_power_house_84_F2_B0,993
sub_power_house_84_F2_B1,994
sub_power_house_84_F2_B2,995
sub_power_house_84_F2_B3,996
sub_power_house_84_F2_B4,997
sub_power_house_84_F2_B5,998
sub_power_house_84_F3_B0,999
sub_power_house_84_F3_B1,1000
sub_power_house_84_F3_B2,1001
v1_07corella_F0_B0,1002
v1_07corella_F0_B1,1003
v1_07corella_F0_B2,1004
v1_07corella_F0_B3,1005
v1_07corella_F0_B4,1006
v1_07corella_F0_B5,1007
v1_07corella_F1_B0,1008
v1_07corella_F1_B1,1009
v1_07corella_F1_B2,1010
v1_07corella_F1_B3,1011
v1_07corella_F1_B4,1012
v1_07corella_F1_B5,1013
v1_07corella_F2_B0,1014
v1_07corella_F2_B1,1015
v1_07corella_F2_B2,1016
v1_07corella_F2_B3,1017
v1_07corella_F2_B4,1018
v1_07corella_F2_B5,1019
v1_07corella_F3_B0,1020
v1_07corella_F3_B1,1021
v1_07corella_F3_B2,1022
v1_07corella_F3_B3,1023
v1_07corella_F3_B4,1024
v1_07corella_F3_B5,1025
v1_07tapal_F0_B0,1026
v1_07tapal_F0_B1,1027
v1_07tapal_F0_B2,1028
v1_07tapal_F0_B3,1029
v1_07tapal_F0_B4,1030
v1_07tapal_F0_B5,1031
v1_07tapal_F1_B0,1032
v1_07tapal_F1_B1,1033
v1_07tapal_F1_B2,1034
v1_07tapal_F1_B3,1035
v1_07tapal_F1_B4,1036
v1_07tapal_F1_B5,1037
v1_07tapal_F2_B0,1038
v1_07tapal_F2_B1,1039
v1_07tapal_F2_B2,1040
v1_07tapal_F2_B3,1041
v1_07tapal_F2_B4,1042
v1_07tapal_F2_B5,1043
v1_07tapal_F3_B0,1044
v1_07tapal_F3_B1,1045
v1_07tapal_F3_B2,1046
v1_07tapal_F3_B3,1047
v1_07tapal_F3_B4,1048
v1_07tapal_F3_B5,1049
v1_08panitan_F0_B0,1050
v1_08panitan_F0_B1,1051
v1_08panitan_F0_B2,1052
v1_08panitan_F0_B3,1053
v1_08panitan_F0_B4,1054
v1_08panitan_F0_B5,1055
v1_08panitan_F1_B0,1056
v1_08panitan_F1_B1,1057
v1_08panitan_F1_B2,1058
v1_08panitan_F1_B3,1059
v1_08panitan_F1_B4,1060
v1_08panitan_F1_B5,1061
v1_08panitan_F2_B0,1062
v1_08panitan_F2_B1,1063
v1_08panitan_F2_B2,1064
v1_08panitan_F2_B3,1065
v1_08panitan_F2_B4,1066
v1_08panitan_F2_B5,1067
v1_08panitan_F3_B0,1068
v1_08panitan_F3_B1,1069
v1_08panitan_F3_B2,1070
v1_08panitan_F3_B3,1071
v1_08panitan_F3_B4,1072
v1_08panitan_F3_B5,1073
sub_cebu_city_substation_14_F0_B0,1074
sub_cebu_city_substation_14_F0_B1,1075
sub_cebu_city_substation_14_F0_B2,1076
sub_cebu_city_substation_14_F0_B3,1077
sub_cebu_city_substation_14_F0_B4,1078
sub_cebu_city_substation_14_F0_B5,1079
sub_cebu_city_substation_14_F1_B0,1080
sub_cebu_city_substation_14_F1_B1,1081
sub_cebu_city_substation_14_F1_B2,1082
sub_cebu_city_substation_14_F1_B3,1083
sub_cebu_city_substation_14_F1_B4,1084
sub_cebu_city_substation_14_F1_B5,1085
sub_cebu_city_substation_14_F2_B0,1086
sub_cebu_city_substation_14_F2_B1,1087
sub_cebu_city_substation_14_F2_B2,1088
sub_cebu_city_substation_14_F2_B3,1089
sub_cebu_city_substation_14_F2_B4,1090
sub_cebu_city_substation_14_F2_B5,1091
sub_cebu_city_substation_14_F3_B0,1092
sub_cebu_city_substation_14_F3_B1,1093
sub_cebu_city_substation_14_F3_B2,1094
sub_cebu_city_substation_14_F3_B3,1095
sub_cebu_city_substation_14_F3_B4,1096
sub_cebu_city_substation_14_F3_B5,1097
sub_compostela_substation_15_F0_B0,1098
sub_compostela_substation_15_F0_B1,1099
sub_compostela_substation_15_F0_B2,1100
sub_compostela_substation_15_F0_B3,1101
sub_compostela_substation_15_F0_B4,1102
sub_compostela_substation_15_F0_B5,1103
sub_compostela_substation_15_F1_B0,1104
sub_compostela_substation_15_F1_B1,1105
sub_compostela_substation_15_F1_B2,1106
sub_compostela_substation_15_F1_B3,1107
sub_compostela_substation_15_F1_B4,1108
sub_compostela_substation_15_F1_B5,1109
sub_compostela_substation_15_F2_B0,1110
sub_compostela_substation_15_F2_B1,1111
sub_compostela_substation_15_F2_B2,1112
sub_compostela_substation_15_F2_B3,1113
sub_compostela_substation_15_F2_B4,1114
sub_compostela_substation_15_F2_B5,1115
sub_compostela_substation_15_F3_B0,1116
sub_naga_substation_16_F0_B0,1117
sub_naga_substation_16_F0_B1,1118
sub_naga_substation_16_F0_B2,1119
sub_naga_substation_16_F0_B3,1120
sub_naga_substation_16_F0_B4,1121
sub_naga_substation_16_F0_B5,1122
sub_naga_substation_16_F1_B0,1123
sub_naga_substation_16_F1_B1,1124
sub_naga_substation_16_F1_B2,1125
sub_naga_substation_16_F1_B3,1126
sub_naga_substation_16_F1_B4,1127
sub_naga_substation_16_F1_B5,1128
sub_naga_substation_16_F2_B0,1129
sub_naga_substation_16_F2_B1,1130
sub_naga_substation_16_F2_B2,1131
sub_naga_substation_16_F2_B3,1132
sub_naga_substation_16_F2_B4,1133
sub_naga_substation_16_F2_B5,1134
sub_naga_substation_16_F3_B0,1135
sub_naga_substation_16_F3_B1,1136
sub_naga_substation_16_F3_B2,1137
sub_naga_substation_16_F3_B3,1138
sub_naga_substation_16_F3_B4,1139
sub_naga_substation_16_F3_B5,1140
sub_daanbantayan_cable_terminal_27_F1_B0,1141
sub_daanbantayan_cable_terminal_27_F1_B1,1142
sub_daanbantayan_cable_terminal_27_F1_B2,1143
sub_daanbantayan_cable_terminal_27_F1_B3,1144
sub_daanbantayan_cable_terminal_27_F1_B4,1145
sub_daanbantayan_cable_terminal_27_F2_B0,1146
sub_daanbantayan_cable_terminal_27_F2_B1,1147
sub_daanbantayan_cable_terminal_27_F2_B2,1148
sub_daanbantayan_cable_terminal_27_F2_B3,1149
sub_daanbantayan_cable_terminal_27_F2_B4,1150
sub_daanbantayan_cable_terminal_27_F2_B5,1151
sub_suba_cable_terminal_29_F0_B0,1152
sub_suba_cable_terminal_29_F0_B1,1153
sub_suba_cable_terminal_29_F0_B2,1154
sub_suba_cable_terminal_29_F0_B3,1155
sub_suba_cable_terminal_29_F0_B4,1156
sub_suba_cable_terminal_29_F0_B5,1157
sub_suba_cable_terminal_29_F3_B0,1158
sub_suba_cable_terminal_29_F3_B1,1159
sub_suba_cable_terminal_29_F3_B2,1160
sub_suba_cable_terminal_29_F3_B3,1161
sub_suba_cable_terminal_29_F3_B4,1162
sub_suba_cable_terminal_29_F3_B5,1163
sub_osm_83_F0_B0,1164
sub_osm_83_F0_B1,1165
sub_osm_83_F0_B2,1166
sub_osm_83_F0_B3,1167
sub_osm_83_F0_B4,1168
sub_osm_83_F0_B5,1169
sub_osm_83_F2_B0,1170
sub_osm_83_F2_B1,1171
sub_osm_83_F2_B2,1172
sub_osm_83_F2_B3,1173
sub_osm_83_F2_B4,1174
sub_osm_83_F2_B5,1175
sub_osm_83_F3_B0,1176
sub_osm_83_F3_B1,1177
sub_osm_83_F3_B2,1178
sub_osm_83_F3_B3,1179
sub_osm_83_F3_B4,1180
sub_osm_83_F3_B5,1181
sub_magdugo_substation_72_F0_B0,1182
sub_magdugo_substation_72_F0_B1,1183
sub_magdugo_substation_72_F0_B2,1184
sub_magdugo_substation_72_F0_B3,1185
sub_magdugo_substation_72_F0_B4,1186
sub_magdugo_substation_72_F0_B5,1187
sub_magdugo_substation_72_F1_B0,1188
sub_magdugo_substation_72_F1_B1,1189
sub_magdugo_substation_72_F1_B2,1190
sub_magdugo_substation_72_F1_B3,1191
sub_magdugo_substation_72_F1_B4,1192
sub_magdugo_substation_72_F1_B5,1193
sub_magdugo_substation_72_F2_B0,1194
sub_magdugo_substation_72_F2_B1,1195
sub_magdugo_substation_72_F2_B2,1196
sub_magdugo_substation_72_F2_B3,1197
sub_magdugo_substation_72_F2_B4,1198
sub_magdugo_substation_72_F2_B5,1199
sub_magdugo_substation_72_F3_B0,1200
sub_magdugo_substation_72_F3_B1,1201
sub_magdugo_substation_72_F3_B2,1202
sub_magdugo_substation_72_F3_B3,1203
sub_magdugo_substation_72_F3_B4,1204
sub_magdugo_substation_72_F3_B5,1205
sub_quiot_substation_40_F0_B0,1206
sub_quiot_substation_40_F0_B1,1207
sub_quiot_substation_40_F0_B2,1208
sub_quiot_substation_40_F0_B3,1209
sub_quiot_substation_40_F0_B4,1210
sub_quiot_substation_40_F0_B5,1211
sub_quiot_substation_40_F1_B0,1212
sub_quiot_substation_40_F1_B1,1213
sub_quiot_substation_40_F1_B2,1214
sub_quiot_substation_40_F1_B3,1215
sub_quiot_substation_40_F1_B4,1216
sub_quiot_substation_40_F1_B5,1217
sub_quiot_substation_40_F2_B0,1218
sub_quiot_substation_40_F2_B1,1219
sub_quiot_substation_40_F2_B2,1220
sub_quiot_substation_40_F2_B3,1221
sub_quiot_substation_40_F2_B4,1222
sub_quiot_substation_40_F2_B5,1223
sub_quiot_substation_40_F3_B0,1224
sub_quiot_substation_40_F3_B1,1225
sub_quiot_substation_40_F3_B2,1226
sub_quiot_substation_40_F3_B3,1227
sub_quiot_substation_40_F3_B4,1228
sub_quiot_substation_40_F3_B5,1229
sub_mandugo_substation_62_F0_B0,1230
sub_mandugo_substation_62_F0_B1,1231
sub_mandugo_substation_62_F0_B2,1232
sub_mandugo_substation_62_F0_B3,1233
sub_mandugo_substation_62_F0_B4,1234
sub_mandugo_substation_62_F0_B5,1235
sub_mandugo_substation_62_F1_B0,1236
sub_mandugo_substation_62_F2_B0,1237
sub_mandugo_substation_62_F2_B1,1238
sub_mandugo_substation_62_F2_B2,1239
sub_mandugo_substation_62_F2_B3,1240
sub_mandugo_substation_62_F2_B4,1241
sub_mandugo_substation_62_F2_B5,1242
sub_mandugo_substation_62_F3_B0,1243
sub_mandugo_substation_62_F3_B1,1244
sub_mandugo_substation_62_F3_B2,1245
sub_mandugo_substation_62_F3_B3,1246
sub_mandugo_substation_62_F3_B4,1247
sub_mandugo_substation_62_F3_B5,1248
sub_mandaue_gas_insulated_substation_64_F0_B0,1249
sub_mandaue_gas_insulated_substation_64_F0_B1,1250
sub_mandaue_gas_insulated_substation_64_F0_B2,1251
sub_mandaue_gas_insulated_substation_64_F0_B3,1252
sub_mandaue_gas_insulated_substation_64_F0_B4,1253
sub_mandaue_gas_insulated_substation_64_F0_B5,1254
sub_mandaue_gas_insulated_substation_64_F1_B0,1255
sub_mandaue_gas_insulated_substation_64_F1_B1,1256
sub_mandaue_gas_insulated_substation_64_F1_B2,1257
sub_mandaue_gas_insulated_substation_64_F1_B3,1258
sub_mandaue_gas_insulated_substation_64_F1_B4,1259
sub_mandaue_gas_insulated_substation_64_F1_B5,1260
sub_mandaue_gas_insulated_substation_64_F2_B0,1261
sub_mandaue_gas_insulated_substation_64_F2_B1,1262
sub_mandaue_gas_insulated_substation_64_F2_B2,1263
sub_mandaue_gas_insulated_substation_64_F2_B3,1264
sub_mandaue_gas_insulated_substation_64_F2_B4,1265
sub_mandaue_gas_insulated_substation_64_F2_B5,1266
sub_mandaue_gas_insulated_substation_64_F3_B0,1267
sub_mandaue_gas_insulated_substation_64_F3_B1,1268
sub_mandaue_gas_insulated_substation_64_F3_B2,1269
sub_mandaue_gas_insulated_substation_64_F3_B3,1270
sub_mandaue_gas_insulated_substation_64_F3_B4,1271
sub_mandaue_gas_insulated_substation_64_F3_B5,1272
sub_lapu_lapu_gas_insulated_substation_63_F0_B0,1273
sub_lapu_lapu_gas_insulated_substation_63_F0_B1,1274
sub_lapu_lapu_gas_insulated_substation_63_F0_B2,1275
sub_lapu_lapu_gas_insulated_substation_63_F0_B3,1276
sub_lapu_lapu_gas_insulated_substation_63_F0_B4,1277
sub_lapu_lapu_gas_insulated_substation_63_F0_B5,1278
sub_lapu_lapu_gas_insulated_substation_63_F1_B0,1279
sub_lapu_lapu_gas_insulated_substation_63_F1_B1,1280
sub_lapu_lapu_gas_insulated_substation_63_F1_B2,1281
sub_lapu_lapu_gas_insulated_substation_63_F1_B3,1282
sub_lapu_lapu_gas_insulated_substation_63_F1_B4,1283
sub_lapu_lapu_gas_insulated_substation_63_F1_B5,1284
sub_lapu_lapu_gas_insulated_substation_63_F2_B0,1285
sub_lapu_lapu_gas_insulated_substation_63_F2_B1,1286
sub_lapu_lapu_gas_insulated_substation_63_F2_B2,1287
sub_lapu_lapu_gas_insulated_substation_63_F2_B3,1288
sub_lapu_lapu_gas_insulated_substation_63_F2_B4,1289
sub_lapu_lapu_gas_insulated_substation_63_F2_B5,1290
sub_lapu_lapu_gas_insulated_substation_63_F3_B0,1291
sub_lapu_lapu_gas_insulated_substation_63_F3_B1,1292
sub_lapu_lapu_gas_insulated_substation_63_F3_B2,1293
sub_lapu_lapu_gas_insulated_substation_63_F3_B3,1294
sub_lapu_lapu_gas_insulated_substation_63_F3_B4,1295
sub_lapu_lapu_gas_insulated_substation_63_F3_B5,1296
sub_toledo_substation_68_F0_B0,1297
sub_toledo_substation_68_F0_B1,1298
sub_toledo_substation_68_F0_B2,1299
sub_toledo_substation_68_F0_B3,1300
sub_toledo_substation_68_F0_B4,1301
sub_toledo_substation_68_F0_B5,1302
sub_toledo_substation_68_F1_B0,1303
sub_toledo_substation_68_F1_B1,1304
sub_toledo_substation_68_F1_B2,1305
sub_toledo_substation_68_F1_B3,1306
sub_toledo_substation_68_F1_B4,1307
sub_toledo_substation_68_F1_B5,1308
sub_toledo_substation_68_F2_B0,1309
sub_toledo_substation_68_F2_B1,1310
sub_toledo_substation_68_F2_B2,1311
sub_toledo_substation_68_F2_B3,1312
sub_toledo_substation_68_F2_B4,1313
sub_toledo_substation_68_F2_B5,1314
sub_toledo_substation_68_F3_B0,1315
sub_toledo_substation_68_F3_B1,1316
sub_toledo_substation_68_F3_B2,1317
sub_toledo_substation_68_F3_B3,1318
sub_toledo_substation_68_F3_B4,1319
sub_toledo_substation_68_F3_B5,1320
sub_santander_cable_terminal_82_F0_B0,1321
sub_santander_cable_terminal_82_F0_B1,1322
sub_santander_cable_terminal_82_F0_B2,1323
sub_santander_cable_terminal_82_F0_B3,1324
sub_santander_cable_terminal_82_F0_B4,1325
sub_santander_cable_terminal_82_F0_B5,1326
sub_santander_cable_terminal_82_F1_B0,1327
sub_santander_cable_terminal_82_F1_B1,1328
sub_santander_cable_terminal_82_F1_B2,1329
sub_santander_cable_terminal_82_F1_B3,1330
sub_santander_cable_terminal_82_F1_B4,1331
sub_santander_cable_terminal_82_F1_B5,1332
sub_santander_cable_terminal_82_F2_B0,1333
sub_santander_cable_terminal_82_F2_B1,1334
sub_santander_cable_terminal_82_F2_B2,1335
sub_santander_cable_terminal_82_F2_B3,1336
sub_santander_cable_terminal_82_F2_B4,1337
sub_dumanjug_converter_station_100_F0_B0,1338
sub_dumanjug_converter_station_100_F0_B1,1339
sub_dumanjug_converter_station_100_F0_B2,1340
sub_dumanjug_converter_station_100_F0_B3,1341
sub_dumanjug_converter_station_100_F0_B4,1342
sub_dumanjug_converter_station_100_F0_B5,1343
sub_dumanjug_converter_station_100_F1_B0,1344
sub_dumanjug_converter_station_100_F1_B1,1345
sub_dumanjug_converter_station_100_F1_B2,1346
sub_dumanjug_converter_station_100_F1_B3,1347
sub_dumanjug_converter_station_100_F1_B4,1348
sub_dumanjug_converter_station_100_F2_B0,1349
sub_dumanjug_converter_station_100_F2_B1,1350
sub_dumanjug_converter_station_100_F2_B2,1351
sub_dumanjug_converter_station_100_F2_B3,1352
sub_dumanjug_converter_station_100_F2_B4,1353
sub_dumanjug_converter_station_100_F2_B5,1354
sub_dumanjug_converter_station_100_F3_B0,1355
sub_dumanjug_converter_station_100_F3_B1,1356
sub_dumanjug_converter_station_100_F3_B2,1357
sub_dumanjug_converter_station_100_F3_B3,1358
sub_dumanjug_converter_station_100_F3_B4,1359
sub_dumanjug_converter_station_100_F3_B5,1360
sub_argao_cable_terminal_117_F1_B0,1361
sub_argao_cable_terminal_117_F1_B1,1362
sub_argao_cable_terminal_117_F1_B2,1363
sub_argao_cable_terminal_117_F1_B3,1364
sub_argao_cable_terminal_117_F1_B4,1365
sub_argao_cable_terminal_117_F1_B5,1366
sub_argao_cable_terminal_117_F2_B0,1367
sub_argao_cable_terminal_117_F2_B1,1368
sub_argao_cable_terminal_117_F2_B2,1369
sub_argao_cable_terminal_117_F2_B3,1370
sub_argao_cable_terminal_117_F2_B4,1371
sub_argao_cable_terminal_117_F2_B5,1372
sub_argao_cable_terminal_117_F3_B0,1373
sub_colon_substation_86_F0_B0,1374
sub_colon_substation_86_F0_B1,1375
sub_colon_substation_86_F0_B2,1376
sub_colon_substation_86_F0_B3,1377
sub_colon_substation_86_F0_B4,1378
sub_colon_substation_86_F0_B5,1379
sub_colon_substation_86_F1_B0,1380
sub_colon_substation_86_F1_B1,1381
sub_colon_substation_86_F1_B2,1382
sub_colon_substation_86_F1_B3,1383
sub_colon_substation_86_F1_B4,1384
sub_colon_substation_86_F1_B5,1385
sub_colon_substation_86_F2_B0,1386
sub_colon_substation_86_F2_B1,1387
sub_colon_substation_86_F2_B2,1388
sub_colon_substation_86_F2_B3,1389
sub_colon_substation_86_F2_B4,1390
sub_colon_substation_86_F2_B5,1391
sub_colon_substation_86_F3_B0,1392
sub_colon_substation_86_F3_B1,1393
sub_colon_substation_86_F3_B2,1394
sub_colon_substation_86_F3_B3,1395
sub_colon_substation_86_F3_B4,1396
sub_colon_substation_86_F3_B5,1397
sub_mabolo_substation_74_F0_B0,1398
sub_mabolo_substation_74_F0_B1,1399
sub_mabolo_substation_74_F0_B2,1400
sub_mabolo_substation_74_F0_B3,1401
sub_mabolo_substation_74_F0_B4,1402
sub_mabolo_substation_74_F0_B5,1403
sub_mabolo_substation_74_F1_B0,1404
sub_mabolo_substation_74_F1_B1,1405
sub_mabolo_substation_74_F1_B2,1406
sub_mabolo_substation_74_F1_B3,1407
sub_mabolo_substation_74_F1_B4,1408
sub_mabolo_substation_74_F1_B5,1409
sub_mabolo_substation_74_F2_B0,1410
sub_mabolo_substation_74_F2_B1,1411
sub_mabolo_substation_74_F2_B2,1412
sub_mabolo_substation_74_F2_B3,1413
sub_mabolo_substation_74_F2_B4,1414
sub_mabolo_substation_74_F2_B5,1415
sub_mabolo_substation_74_F3_B0,1416
sub_mabolo_substation_74_F3_B1,1417
sub_mabolo_substation_74_F3_B2,1418
sub_mabolo_substation_74_F3_B3,1419
sub_mabolo_substation_74_F3_B4,1420
sub_mabolo_substation_74_F3_B5,1421
sub_carreta_substation_70_F0_B0,1422
sub_carreta_substation_70_F0_B1,1423
sub_carreta_substation_70_F0_B2,1424
sub_carreta_substation_70_F0_B3,1425
sub_carreta_substation_70_F0_B4,1426
sub_carreta_substation_70_F0_B5,1427
sub_carreta_substation_70_F1_B0,1428
sub_carreta_substation_70_F1_B1,1429
sub_carreta_substation_70_F1_B2,1430
sub_carreta_substation_70_F1_B3,1431
sub_carreta_substation_70_F1_B4,1432
sub_carreta_substation_70_F1_B5,1433
sub_carreta_substation_70_F2_B0,1434
sub_carreta_substation_70_F2_B1,1435
sub_carreta_substation_70_F2_B2,1436
sub_carreta_substation_70_F2_B3,1437
sub_carreta_substation_70_F2_B4,1438
sub_carreta_substation_70_F2_B5,1439
sub_carreta_substation_70_F3_B0,1440
sub_carreta_substation_70_F3_B1,1441
sub_carreta_substation_70_F3_B2,1442
sub_carreta_substation_70_F3_B3,1443
sub_carreta_substation_70_F3_B4,1444
sub_carreta_substation_70_F3_B5,1445
sub_guadalupe_substation_92_F0_B0,1446
sub_guadalupe_substation_92_F0_B1,1447
sub_guadalupe_substation_92_F0_B2,1448
sub_guadalupe_substation_92_F0_B3,1449
sub_guadalupe_substation_92_F0_B4,1450
sub_guadalupe_substation_92_F0_B5,1451
sub_guadalupe_substation_92_F1_B0,1452
sub_guadalupe_substation_92_F1_B1,1453
sub_guadalupe_substation_92_F1_B2,1454
sub_guadalupe_substation_92_F1_B3,1455
sub_guadalupe_substation_92_F1_B4,1456
sub_guadalupe_substation_92_F1_B5,1457
sub_guadalupe_substation_92_F2_B0,1458
sub_guadalupe_substation_92_F2_B1,1459
sub_guadalupe_substation_92_F2_B2,1460
sub_guadalupe_substation_92_F2_B3,1461
sub_guadalupe_substation_92_F2_B4,1462
sub_guadalupe_substation_92_F2_B5,1463
sub_guadalupe_substation_92_F3_B0,1464
sub_guadalupe_substation_92_F3_B1,1465
sub_guadalupe_substation_92_F3_B2,1466
sub_guadalupe_substation_92_F3_B3,1467
sub_guadalupe_substation_92_F3_B4,1468
sub_guadalupe_substation_92_F3_B5,1469
sub_camputhaw_substation_32_F0_B0,1470
sub_camputhaw_substation_32_F0_B1,1471
sub_camputhaw_substation_32_F0_B2,1472
sub_camputhaw_substation_32_F0_B3,1473
sub_camputhaw_substation_32_F0_B4,1474
sub_camputhaw_substation_32_F0_B5,1475
sub_camputhaw_substation_32_F1_B0,1476
sub_camputhaw_substation_32_F1_B1,1477
sub_camputhaw_substation_32_F1_B2,1478
sub_camputhaw_substation_32_F1_B3,1479
sub_camputhaw_substation_32_F1_B4,1480
sub_camputhaw_substation_32_F1_B5,1481
sub_camputhaw_substation_32_F2_B0,1482
sub_camputhaw_substation_32_F2_B1,1483
sub_camputhaw_substation_32_F2_B2,1484
sub_camputhaw_substation_32_F2_B3,1485
sub_camputhaw_substation_32_F2_B4,1486
sub_camputhaw_substation_32_F2_B5,1487
sub_camputhaw_substation_32_F3_B0,1488
sub_camputhaw_substation_32_F3_B1,1489
sub_camputhaw_substation_32_F3_B2,1490
sub_camputhaw_substation_32_F3_B3,1491
sub_camputhaw_substation_32_F3_B4,1492
sub_camputhaw_substation_32_F3_B5,1493
sub_cbp_substation_91_F0_B0,1494
sub_cbp_substation_91_F0_B1,1495
sub_cbp_substation_91_F0_B2,1496
sub_cbp_substation_91_F0_B3,1497
sub_cbp_substation_91_F0_B4,1498
sub_cbp_substation_91_F0_B5,1499
sub_cbp_substation_91_F1_B0,1500
sub_cbp_substation_91_F1_B1,1501
sub_cbp_substation_91_F1_B2,1502
sub_cbp_substation_91_F1_B3,1503
sub_cbp_substation_91_F1_B4,1504
sub_cbp_substation_91_F1_B5,1505
sub_cbp_substation_91_F2_B0,1506
sub_cbp_substation_91_F2_B1,1507
sub_cbp_substation_91_F2_B2,1508
sub_cbp_substation_91_F2_B3,1509
sub_cbp_substation_91_F2_B4,1510
sub_cbp_substation_91_F2_B5,1511
sub_cbp_substation_91_F3_B0,1512
sub_cbp_substation_91_F3_B1,1513
sub_cbp_substation_91_F3_B2,1514
sub_cbp_substation_91_F3_B3,1515
sub_cbp_substation_91_F3_B4,1516
sub_cbp_substation_91_F3_B5,1517
sub_bulacao_substation_93_F0_B0,1518
sub_bulacao_substation_93_F0_B1,1519
sub_bulacao_substation_93_F0_B2,1520
sub_bulacao_substation_93_F0_B3,1521
sub_bulacao_substation_93_F0_B4,1522
sub_bulacao_substation_93_F0_B5,1523
sub_bulacao_substation_93_F1_B0,1524
sub_bulacao_substation_93_F1_B1,1525
sub_bulacao_substation_93_F1_B2,1526
sub_bulacao_substation_93_F1_B3,1527
sub_bulacao_substation_93_F1_B4,1528
sub_bulacao_substation_93_F1_B5,1529
sub_bulacao_substation_93_F2_B0,1530
sub_bulacao_substation_93_F2_B1,1531
sub_bulacao_substation_93_F2_B2,1532
sub_bulacao_substation_93_F2_B3,1533
sub_bulacao_substation_93_F2_B4,1534
sub_bulacao_substation_93_F2_B5,1535
sub_bulacao_substation_93_F3_B0,1536
sub_bulacao_substation_93_F3_B1,1537
sub_bulacao_substation_93_F3_B2,1538
sub_bulacao_substation_93_F3_B3,1539
sub_bulacao_substation_93_F3_B4,1540
sub_bulacao_substation_93_F3_B5,1541
sub_cebeco_iii_8_F0_B0,1542
sub_cebeco_iii_8_F0_B1,1543
sub_cebeco_iii_8_F0_B2,1544
sub_cebeco_iii_8_F0_B3,1545
sub_cebeco_iii_8_F0_B4,1546
sub_cebeco_iii_8_F0_B5,1547
sub_cebeco_iii_8_F1_B0,1548
sub_cebeco_iii_8_F1_B1,1549
sub_cebeco_iii_8_F1_B2,1550
sub_cebeco_iii_8_F1_B3,1551
sub_cebeco_iii_8_F1_B4,1552
sub_cebeco_iii_8_F1_B5,1553
sub_cebeco_iii_8_F2_B0,1554
sub_cebeco_iii_8_F2_B1,1555
sub_cebeco_iii_8_F2_B2,1556
sub_cebeco_iii_8_F2_B3,1557
sub_cebeco_iii_8_F2_B4,1558
sub_cebeco_iii_8_F2_B5,1559
sub_cebeco_iii_8_F3_B0,1560
sub_cebeco_iii_8_F3_B1,1561
sub_cebeco_iii_8_F3_B2,1562
sub_cebeco_iii_8_F3_B3,1563
sub_cebeco_iii_8_F3_B4,1564
sub_cebeco_iii_8_F3_B5,1565
sub_ginatilan_substation_102_F0_B0,1566
sub_ginatilan_substation_102_F0_B1,1567
sub_ginatilan_substation_102_F0_B2,1568
sub_ginatilan_substation_102_F0_B3,1569
sub_ginatilan_substation_102_F0_B4,1570
sub_ginatilan_substation_102_F0_B5,1571
sub_ginatilan_substation_102_F2_B0,1572
sub_ginatilan_substation_102_F2_B1,1573
sub_ginatilan_substation_102_F2_B2,1574
sub_ginatilan_substation_102_F2_B3,1575
sub_ginatilan_substation_102_F2_B4,1576
sub_ginatilan_substation_102_F2_B5,1577
sub_ginatilan_substation_102_F3_B0,1578
sub_ginatilan_substation_102_F3_B1,1579
sub_ginatilan_substation_102_F3_B2,1580
sub_ginatilan_substation_102_F3_B3,1581
sub_ginatilan_substation_102_F3_B4,1582
sub_ginatilan_substation_102_F3_B5,1583
sub_talvera_cable_terminal_10_F0_B0,1584
sub_talvera_cable_terminal_10_F0_B1,1585
sub_talvera_cable_terminal_10_F0_B2,1586
sub_talvera_cable_terminal_10_F0_B3,1587
sub_talvera_cable_terminal_10_F0_B4,1588
sub_talvera_cable_terminal_10_F0_B5,1589
sub_talvera_cable_terminal_10_F1_B0,1590
sub_talvera_cable_terminal_10_F1_B1,1591
sub_talvera_cable_terminal_10_F2_B0,1592
sub_talvera_cable_terminal_10_F2_B1,1593
sub_talvera_cable_terminal_10_F2_B2,1594
sub_talvera_cable_terminal_10_F2_B3,1595
sub_talvera_cable_terminal_10_F2_B4,1596
sub_talvera_cable_terminal_10_F2_B5,1597
sub_talvera_cable_terminal_10_F3_B0,1598
sub_talvera_cable_terminal_10_F3_B1,1599
sub_talvera_cable_terminal_10_F3_B2,1600
sub_talvera_cable_terminal_10_F3_B3,1601
sub_talvera_cable_terminal_10_F3_B4,1602
sub_talvera_cable_terminal_10_F3_B5,1603
sub_osm_2_F0_B0,1604
sub_osm_2_F0_B1,1605
sub_osm_2_F0_B2,1606
sub_osm_2_F0_B3,1607
sub_osm_2_F0_B4,1608
sub_osm_2_F0_B5,1609
sub_osm_2_F1_B0,1610
sub_osm_2_F1_B1,1611
sub_osm_2_F1_B2,1612
sub_osm_2_F1_B3,1613
sub_osm_2_F1_B4,1614
sub_osm_2_F1_B5,1615
sub_osm_2_F2_B0,1616
sub_osm_2_F2_B1,1617
sub_osm_2_F2_B2,1618
sub_osm_2_F2_B3,1619
sub_osm_2_F2_B4,1620
sub_osm_2_F2_B5,1621
sub_osm_2_F3_B0,1622
sub_osm_2_F3_B1,1623
sub_osm_2_F3_B2,1624
sub_osm_2_F3_B3,1625
sub_osm_2_F3_B4,1626
sub_osm_2_F3_B5,1627
sub_lugo_load_end_substation_6_F0_B0,1628
sub_lugo_load_end_substation_6_F0_B1,1629
sub_lugo_load_end_substation_6_F0_B2,1630
sub_lugo_load_end_substation_6_F0_B3,1631
sub_lugo_load_end_substation_6_F0_B4,1632
sub_lugo_load_end_substation_6_F0_B5,1633
sub_lugo_load_end_substation_6_F1_B0,1634
sub_lugo_load_end_substation_6_F1_B1,1635
sub_lugo_load_end_substation_6_F1_B2,1636
sub_lugo_load_end_substation_6_F1_B3,1637
sub_lugo_load_end_substation_6_F1_B4,1638
sub_lugo_load_end_substation_6_F1_B5,1639
sub_lugo_load_end_substation_6_F2_B0,1640
sub_lugo_load_end_substation_6_F2_B1,1641
sub_lugo_load_end_substation_6_F2_B2,1642
sub_lugo_load_end_substation_6_F2_B3,1643
sub_lugo_load_end_substation_6_F2_B4,1644
sub_lugo_load_end_substation_6_F2_B5,1645
sub_lugo_load_end_substation_6_F3_B0,1646
sub_lugo_load_end_substation_6_F3_B1,1647
sub_lugo_load_end_substation_6_F3_B2,1648
sub_lugo_load_end_substation_6_F3_B3,1649
sub_lugo_load_end_substation_6_F3_B4,1650
sub_lugo_load_end_substation_6_F3_B5,1651
sub_osm_11_F0_B0,1652
sub_osm_11_F0_B1,1653
sub_osm_11_F0_B2,1654
sub_osm_11_F0_B3,1655
sub_osm_11_F0_B4,1656
sub_osm_11_F0_B5,1657
sub_osm_11_F1_B0,1658
sub_osm_11_F1_B1,1659
sub_osm_11_F1_B2,1660
sub_osm_11_F1_B3,1661
sub_osm_11_F1_B4,1662
sub_osm_11_F1_B5,1663
sub_osm_11_F2_B0,1664
sub_osm_11_F2_B1,1665
sub_osm_11_F2_B2,1666
sub_osm_11_F2_B3,1667
sub_osm_11_F2_B4,1668
sub_osm_11_F2_B5,1669
sub_osm_11_F3_B0,1670
sub_osm_11_F3_B1,1671
sub_osm_11_F3_B2,1672
sub_osm_11_F3_B3,1673
sub_osm_11_F3_B4,1674
sub_osm_11_F3_B5,1675
sub_osm_22_F0_B0,1676
sub_osm_22_F0_B1,1677
sub_osm_22_F0_B2,1678
sub_osm_22_F0_B3,1679
sub_osm_22_F0_B4,1680
sub_osm_22_F0_B5,1681
sub_osm_22_F1_B0,1682
sub_osm_22_F1_B1,1683
sub_osm_22_F1_B2,1684
sub_osm_22_F1_B3,1685
sub_osm_22_F1_B4,1686
sub_osm_22_F1_B5,1687
sub_osm_22_F2_B0,1688
sub_osm_22_F2_B1,1689
sub_osm_22_F2_B2,1690
sub_osm_22_F2_B3,1691
sub_osm_22_F2_B4,1692
sub_osm_22_F2_B5,1693
sub_osm_22_F3_B0,1694
sub_osm_22_F3_B1,1695
sub_osm_22_F3_B2,1696
sub_osm_22_F3_B3,1697
sub_osm_22_F3_B4,1698
sub_osm_22_F3_B5,1699
sub_medellin_load_end_substation_23_F0_B0,1700
sub_medellin_load_end_substation_23_F0_B1,1701
sub_medellin_load_end_substation_23_F0_B2,1702
sub_medellin_load_end_substation_23_F0_B3,1703
sub_medellin_load_end_substation_23_F0_B4,1704
sub_medellin_load_end_substation_23_F1_B0,1705
sub_medellin_load_end_substation_23_F1_B1,1706
sub_medellin_load_end_substation_23_F1_B2,1707
sub_medellin_load_end_substation_23_F1_B3,1708
sub_medellin_load_end_substation_23_F1_B4,1709
sub_medellin_load_end_substation_23_F1_B5,1710
sub_medellin_load_end_substation_23_F2_B0,1711
sub_medellin_load_end_substation_23_F2_B1,1712
sub_medellin_load_end_substation_23_F2_B2,1713
sub_medellin_load_end_substation_23_F2_B3,1714
sub_medellin_load_end_substation_23_F2_B4,1715
sub_medellin_load_end_substation_23_F2_B5,1716
sub_medellin_load_end_substation_23_F3_B0,1717
sub_medellin_load_end_substation_23_F3_B1,1718
sub_medellin_load_end_substation_23_F3_B2,1719
sub_medellin_load_end_substation_23_F3_B3,1720
sub_medellin_load_end_substation_23_F3_B4,1721
sub_medellin_load_end_substation_23_F3_B5,1722
sub_osm_46_F0_B0,1723
sub_osm_46_F0_B1,1724
sub_osm_46_F0_B2,1725
sub_osm_46_F1_B0,1726
sub_osm_46_F1_B1,1727
sub_osm_46_F1_B2,1728
sub_osm_46_F1_B3,1729
sub_osm_46_F1_B4,1730
sub_osm_46_F1_B5,1731
sub_osm_46_F2_B0,1732
sub_osm_46_F2_B1,1733
sub_osm_46_F2_B2,1734
sub_osm_46_F2_B3,1735
sub_osm_46_F2_B4,1736
sub_osm_46_F2_B5,1737
sub_osm_46_F3_B0,1738
sub_osm_46_F3_B1,1739
sub_osm_46_F3_B2,1740
sub_ngcp_substation_49_F0_B0,1741
sub_ngcp_substation_49_F0_B1,1742
sub_ngcp_substation_49_F0_B2,1743
sub_ngcp_substation_49_F0_B3,1744
sub_ngcp_substation_49_F0_B4,1745
sub_ngcp_substation_49_F0_B5,1746
sub_ngcp_substation_49_F1_B0,1747
sub_ngcp_substation_49_F1_B1,1748
sub_ngcp_substation_49_F1_B2,1749
sub_ngcp_substation_49_F1_B3,1750
sub_ngcp_substation_49_F1_B4,1751
sub_ngcp_substation_49_F1_B5,1752
sub_ngcp_substation_49_F2_B0,1753
sub_ngcp_substation_49_F2_B1,1754
sub_ngcp_substation_49_F2_B2,1755
sub_ngcp_substation_49_F2_B3,1756
sub_ngcp_substation_49_F2_B4,1757
sub_ngcp_substation_49_F2_B5,1758
sub_ngcp_substation_49_F3_B0,1759
sub_ngcp_substation_49_F3_B1,1760
sub_ngcp_substation_49_F3_B2,1761
sub_ngcp_substation_49_F3_B3,1762
sub_ngcp_substation_49_F3_B4,1763
sub_carcar_substation_65_F0_B0,1764
sub_carcar_substation_65_F0_B1,1765
sub_carcar_substation_65_F0_B2,1766
sub_carcar_substation_65_F0_B3,1767
sub_carcar_substation_65_F0_B4,1768
sub_carcar_substation_65_F0_B5,1769
sub_carcar_substation_65_F1_B0,1770
sub_carcar_substation_65_F1_B1,1771
sub_carcar_substation_65_F1_B2,1772
sub_carcar_substation_65_F1_B3,1773
sub_carcar_substation_65_F1_B4,1774
sub_carcar_substation_65_F1_B5,1775
sub_carcar_substation_65_F2_B0,1776
sub_carcar_substation_65_F2_B1,1777
sub_carcar_substation_65_F2_B2,1778
sub_carcar_substation_65_F2_B3,1779
sub_carcar_substation_65_F2_B4,1780
sub_carcar_substation_65_F2_B5,1781
sub_carcar_substation_65_F3_B0,1782
sub_carcar_substation_65_F3_B1,1783
sub_carcar_substation_65_F3_B2,1784
sub_carcar_substation_65_F3_B3,1785
sub_carcar_substation_65_F3_B4,1786
sub_carcar_substation_65_F3_B5,1787
sub_osm_77_F0_B0,1788
sub_osm_77_F0_B1,1789
sub_osm_77_F0_B2,1790
sub_osm_77_F0_B3,1791
sub_osm_77_F0_B4,1792
sub_osm_77_F0_B5,1793
sub_osm_77_F1_B0,1794
sub_osm_77_F1_B1,1795
sub_osm_77_F1_B2,1796
sub_osm_77_F1_B3,1797
sub_osm_77_F1_B4,1798
sub_osm_77_F1_B5,1799
sub_osm_77_F2_B0,1800
sub_osm_77_F2_B1,1801
sub_osm_77_F2_B2,1802
sub_osm_77_F2_B3,1803
sub_osm_77_F2_B4,1804
sub_osm_77_F2_B5,1805
sub_osm_77_F3_B0,1806
sub_osm_77_F3_B1,1807
sub_osm_77_F3_B2,1808
sub_osm_77_F3_B3,1809
sub_osm_77_F3_B4,1810
sub_osm_77_F3_B5,1811
sub_osm_87_F0_B0,1812
sub_osm_87_F0_B1,1813
sub_osm_87_F0_B2,1814
sub_osm_87_F0_B3,1815
sub_osm_87_F0_B4,1816
sub_osm_87_F0_B5,1817
sub_osm_87_F1_B0,1818
sub_osm_87_F1_B1,1819
sub_osm_87_F1_B2,1820
sub_osm_87_F1_B3,1821
sub_osm_87_F1_B4,1822
sub_osm_87_F1_B5,1823
sub_osm_87_F2_B0,1824
sub_osm_87_F2_B1,1825
sub_osm_87_F2_B2,1826
sub_osm_87_F2_B3,1827
sub_osm_87_F2_B4,1828
sub_osm_87_F2_B5,1829
sub_osm_87_F3_B0,1830
sub_osm_87_F3_B1,1831
sub_osm_87_F3_B2,1832
sub_osm_87_F3_B3,1833
sub_osm_87_F3_B4,1834
sub_osm_87_F3_B5,1835
sub_cebu_cable_terminal_88_F0_B0,1836
sub_cebu_cable_terminal_88_F0_B1,1837
sub_cebu_cable_terminal_88_F0_B2,1838
sub_cebu_cable_terminal_88_F0_B3,1839
sub_cebu_cable_terminal_88_F0_B4,1840
sub_cebu_cable_terminal_88_F0_B5,1841
sub_cebu_cable_terminal_88_F1_B0,1842
sub_cebu_cable_terminal_88_F1_B1,1843
sub_cebu_cable_terminal_88_F1_B2,1844
sub_cebu_cable_terminal_88_F1_B3,1845
sub_cebu_cable_terminal_88_F1_B4,1846
sub_cebu_cable_terminal_88_F1_B5,1847
sub_cebu_cable_terminal_88_F2_B0,1848
sub_cebu_cable_terminal_88_F2_B1,1849
sub_cebu_cable_terminal_88_F2_B2,1850
sub_cebu_cable_terminal_88_F2_B3,1851
sub_cebu_cable_terminal_88_F2_B4,1852
sub_cebu_cable_terminal_88_F2_B5,1853
sub_cebu_cable_terminal_88_F3_B0,1854
sub_cebu_cable_terminal_88_F3_B1,1855
sub_cebu_cable_terminal_88_F3_B2,1856
sub_cebu_cable_terminal_88_F3_B3,1857
sub_cebu_cable_terminal_88_F3_B4,1858
sub_cebu_cable_terminal_88_F3_B5,1859
sub_osm_110_F0_B0,1860
sub_osm_110_F0_B1,1861
sub_osm_110_F0_B2,1862
sub_osm_110_F0_B3,1863
sub_osm_110_F0_B4,1864
sub_osm_110_F0_B5,1865
sub_osm_110_F1_B0,1866
sub_osm_110_F1_B1,1867
sub_osm_110_F1_B2,1868
sub_osm_110_F1_B3,1869
sub_osm_110_F1_B4,1870
sub_osm_110_F1_B5,1871
sub_osm_110_F2_B0,1872
sub_osm_110_F2_B1,1873
sub_osm_110_F2_B2,1874
sub_osm_110_F2_B3,1875
sub_osm_110_F2_B4,1876
sub_osm_110_F2_B5,1877
sub_osm_110_F3_B0,1878
sub_osm_110_F3_B1,1879
sub_osm_110_F3_B2,1880
sub_osm_110_F3_B3,1881
sub_osm_110_F3_B4,1882
sub_osm_110_F3_B5,1883
sub_pajo_load_end_substation_118_F0_B0,1884
sub_pajo_load_end_substation_118_F0_B1,1885
sub_pajo_load_end_substation_118_F0_B2,1886
sub_pajo_load_end_substation_118_F0_B3,1887
sub_pajo_load_end_substation_118_F0_B4,1888
sub_pajo_load_end_substation_118_F0_B5,1889
sub_pajo_load_end_substation_118_F1_B0,1890
sub_pajo_load_end_substation_118_F1_B1,1891
sub_pajo_load_end_substation_118_F1_B2,1892
sub_pajo_load_end_substation_118_F1_B3,1893
sub_pajo_load_end_substation_118_F1_B4,1894
sub_pajo_load_end_substation_118_F1_B5,1895
sub_pajo_load_end_substation_118_F2_B0,1896
sub_pajo_load_end_substation_118_F2_B1,1897
sub_pajo_load_end_substation_118_F2_B2,1898
sub_pajo_load_end_substation_118_F2_B3,1899
sub_pajo_load_end_substation_118_F2_B4,1900
sub_pajo_load_end_substation_118_F2_B5,1901
sub_pajo_load_end_substation_118_F3_B0,1902
sub_pajo_load_end_substation_118_F3_B1,1903
sub_pajo_load_end_substation_118_F3_B2,1904
sub_pajo_load_end_substation_118_F3_B3,1905
sub_pajo_load_end_substation_118_F3_B4,1906
sub_pajo_load_end_substation_118_F3_B5,1907
v1_05cebu_F0_B0,1908
v1_05cebu_F0_B1,1909
v1_05cebu_F0_B2,1910
v1_05cebu_F0_B3,1911
v1_05cebu_F0_B4,1912
v1_05cebu_F0_B5,1913
v1_05cebu_F1_B0,1914
v1_05cebu_F1_B1,1915
v1_05cebu_F1_B2,1916
v1_05cebu_F1_B3,1917
v1_05cebu_F1_B4,1918
v1_05cebu_F1_B5,1919
v1_05cebu_F2_B0,1920
v1_05cebu_F2_B1,1921
v1_05cebu_F2_B2,1922
v1_05cebu_F2_B3,1923
v1_05cebu_F2_B4,1924
v1_05cebu_F2_B5,1925
v1_05cebu_F3_B0,1926
v1_05cebu_F3_B1,1927
v1_05cebu_F3_B2,1928
v1_05cebu_F3_B3,1929
v1_05cebu_F3_B4,1930
v1_05cebu_F3_B5,1931
v1_05daanbntay_F0_B0,1932
v1_05daanbntay_F0_B1,1933
v1_05daanbntay_F0_B2,1934
v1_05daanbntay_F0_B3,1935
v1_05daanbntay_F0_B4,1936
v1_05daanbntay_F0_B5,1937
v1_05daanbntay_F1_B0,1938
v1_05daanbntay_F1_B1,1939
v1_05daanbntay_F1_B2,1940
v1_05daanbntay_F1_B3,1941
v1_05daanbntay_F1_B4,1942
v1_05daanbntay_F1_B5,1943
v1_05daanbntay_F2_B0,1944
v1_05daanbntay_F3_B0,1945
v1_05daanbntay_F3_B1,1946
v1_05daanbntay_F3_B2,1947
v1_05daanbntay_F3_B3,1948
v1_05daanbntay_F3_B4,1949
v1_05daanbntay_F3_B5,1950
v1_05naga_F0_B0,1951
v1_05naga_F0_B1,1952
v1_05naga_F0_B2,1953
v1_05naga_F0_B3,1954
v1_05naga_F0_B4,1955
v1_05naga_F0_B5,1956
v1_05naga_F1_B0,1957
v1_05naga_F1_B1,1958
v1_05naga_F1_B2,1959
v1_05naga_F1_B3,1960
v1_05naga_F1_B4,1961
v1_05naga_F1_B5,1962
v1_05naga_F2_B0,1963
v1_05naga_F2_B1,1964
v1_05naga_F2_B2,1965
v1_05naga_F2_B3,1966
v1_05naga_F2_B4,1967
v1_05naga_F2_B5,1968
v1_05naga_F3_B0,1969
v1_05naga_F3_B1,1970
v1_05naga_F3_B2,1971
v1_05naga_F3_B3,1972
v1_05naga_F3_B4,1973
v1_05naga_F3_B5,1974
v1_05therma_F0_B0,1975
v1_05therma_F0_B1,1976
v1_05therma_F0_B2,1977
v1_05therma_F0_B3,1978
v1_05therma_F0_B4,1979
v1_05therma_F0_B5,1980
v1_05therma_F1_B0,1981
v1_05therma_F1_B1,1982
v1_05therma_F2_B0,1983
v1_05therma_F2_B1,1984
v1_05therma_F2_B2,1985
v1_05therma_F2_B3,1986
v1_05therma_F2_B4,1987
v1_05therma_F2_B5,1988
v1_05therma_F3_B0,1989
v1_05therma_F3_B1,1990
v1_05therma_F3_B2,1991
v1_05therma_F3_B3,1992
v1_05therma_F3_B4,1993
v1_05therma_F3_B5,1994
v1_08bvista_F0_B0,1995
v1_08bvista_F0_B1,1996
v1_08bvista_F0_B2,1997
v1_08bvista_F0_B3,1998
v1_08bvista_F1_B0,1999
v1_08bvista_F1_B1,2000
v1_08bvista_F1_B2,2001
v1_08bvista_F1_B3,2002
v1_08bvista_F2_B0,2003
v1_08bvista_F2_B1,2004
v1_08bvista_F2_B2,2005
v1_08bvista_F2_B3,2006
v1_08bvista_F2_B4,2007
v1_08bvista_F2_B5,2008
v1_08bvista_F3_B0,2009
v1_08bvista_F3_B1,2010
v1_08bvista_F3_B2,2011
v1_08bvista_F3_B3,2012
v1_08bvista_F3_B4,2013
v1_08bvista_F3_B5,2014
sub_tabango_substation_57_F0_B0,2015
sub_tabango_substation_57_F0_B1,2016
sub_tabango_substation_57_F0_B2,2017
sub_tabango_substation_57_F0_B3,2018
sub_tabango_substation_57_F0_B4,2019
sub_tabango_substation_57_F0_B5,2020
sub_tabango_substation_57_F1_B0,2021
sub_tabango_substation_57_F1_B1,2022
sub_tabango_substation_57_F1_B2,2023
sub_tabango_substation_57_F1_B3,2024
sub_tabango_substation_57_F1_B4,2025
sub_tabango_substation_57_F1_B5,2026
sub_tabango_substation_57_F3_B0,2027
sub_tabango_substation_57_F3_B1,2028
sub_tabango_substation_57_F3_B2,2029
sub_tabango_substation_57_F3_B3,2030
sub_tabango_substation_57_F3_B4,2031
sub_tabango_substation_57_F3_B5,2032
sub_osm_13_F0_B0,2033
sub_osm_13_F0_B1,2034
sub_osm_13_F0_B2,2035
sub_osm_13_F0_B3,2036
sub_osm_13_F0_B4,2037
sub_osm_13_F0_B5,2038
sub_osm_13_F1_B0,2039
sub_osm_13_F1_B1,2040
sub_osm_13_F1_B2,2041
sub_osm_13_F1_B3,2042
sub_osm_13_F1_B4,2043
sub_osm_13_F1_B5,2044
sub_osm_13_F2_B0,2045
sub_osm_13_F2_B1,2046
sub_osm_13_F2_B2,2047
sub_osm_13_F2_B3,2048
sub_osm_13_F2_B4,2049
sub_osm_13_F2_B5,2050
sub_osm_13_F3_B0,2051
sub_osm_13_F3_B1,2052
sub_osm_13_F3_B2,2053
sub_osm_13_F3_B3,2054
sub_osm_13_F3_B4,2055
sub_osm_13_F3_B5,2056
sub_milagro_substation_104_F0_B0,2057
sub_milagro_substation_104_F0_B1,2058
sub_milagro_substation_104_F0_B2,2059
sub_milagro_substation_104_F0_B3,2060
sub_milagro_substation_104_F0_B4,2061
sub_milagro_substation_104_F0_B5,2062
sub_milagro_substation_104_F1_B0,2063
sub_milagro_substation_104_F1_B1,2064
sub_milagro_substation_104_F1_B2,2065
sub_milagro_substation_104_F1_B3,2066
sub_milagro_substation_104_F1_B4,2067
sub_milagro_substation_104_F1_B5,2068
sub_milagro_substation_104_F2_B0,2069
sub_milagro_substation_104_F2_B1,2070
sub_milagro_substation_104_F2_B2,2071
sub_milagro_substation_104_F2_B3,2072
sub_milagro_substation_104_F2_B4,2073
sub_milagro_substation_104_F2_B5,2074
sub_milagro_substation_104_F3_B0,2075
sub_milagro_substation_104_F3_B1,2076
sub_milagro_substation_104_F3_B2,2077
sub_milagro_substation_104_F3_B3,2078
sub_milagro_substation_104_F3_B4,2079
sub_milagro_substation_104_F3_B5,2080
sub_babatngon_substation_20_F0_B0,2081
sub_babatngon_substation_20_F0_B1,2082
sub_babatngon_substation_20_F0_B2,2083
sub_babatngon_substation_20_F0_B3,2084
sub_babatngon_substation_20_F1_B0,2085
sub_babatngon_substation_20_F1_B1,2086
sub_babatngon_substation_20_F1_B2,2087
sub_babatngon_substation_20_F1_B3,2088
sub_babatngon_substation_20_F1_B4,2089
sub_babatngon_substation_20_F1_B5,2090
sub_babatngon_substation_20_F2_B0,2091
sub_babatngon_substation_20_F2_B1,2092
sub_babatngon_substation_20_F2_B2,2093
sub_babatngon_substation_20_F2_B3,2094
sub_babatngon_substation_20_F2_B4,2095
sub_babatngon_substation_20_F2_B5,2096
sub_babatngon_substation_20_F3_B0,2097
sub_babatngon_substation_20_F3_B1,2098
sub_babatngon_substation_20_F3_B2,2099
sub_babatngon_substation_20_F3_B3,2100
sub_babatngon_substation_20_F3_B4,2101
sub_babatngon_substation_20_F3_B5,2102
sub_osm_55_F0_B0,2103
sub_osm_55_F0_B1,2104
sub_osm_55_F0_B2,2105
sub_osm_55_F0_B3,2106
sub_osm_55_F0_B4,2107
sub_osm_55_F0_B5,2108
sub_osm_55_F1_B0,2109
sub_osm_55_F1_B1,2110
sub_osm_55_F1_B2,2111
sub_osm_55_F1_B3,2112
sub_osm_55_F1_B4,2113
sub_osm_55_F1_B5,2114
sub_osm_55_F2_B0,2115
sub_osm_55_F2_B1,2116
sub_osm_55_F2_B2,2117
sub_osm_55_F2_B3,2118
sub_osm_55_F2_B4,2119
sub_osm_55_F2_B5,2120
sub_osm_55_F3_B0,2121
sub_osm_55_F3_B1,2122
sub_osm_55_F3_B2,2123
sub_osm_55_F3_B3,2124
sub_osm_55_F3_B4,2125
sub_osm_55_F3_B5,2126
sub_javier_substation_9_F0_B0,2127
sub_javier_substation_9_F0_B1,2128
sub_javier_substation_9_F0_B2,2129
sub_javier_substation_9_F0_B3,2130
sub_javier_substation_9_F0_B4,2131
sub_javier_substation_9_F0_B5,2132
sub_javier_substation_9_F1_B0,2133
sub_javier_substation_9_F1_B1,2134
sub_javier_substation_9_F1_B2,2135
sub_javier_substation_9_F1_B3,2136
sub_javier_substation_9_F1_B4,2137
sub_javier_substation_9_F1_B5,2138
sub_javier_substation_9_F2_B0,2139
sub_javier_substation_9_F2_B1,2140
sub_javier_substation_9_F2_B2,2141
sub_javier_substation_9_F2_B3,2142
sub_javier_substation_9_F2_B4,2143
sub_javier_substation_9_F2_B5,2144
sub_javier_substation_9_F3_B0,2145
sub_javier_substation_9_F3_B1,2146
sub_javier_substation_9_F3_B2,2147
sub_javier_substation_9_F3_B3,2148
sub_javier_substation_9_F3_B4,2149
sub_javier_substation_9_F3_B5,2150
sub_osm_21_F0_B0,2151
sub_osm_21_F0_B1,2152
sub_osm_21_F0_B2,2153
sub_osm_21_F0_B3,2154
sub_osm_21_F0_B4,2155
sub_osm_21_F0_B5,2156
sub_osm_21_F1_B0,2157
sub_osm_21_F1_B1,2158
sub_osm_21_F1_B2,2159
sub_osm_21_F1_B3,2160
sub_osm_21_F1_B4,2161
sub_osm_21_F1_B5,2162
sub_osm_21_F2_B0,2163
sub_osm_21_F2_B1,2164
sub_osm_21_F2_B2,2165
sub_osm_21_F2_B3,2166
sub_osm_21_F2_B4,2167
sub_osm_21_F2_B5,2168
sub_osm_21_F3_B0,2169
sub_osm_21_F3_B1,2170
sub_osm_21_F3_B2,2171
sub_osm_21_F3_B3,2172
sub_osm_21_F3_B4,2173
sub_osm_21_F3_B5,2174
sub_osm_25_F0_B0,2175
sub_osm_25_F0_B1,2176
sub_osm_25_F0_B2,2177
sub_osm_25_F0_B3,2178
sub_osm_25_F0_B4,2179
sub_osm_25_F0_B5,2180
sub_osm_25_F1_B0,2181
sub_osm_25_F1_B1,2182
sub_osm_25_F1_B2,2183
sub_osm_25_F1_B3,2184
sub_osm_25_F1_B4,2185
sub_osm_25_F1_B5,2186
sub_osm_25_F2_B0,2187
sub_osm_25_F2_B1,2188
sub_osm_25_F2_B2,2189
sub_osm_25_F2_B3,2190
sub_osm_25_F2_B4,2191
sub_osm_25_F2_B5,2192
sub_osm_25_F3_B0,2193
sub_osm_25_F3_B1,2194
sub_osm_25_F3_B2,2195
sub_osm_25_F3_B3,2196
sub_osm_25_F3_B4,2197
sub_osm_25_F3_B5,2198
sub_osm_26_F0_B0,2199
sub_osm_26_F0_B1,2200
sub_osm_26_F0_B2,2201
sub_osm_26_F0_B3,2202
sub_osm_26_F0_B4,2203
sub_osm_26_F0_B5,2204
sub_osm_26_F1_B0,2205
sub_osm_26_F1_B1,2206
sub_osm_26_F1_B2,2207
sub_osm_26_F1_B3,2208
sub_osm_26_F1_B4,2209
sub_osm_26_F1_B5,2210
sub_osm_26_F2_B0,2211
sub_osm_26_F3_B0,2212
sub_osm_26_F3_B1,2213
sub_osm_26_F3_B2,2214
sub_osm_26_F3_B3,2215
sub_osm_26_F3_B4,2216
sub_osm_26_F3_B5,2217
sub_don_orestes_romualdez_electric_cooperative_inc_substation_41_F0_B0,2218
sub_don_orestes_romualdez_electric_cooperative_inc_substation_41_F0_B1,2219
sub_don_orestes_romualdez_electric_cooperative_inc_substation_41_F0_B2,2220
sub_don_orestes_romualdez_electric_cooperative_inc_substation_41_F0_B3,2221
sub_don_orestes_romualdez_electric_cooperative_inc_substation_41_F0_B4,2222
sub_don_orestes_romualdez_electric_cooperative_inc_substation_41_F0_B5,2223
sub_don_orestes_romualdez_electric_cooperative_inc_substation_41_F1_B0,2224
sub_don_orestes_romualdez_electric_cooperative_inc_substation_41_F1_B1,2225
sub_don_orestes_romualdez_electric_cooperative_inc_substation_41_F1_B2,2226
sub_don_orestes_romualdez_electric_cooperative_inc_substation_41_F1_B3,2227
sub_don_orestes_romualdez_electric_cooperative_inc_substation_41_F1_B4,2228
sub_don_orestes_romualdez_electric_cooperative_inc_substation_41_F1_B5,2229
sub_don_orestes_romualdez_electric_cooperative_inc_substation_41_F2_B0,2230
sub_don_orestes_romualdez_electric_cooperative_inc_substation_41_F2_B1,2231
sub_don_orestes_romualdez_electric_cooperative_inc_substation_41_F2_B2,2232
sub_don_orestes_romualdez_electric_cooperative_inc_substation_41_F2_B3,2233
sub_don_orestes_romualdez_electric_cooperative_inc_substation_41_F2_B4,2234
sub_don_orestes_romualdez_electric_cooperative_inc_substation_41_F2_B5,2235
sub_abucay_substation_42_F0_B0,2236
sub_abucay_substation_42_F0_B1,2237
sub_abucay_substation_42_F1_B0,2238
sub_abucay_substation_42_F1_B1,2239
sub_abucay_substation_42_F1_B2,2240
sub_abucay_substation_42_F1_B3,2241
sub_abucay_substation_42_F1_B4,2242
sub_abucay_substation_42_F1_B5,2243
sub_abucay_substation_42_F2_B0,2244
sub_abucay_substation_42_F2_B1,2245
sub_abucay_substation_42_F2_B2,2246
sub_abucay_substation_42_F2_B3,2247
sub_abucay_substation_42_F2_B4,2248
sub_abucay_substation_42_F2_B5,2249
sub_abucay_substation_42_F3_B0,2250
sub_abucay_substation_42_F3_B1,2251
sub_abucay_substation_42_F3_B2,2252
sub_abucay_substation_42_F3_B3,2253
sub_abucay_substation_42_F3_B4,2254
sub_abucay_substation_42_F3_B5,2255
sub_pnp_43_F0_B0,2256
sub_pnp_43_F0_B1,2257
sub_pnp_43_F0_B2,2258
sub_pnp_43_F0_B3,2259
sub_pnp_43_F1_B0,2260
sub_pnp_43_F1_B1,2261
sub_pnp_43_F1_B2,2262
sub_pnp_43_F1_B3,2263
sub_pnp_43_F1_B4,2264
sub_pnp_43_F1_B5,2265
sub_pnp_43_F2_B0,2266
sub_pnp_43_F2_B1,2267
sub_pnp_43_F2_B2,2268
sub_pnp_43_F2_B3,2269
sub_pnp_43_F2_B4,2270
sub_pnp_43_F2_B5,2271
sub_pnp_43_F3_B0,2272
sub_pnp_43_F3_B1,2273
sub_pnp_43_F3_B2,2274
sub_pnp_43_F3_B3,2275
sub_pnp_43_F3_B4,2276
sub_pnp_43_F3_B5,2277
sub_maharlika_substation_50_F0_B0,2278
sub_maharlika_substation_50_F0_B1,2279
sub_maharlika_substation_50_F0_B2,2280
sub_maharlika_substation_50_F0_B3,2281
sub_maharlika_substation_50_F0_B4,2282
sub_maharlika_substation_50_F0_B5,2283
sub_maharlika_substation_50_F1_B0,2284
sub_maharlika_substation_50_F1_B1,2285
sub_maharlika_substation_50_F1_B2,2286
sub_maharlika_substation_50_F1_B3,2287
sub_maharlika_substation_50_F1_B4,2288
sub_maharlika_substation_50_F1_B5,2289
sub_maharlika_substation_50_F2_B0,2290
sub_maharlika_substation_50_F2_B1,2291
sub_maharlika_substation_50_F2_B2,2292
sub_maharlika_substation_50_F2_B3,2293
sub_maharlika_substation_50_F2_B4,2294
sub_maharlika_substation_50_F2_B5,2295
sub_maharlika_substation_50_F3_B0,2296
sub_maharlika_substation_50_F3_B1,2297
sub_maharlika_substation_50_F3_B2,2298
sub_maharlika_substation_50_F3_B3,2299
sub_maharlika_substation_50_F3_B4,2300
sub_maharlika_substation_50_F3_B5,2301
sub_ormoc_solar_farm_106_F0_B0,2302
sub_ormoc_solar_farm_106_F0_B1,2303
sub_ormoc_solar_farm_106_F0_B2,2304
sub_ormoc_solar_farm_106_F0_B3,2305
sub_ormoc_solar_farm_106_F0_B4,2306
sub_ormoc_solar_farm_106_F0_B5,2307
sub_ormoc_solar_farm_106_F1_B0,2308
sub_ormoc_solar_farm_106_F1_B1,2309
sub_ormoc_solar_farm_106_F1_B2,2310
sub_ormoc_solar_farm_106_F1_B3,2311
sub_ormoc_solar_farm_106_F1_B4,2312
sub_ormoc_solar_farm_106_F1_B5,2313
sub_ormoc_solar_farm_106_F2_B0,2314
sub_ormoc_solar_farm_106_F2_B1,2315
sub_ormoc_solar_farm_106_F2_B2,2316
sub_ormoc_solar_farm_106_F2_B3,2317
sub_ormoc_solar_farm_106_F2_B4,2318
sub_ormoc_solar_farm_106_F2_B5,2319
sub_ormoc_solar_farm_106_F3_B0,2320
sub_ormoc_solar_farm_106_F3_B1,2321
sub_ormoc_solar_farm_106_F3_B2,2322
sub_ormoc_solar_farm_106_F3_B3,2323
sub_ormoc_solar_farm_106_F3_B4,2324
sub_ormoc_solar_farm_106_F3_B5,2325
sub_mayorga_substation_111_F0_B0,2326
sub_mayorga_substation_111_F0_B1,2327
sub_mayorga_substation_111_F0_B2,2328
sub_mayorga_substation_111_F0_B3,2329
sub_mayorga_substation_111_F0_B4,2330
sub_mayorga_substation_111_F0_B5,2331
sub_mayorga_substation_111_F1_B0,2332
sub_mayorga_substation_111_F1_B1,2333
sub_mayorga_substation_111_F1_B2,2334
sub_mayorga_substation_111_F1_B3,2335
sub_mayorga_substation_111_F1_B4,2336
sub_mayorga_substation_111_F1_B5,2337
sub_mayorga_substation_111_F2_B0,2338
sub_mayorga_substation_111_F2_B1,2339
sub_mayorga_substation_111_F2_B2,2340
sub_mayorga_substation_111_F2_B3,2341
sub_mayorga_substation_111_F2_B4,2342
sub_mayorga_substation_111_F2_B5,2343
sub_mayorga_substation_111_F3_B0,2344
sub_mayorga_substation_111_F3_B1,2345
sub_albuera_electrode_station_114_F0_B0,2346
sub_albuera_electrode_station_114_F0_B1,2347
sub_albuera_electrode_station_114_F0_B2,2348
sub_albuera_electrode_station_114_F0_B3,2349
sub_albuera_electrode_station_114_F0_B4,2350
sub_albuera_electrode_station_114_F0_B5,2351
sub_albuera_electrode_station_114_F1_B0,2352
sub_albuera_electrode_station_114_F1_B1,2353
sub_albuera_electrode_station_114_F1_B2,2354
sub_albuera_electrode_station_114_F1_B3,2355
sub_albuera_electrode_station_114_F1_B4,2356
sub_albuera_electrode_station_114_F1_B5,2357
sub_albuera_electrode_station_114_F3_B0,2358
sub_albuera_electrode_station_114_F3_B1,2359
sub_albuera_electrode_station_114_F3_B2,2360
sub_albuera_electrode_station_114_F3_B3,2361
sub_albuera_electrode_station_114_F3_B4,2362
sub_albuera_electrode_station_114_F3_B5,2363
sub_sagkahan_substation_115_F0_B0,2364
sub_sagkahan_substation_115_F0_B1,2365
sub_sagkahan_substation_115_F0_B2,2366
sub_sagkahan_substation_115_F0_B3,2367
sub_sagkahan_substation_115_F0_B4,2368
sub_sagkahan_substation_115_F0_B5,2369
sub_sagkahan_substation_115_F1_B0,2370
sub_sagkahan_substation_115_F1_B1,2371
sub_sagkahan_substation_115_F1_B2,2372
sub_sagkahan_substation_115_F1_B3,2373
sub_sagkahan_substation_115_F1_B4,2374
sub_sagkahan_substation_115_F1_B5,2375
sub_sagkahan_substation_115_F2_B0,2376
sub_sagkahan_substation_115_F2_B1,2377
sub_sagkahan_substation_115_F2_B2,2378
sub_sagkahan_substation_115_F2_B3,2379
sub_sagkahan_substation_115_F2_B4,2380
sub_sagkahan_substation_115_F2_B5,2381
sub_sagkahan_substation_115_F3_B0,2382
sub_sagkahan_substation_115_F3_B1,2383
sub_sagkahan_substation_115_F3_B2,2384
sub_sagkahan_substation_115_F3_B3,2385
v1_04babatngn_F0_B0,2386
v1_04babatngn_F0_B1,2387
v1_04babatngn_F0_B2,2388
v1_04babatngn_F0_B3,2389
v1_04babatngn_F0_B4,2390
v1_04babatngn_F0_B5,2391
v1_04babatngn_F1_B0,2392
v1_04babatngn_F1_B1,2393
v1_04babatngn_F1_B2,2394
v1_04babatngn_F1_B3,2395
v1_04babatngn_F1_B4,2396
v1_04babatngn_F1_B5,2397
v1_04babatngn_F2_B0,2398
v1_04babatngn_F2_B1,2399
v1_04babatngn_F2_B2,2400
v1_04babatngn_F2_B3,2401
v1_04babatngn_F2_B4,2402
v1_04babatngn_F2_B5,2403
v1_04babatngn_F3_B0,2404
v1_04babatngn_F3_B1,2405
v1_04babatngn_F3_B2,2406
v1_04babatngn_F3_B3,2407
v1_04babatngn_F3_B4,2408
v1_04babatngn_F3_B5,2409
v1_04kananga_F0_B0,2410
v1_04kananga_F0_B1,2411
v1_04kananga_F0_B2,2412
v1_04kananga_F0_B3,2413
v1_04kananga_F0_B4,2414
v1_04kananga_F0_B5,2415
v1_04kananga_F1_B0,2416
v1_04kananga_F1_B1,2417
v1_04kananga_F1_B2,2418
v1_04kananga_F1_B3,2419
v1_04kananga_F1_B4,2420
v1_04kananga_F1_B5,2421
v1_04kananga_F2_B0,2422
v1_04kananga_F2_B1,2423
v1_04kananga_F2_B2,2424
v1_04kananga_F2_B3,2425
v1_04kananga_F2_B4,2426
v1_04kananga_F2_B5,2427
v1_04kananga_F3_B0,2428
v1_04kananga_F3_B1,2429
v1_04kananga_F3_B2,2430
v1_04kananga_F3_B3,2431
v1_04kananga_F3_B4,2432
v1_04kananga_F3_B5,2433
v1_04tongona_F0_B0,2434
v1_04tongona_F0_B1,2435
v1_04tongona_F0_B2,2436
v1_04tongona_F0_B3,2437
v1_04tongona_F0_B4,2438
v1_04tongona_F0_B5,2439
v1_04tongona_F1_B0,2440
v1_04tongona_F1_B1,2441
v1_04tongona_F1_B2,2442
v1_04tongona_F1_B3,2443
v1_04tongona_F1_B4,2444
v1_04tongona_F1_B5,2445
v1_04tongona_F2_B0,2446
v1_04tongona_F2_B1,2447
v1_04tongona_F2_B2,2448
v1_04tongona_F2_B3,2449
v1_04tongona_F2_B4,2450
v1_04tongona_F2_B5,2451
v1_04tongona_F3_B0,2452
v1_04tongona_F3_B1,2453
v1_04tongona_F3_B2,2454
v1_04tongona_F3_B3,2455
v1_04tongona_F3_B4,2456
v1_04tongona_F3_B5,2457
v1_04babatngn69_F0_B0,2458
v1_04babatngn69_F0_B1,2459
v1_04babatngn69_F0_B2,2460
v1_04babatngn69_F0_B3,2461
v1_04babatngn69_F0_B4,2462
v1_04babatngn69_F0_B5,2463
v1_04babatngn69_F1_B0,2464
v1_04babatngn69_F1_B1,2465
v1_04babatngn69_F1_B2,2466
v1_04babatngn69_F1_B3,2467
v1_04babatngn69_F1_B4,2468
v1_04babatngn69_F1_B5,2469
v1_04babatngn69_F2_B0,2470
v1_04babatngn69_F2_B1,2471
v1_04babatngn69_F2_B2,2472
v1_04babatngn69_F2_B3,2473
v1_04babatngn69_F2_B4,2474
v1_04babatngn69_F2_B5,2475
v1_04babatngn69_F3_B0,2476
v1_04babatngn69_F3_B1,2477
v1_04babatngn69_F3_B2,2478
v1_04babatngn69_F3_B3,2479
v1_04babatngn69_F3_B4,2480
v1_04babatngn69_F3_B5,2481
v1_04palo_F0_B0,2482
v1_04palo_F0_B1,2483
v1_04palo_F0_B2,2484
v1_04palo_F0_B3,2485
v1_04palo_F0_B4,2486
v1_04palo_F0_B5,2487
v1_04palo_F1_B0,2488
v1_04palo_F1_B1,2489
v1_04palo_F1_B2,2490
v1_04palo_F1_B3,2491
v1_04palo_F1_B4,2492
v1_04palo_F1_B5,2493
v1_04palo_F2_B0,2494
v1_04palo_F2_B1,2495
v1_04palo_F2_B2,2496
v1_04palo_F2_B3,2497
v1_04palo_F2_B4,2498
v1_04palo_F2_B5,2499
v1_04palo_F3_B0,2500
v1_04palo_F3_B1,2501
v1_04palo_F3_B2,2502
v1_04palo_F3_B3,2503
v1_04palo_F3_B4,2504
v1_04palo_F3_B5,2505
v1_04tolosa_F1_B0,2506
v1_04tolosa_F1_B1,2507
v1_04tolosa_F1_B2,2508
v1_04tolosa_F1_B3,2509
v1_04tolosa_F1_B4,2510
v1_04tolosa_F1_B5,2511
v1_04tolosa_F2_B0,2512
v1_04tolosa_F2_B1,2513
v1_04tolosa_F2_B2,2514
v1_04tolosa_F2_B3,2515
v1_04tolosa_F2_B4,2516
v1_04tolosa_F2_B5,2517
v1_04tolosa_F3_B0,2518
v1_04tolosa_F3_B1,2519
v1_04tolosa_F3_B2,2520
v1_04tolosa_F3_B3,2521
v1_04tolosa_F3_B4,2522
v1_04tolosa_F3_B5,2523
v1_04tunga_F0_B0,2524
v1_04tunga_F0_B1,2525
v1_04tunga_F0_B2,2526
v1_04tunga_F0_B3,2527
v1_04tunga_F0_B4,2528
v1_04tunga_F0_B5,2529
v1_04tunga_F1_B0,2530
v1_04tunga_F1_B1,2531
v1_04tunga_F1_B2,2532
v1_04tunga_F1_B3,2533
v1_04tunga_F1_B4,2534
v1_04tunga_F1_B5,2535
v1_04tunga_F2_B0,2536
v1_04tunga_F2_B1,2537
v1_04tunga_F2_B2,2538
v1_04tunga_F2_B3,2539
v1_04tunga_F2_B4,2540
v1_04tunga_F2_B5,2541
v1_04tunga_F3_B0,2542
v1_04tunga_F3_B1,2543
v1_04tunga_F3_B2,2544
v1_04tunga_F3_B3,2545
v1_04tunga_F3_B4,2546
v1_04tunga_F3_B5,2547
v1_04talisayan_F0_B0,2548
v1_04talisayan_F0_B1,2549
v1_04talisayan_F0_B2,2550
v1_04talisayan_F0_B3,2551
v1_04talisayan_F0_B4,2552
v1_04talisayan_F0_B5,2553
v1_04talisayan_F1_B0,2554
v1_04talisayan_F1_B1,2555
v1_04talisayan_F1_B2,2556
v1_04talisayan_F1_B3,2557
v1_04talisayan_F1_B4,2558
v1_04talisayan_F1_B5,2559
v1_04talisayan_F2_B0,2560
v1_04talisayan_F2_B1,2561
v1_04talisayan_F3_B0,2562
v1_04talisayan_F3_B1,2563
v1_04talisayan_F3_B2,2564
v1_04talisayan_F3_B3,2565
v1_04talisayan_F3_B4,2566
v1_04talisayan_F3_B5,2567
v1_04sanagustinl_F0_B0,2568
v1_04sanagustinl_F0_B1,2569
v1_04sanagustinl_F0_B2,2570
v1_04sanagustinl_F0_B3,2571
v1_04sanagustinl_F0_B4,2572
v1_04sanagustinl_F0_B5,2573
v1_04sanagustinl_F1_B0,2574
v1_04sanagustinl_F1_B1,2575
v1_04sanagustinl_F1_B2,2576
v1_04sanagustinl_F1_B3,2577
v1_04sanagustinl_F1_B4,2578
v1_04sanagustinl_F1_B5,2579
v1_04sanagustinl_F3_B0,2580
v1_04sanagustinl_F3_B1,2581
v1_04sanagustinl_F3_B2,2582
v1_04sanagustinl_F3_B3,2583
v1_04sanagustinl_F3_B4,2584
v1_04sanagustinl_F3_B5,2585
v1_04baybay_F0_B0,2586
v1_04baybay_F0_B1,2587
v1_04baybay_F0_B2,2588
v1_04baybay_F0_B3,2589
v1_04baybay_F0_B4,2590
v1_04baybay_F0_B5,2591
v1_04baybay_F1_B0,2592
v1_04baybay_F1_B1,2593
v1_04baybay_F1_B2,2594
v1_04baybay_F1_B3,2595
v1_04baybay_F1_B4,2596
v1_04baybay_F1_B5,2597
v1_04baybay_F3_B0,2598
v1_04baybay_F3_B1,2599
v1_04baybay_F3_B2,2600
v1_04baybay_F3_B3,2601
v1_04baybay_F3_B4,2602
v1_04baybay_F3_B5,2603
v1_04javier_F0_B0,2604
v1_04javier_F0_B1,2605
v1_04javier_F0_B2,2606
v1_04javier_F0_B3,2607
v1_04javier_F0_B4,2608
v1_04javier_F0_B5,2609
v1_04javier_F1_B0,2610
v1_04javier_F1_B1,2611
v1_04javier_F1_B2,2612
v1_04javier_F1_B3,2613
v1_04javier_F1_B4,2614
v1_04javier_F1_B5,2615
v1_04javier_F2_B0,2616
v1_04javier_F2_B1,2617
v1_04javier_F2_B2,2618
v1_04javier_F2_B3,2619
v1_04javier_F2_B4,2620
v1_04javier_F2_B5,2621
v1_04javier_F3_B0,2622
v1_04javier_F3_B1,2623
v1_04javier_F3_B2,2624
v1_04javier_F3_B3,2625
v1_04javier_F3_B4,2626
v1_04javier_F3_B5,2627
v1_04hilongos_F0_B0,2628
v1_04hilongos_F0_B1,2629
v1_04hilongos_F0_B2,2630
v1_04hilongos_F0_B3,2631
v1_04hilongos_F0_B4,2632
v1_04hilongos_F0_B5,2633
v1_04hilongos_F1_B0,2634
v1_04hilongos_F1_B1,2635
v1_04hilongos_F1_B2,2636
v1_04hilongos_F1_B3,2637
v1_04hilongos_F1_B4,2638
v1_04hilongos_F1_B5,2639
v1_04hilongos_F2_B0,2640
v1_04hilongos_F3_B0,2641
v1_04hilongos_F3_B1,2642
v1_04hilongos_F3_B2,2643
v1_04hilongos_F3_B3,2644
v1_04hilongos_F3_B4,2645
v1_04hilongos_F3_B5,2646
v1_04isabel69_F0_B0,2647
v1_04isabel69_F0_B1,2648
v1_04isabel69_F0_B2,2649
v1_04isabel69_F0_B3,2650
v1_04isabel69_F0_B4,2651
v1_04isabel69_F0_B5,2652
v1_04isabel69_F1_B0,2653
v1_04isabel69_F1_B1,2654
v1_04isabel69_F1_B2,2655
v1_04isabel69_F1_B3,2656
v1_04isabel69_F1_B4,2657
v1_04isabel69_F1_B5,2658
v1_04isabel69_F2_B0,2659
v1_04isabel69_F2_B1,2660
v1_04isabel69_F2_B2,2661
v1_04isabel69_F2_B3,2662
v1_04isabel69_F2_B4,2663
v1_04isabel69_F2_B5,2664
v1_04isabel69_F3_B0,2665
v1_04isabel69_F3_B1,2666
v1_04isabel69_F3_B2,2667
v1_04isabel69_F3_B3,2668
v1_04isabel69_F3_B4,2669
v1_04isabel69_F3_B5,2670
v1_04tabango69_F0_B0,2671
v1_04tabango69_F0_B1,2672
v1_04tabango69_F0_B2,2673
v1_04tabango69_F0_B3,2674
v1_04tabango69_F0_B4,2675
v1_04tabango69_F0_B5,2676
v1_04tabango69_F3_B0,2677
v1_04tabango69_F3_B1,2678
v1_04tabango69_F3_B2,2679
v1_04tabango69_F3_B3,2680
v1_04tabango69_F3_B4,2681
v1_04tabango69_F3_B5,2682
v1_04sambulawan_F0_B0,2683
v1_04sambulawan_F0_B1,2684
v1_04sambulawan_F0_B2,2685
v1_04sambulawan_F0_B3,2686
v1_04sambulawan_F0_B4,2687
v1_04sambulawan_F0_B5,2688
v1_04sambulawan_F1_B0,2689
v1_04sambulawan_F1_B1,2690
v1_04sambulawan_F1_B2,2691
v1_04sambulawan_F1_B3,2692
v1_04sambulawan_F1_B4,2693
v1_04sambulawan_F1_B5,2694
v1_04sambulawan_F2_B0,2695
v1_04sambulawan_F2_B1,2696
v1_04sambulawan_F2_B2,2697
v1_04sambulawan_F2_B3,2698
v1_04sambulawan_F2_B4,2699
v1_04sambulawan_F2_B5,2700
v1_04sambulawan_F3_B0,2701
v1_04sambulawan_F3_B1,2702
v1_04sambulawan_F3_B2,2703
v1_04sambulawan_F3_B3,2704
v1_04sambulawan_F3_B4,2705
v1_04sambulawan_F3_B5,2706
sub_cadiz_substation_56_F0_B0,2707
sub_cadiz_substation_56_F0_B1,2708
sub_cadiz_substation_56_F0_B2,2709
sub_cadiz_substation_56_F0_B3,2710
sub_cadiz_substation_56_F0_B4,2711
sub_cadiz_substation_56_F0_B5,2712
sub_cadiz_substation_56_F1_B0,2713
sub_cadiz_substation_56_F1_B1,2714
sub_cadiz_substation_56_F1_B2,2715
sub_cadiz_substation_56_F1_B3,2716
sub_cadiz_substation_56_F1_B4,2717
sub_cadiz_substation_56_F1_B5,2718
sub_cadiz_substation_56_F2_B0,2719
sub_cadiz_substation_56_F2_B1,2720
sub_cadiz_substation_56_F2_B2,2721
sub_cadiz_substation_56_F2_B3,2722
sub_cadiz_substation_56_F2_B4,2723
sub_cadiz_substation_56_F2_B5,2724
sub_cadiz_substation_56_F3_B0,2725
sub_cadiz_substation_56_F3_B1,2726
sub_cadiz_substation_56_F3_B2,2727
sub_cadiz_substation_56_F3_B3,2728
sub_cadiz_substation_56_F3_B4,2729
sub_cadiz_substation_56_F3_B5,2730
sub_san_jose_substation_116_F0_B0,2731
sub_san_jose_substation_116_F0_B1,2732
sub_san_jose_substation_116_F0_B2,2733
sub_san_jose_substation_116_F0_B3,2734
sub_san_jose_substation_116_F0_B4,2735
sub_san_jose_substation_116_F0_B5,2736
sub_san_jose_substation_116_F1_B0,2737
sub_san_jose_substation_116_F1_B1,2738
sub_san_jose_substation_116_F1_B2,2739
sub_san_jose_substation_116_F1_B3,2740
sub_san_jose_substation_116_F1_B4,2741
sub_san_jose_substation_116_F1_B5,2742
sub_san_jose_substation_116_F2_B0,2743
sub_san_jose_substation_116_F2_B1,2744
sub_san_jose_substation_116_F2_B2,2745
sub_san_jose_substation_116_F2_B3,2746
sub_san_jose_substation_116_F2_B4,2747
sub_san_jose_substation_116_F2_B5,2748
sub_san_jose_substation_116_F3_B0,2749
sub_san_jose_substation_116_F3_B1,2750
sub_cadiz_substation_96_F0_B0,2751
sub_cadiz_substation_96_F0_B1,2752
sub_cadiz_substation_96_F0_B2,2753
sub_cadiz_substation_96_F0_B3,2754
sub_cadiz_substation_96_F0_B4,2755
sub_cadiz_substation_96_F0_B5,2756
sub_cadiz_substation_96_F1_B0,2757
sub_cadiz_substation_96_F1_B1,2758
sub_cadiz_substation_96_F1_B2,2759
sub_cadiz_substation_96_F1_B3,2760
sub_cadiz_substation_96_F1_B4,2761
sub_cadiz_substation_96_F1_B5,2762
sub_cadiz_substation_96_F2_B0,2763
sub_cadiz_substation_96_F2_B1,2764
sub_cadiz_substation_96_F2_B2,2765
sub_cadiz_substation_96_F2_B3,2766
sub_cadiz_substation_96_F2_B4,2767
sub_cadiz_substation_96_F2_B5,2768
sub_cadiz_substation_96_F3_B0,2769
sub_cadiz_substation_96_F3_B1,2770
sub_cadiz_substation_96_F3_B2,2771
sub_cadiz_substation_96_F3_B3,2772
sub_cadiz_substation_96_F3_B4,2773
sub_cadiz_substation_96_F3_B5,2774
sub_osm_80_F0_B0,2775
sub_osm_80_F0_B1,2776
sub_osm_80_F0_B2,2777
sub_osm_80_F0_B3,2778
sub_osm_80_F0_B4,2779
sub_osm_80_F0_B5,2780
sub_osm_80_F1_B0,2781
sub_osm_80_F1_B1,2782
sub_osm_80_F1_B2,2783
sub_osm_80_F1_B3,2784
sub_osm_80_F1_B4,2785
sub_osm_80_F1_B5,2786
sub_osm_80_F2_B0,2787
sub_osm_80_F2_B1,2788
sub_osm_80_F2_B2,2789
sub_osm_80_F2_B3,2790
sub_osm_80_F2_B4,2791
sub_osm_80_F2_B5,2792
sub_osm_80_F3_B0,2793
sub_osm_80_F3_B1,2794
sub_osm_80_F3_B2,2795
sub_osm_80_F3_B3,2796
sub_osm_80_F3_B4,2797
sub_osm_80_F3_B5,2798
sub_sagay_substation_98_F0_B0,2799
sub_sagay_substation_98_F0_B1,2800
sub_sagay_substation_98_F0_B2,2801
sub_sagay_substation_98_F0_B3,2802
sub_sagay_substation_98_F0_B4,2803
sub_sagay_substation_98_F0_B5,2804
sub_sagay_substation_98_F1_B0,2805
sub_sagay_substation_98_F1_B1,2806
sub_sagay_substation_98_F1_B2,2807
sub_sagay_substation_98_F1_B3,2808
sub_sagay_substation_98_F1_B4,2809
sub_sagay_substation_98_F1_B5,2810
sub_sagay_substation_98_F2_B0,2811
sub_sagay_substation_98_F2_B1,2812
sub_sagay_substation_98_F2_B2,2813
sub_sagay_substation_98_F2_B3,2814
sub_sagay_substation_98_F2_B4,2815
sub_sagay_substation_98_F2_B5,2816
sub_sagay_substation_98_F3_B0,2817
sub_sagay_substation_98_F3_B1,2818
sub_sagay_substation_98_F3_B2,2819
sub_sagay_substation_98_F3_B3,2820
sub_sagay_substation_98_F3_B4,2821
sub_sagay_substation_98_F3_B5,2822
sub_calatrava_cable_terminal_112_F1_B0,2823
sub_calatrava_cable_terminal_112_F1_B1,2824
sub_calatrava_cable_terminal_112_F1_B2,2825
sub_calatrava_cable_terminal_112_F1_B3,2826
sub_calatrava_cable_terminal_112_F1_B4,2827
sub_calatrava_cable_terminal_112_F1_B5,2828
sub_calatrava_cable_terminal_112_F2_B0,2829
sub_calatrava_cable_terminal_112_F2_B1,2830
sub_calatrava_cable_terminal_112_F2_B2,2831
sub_calatrava_cable_terminal_112_F2_B3,2832
sub_calatrava_cable_terminal_112_F2_B4,2833
sub_calatrava_cable_terminal_112_F2_B5,2834
sub_calatrava_cable_terminal_112_F3_B0,2835
sub_calatrava_cable_terminal_112_F3_B1,2836
sub_calatrava_substation_113_F0_B0,2837
sub_calatrava_substation_113_F0_B1,2838
sub_calatrava_substation_113_F0_B2,2839
sub_calatrava_substation_113_F0_B3,2840
sub_calatrava_substation_113_F0_B4,2841
sub_calatrava_substation_113_F0_B5,2842
sub_calatrava_substation_113_F1_B0,2843
sub_calatrava_substation_113_F1_B1,2844
sub_calatrava_substation_113_F1_B2,2845
sub_calatrava_substation_113_F1_B3,2846
sub_calatrava_substation_113_F1_B4,2847
sub_calatrava_substation_113_F1_B5,2848
sub_calatrava_substation_113_F2_B0,2849
sub_calatrava_substation_113_F2_B1,2850
sub_calatrava_substation_113_F2_B2,2851
sub_calatrava_substation_113_F2_B3,2852
sub_calatrava_substation_113_F2_B4,2853
sub_calatrava_substation_113_F2_B5,2854
sub_calatrava_substation_113_F3_B0,2855
sub_calatrava_substation_113_F3_B1,2856
sub_ceneco_murcia_substation_7_F0_B0,2857
sub_ceneco_murcia_substation_7_F0_B1,2858
sub_ceneco_murcia_substation_7_F0_B2,2859
sub_ceneco_murcia_substation_7_F0_B3,2860
sub_ceneco_murcia_substation_7_F0_B4,2861
sub_ceneco_murcia_substation_7_F0_B5,2862
sub_ceneco_murcia_substation_7_F1_B0,2863
sub_ceneco_murcia_substation_7_F1_B1,2864
sub_ceneco_murcia_substation_7_F1_B2,2865
sub_ceneco_murcia_substation_7_F1_B3,2866
sub_ceneco_murcia_substation_7_F1_B4,2867
sub_ceneco_murcia_substation_7_F1_B5,2868
sub_ceneco_murcia_substation_7_F2_B0,2869
sub_ceneco_murcia_substation_7_F2_B1,2870
sub_ceneco_murcia_substation_7_F2_B2,2871
sub_ceneco_murcia_substation_7_F2_B3,2872
sub_ceneco_murcia_substation_7_F2_B4,2873
sub_ceneco_murcia_substation_7_F2_B5,2874
sub_ceneco_murcia_substation_7_F3_B0,2875
sub_ceneco_murcia_substation_7_F3_B1,2876
sub_ceneco_murcia_substation_7_F3_B2,2877
sub_ceneco_murcia_substation_7_F3_B3,2878
sub_ceneco_murcia_substation_7_F3_B4,2879
sub_ceneco_murcia_substation_7_F3_B5,2880
sub_panaogao_substation_78_F0_B0,2881
sub_panaogao_substation_78_F0_B1,2882
sub_panaogao_substation_78_F0_B2,2883
sub_panaogao_substation_78_F0_B3,2884
sub_panaogao_substation_78_F0_B4,2885
sub_panaogao_substation_78_F0_B5,2886
sub_panaogao_substation_78_F1_B0,2887
sub_panaogao_substation_78_F1_B1,2888
sub_panaogao_substation_78_F1_B2,2889
sub_panaogao_substation_78_F1_B3,2890
sub_panaogao_substation_78_F1_B4,2891
sub_panaogao_substation_78_F1_B5,2892
sub_panaogao_substation_78_F2_B0,2893
sub_panaogao_substation_78_F2_B1,2894
sub_panaogao_substation_78_F2_B2,2895
sub_panaogao_substation_78_F2_B3,2896
sub_panaogao_substation_78_F2_B4,2897
sub_panaogao_substation_78_F2_B5,2898
sub_panaogao_substation_78_F3_B0,2899
sub_panaogao_substation_78_F3_B1,2900
sub_panaogao_substation_78_F3_B2,2901
sub_panaogao_substation_78_F3_B3,2902
sub_panaogao_substation_78_F3_B4,2903
sub_panaogao_substation_78_F3_B5,2904
sub_bacayan_substation_79_F0_B0,2905
sub_bacayan_substation_79_F0_B1,2906
sub_bacayan_substation_79_F0_B2,2907
sub_bacayan_substation_79_F0_B3,2908
sub_bacayan_substation_79_F0_B4,2909
sub_bacayan_substation_79_F0_B5,2910
sub_bacayan_substation_79_F1_B0,2911
sub_bacayan_substation_79_F1_B1,2912
sub_bacayan_substation_79_F1_B2,2913
sub_bacayan_substation_79_F1_B3,2914
sub_bacayan_substation_79_F1_B4,2915
sub_bacayan_substation_79_F1_B5,2916
sub_bacayan_substation_79_F2_B0,2917
sub_bacayan_substation_79_F2_B1,2918
sub_bacayan_substation_79_F2_B2,2919
sub_bacayan_substation_79_F2_B3,2920
sub_bacayan_substation_79_F2_B4,2921
sub_bacayan_substation_79_F2_B5,2922
sub_bacayan_substation_79_F3_B0,2923
sub_bacayan_substation_79_F3_B1,2924
sub_bacayan_substation_79_F3_B2,2925
sub_bacayan_substation_79_F3_B3,2926
sub_bacayan_substation_79_F3_B4,2927
sub_bacayan_substation_79_F3_B5,2928
v1_06bacolod_F0_B0,2929
v1_06bacolod_F0_B1,2930
v1_06bacolod_F0_B2,2931
v1_06bacolod_F0_B3,2932
v1_06bacolod_F0_B4,2933
v1_06bacolod_F0_B5,2934
v1_06bacolod_F1_B0,2935
v1_06bacolod_F1_B1,2936
v1_06bacolod_F1_B2,2937
v1_06bacolod_F1_B3,2938
v1_06bacolod_F1_B4,2939
v1_06bacolod_F1_B5,2940
v1_06bacolod_F2_B0,2941
v1_06bacolod_F2_B1,2942
v1_06bacolod_F2_B2,2943
v1_06bacolod_F2_B3,2944
v1_06bacolod_F2_B4,2945
v1_06bacolod_F2_B5,2946
v1_06bacolod_F3_B0,2947
v1_06bacolod_F3_B1,2948
v1_06bacolod_F3_B2,2949
v1_06bacolod_F3_B3,2950
v1_06bacolod_F3_B4,2951
v1_06bacolod_F3_B5,2952
v1_06gahit_F0_B0,2953
v1_06gahit_F0_B1,2954
v1_06gahit_F0_B2,2955
v1_06gahit_F0_B3,2956
v1_06gahit_F0_B4,2957
v1_06gahit_F0_B5,2958
v1_06gahit_F1_B0,2959
v1_06gahit_F1_B1,2960
v1_06gahit_F2_B0,2961
v1_06gahit_F2_B1,2962
v1_06gahit_F2_B2,2963
v1_06gahit_F2_B3,2964
v1_06gahit_F2_B4,2965
v1_06gahit_F2_B5,2966
v1_06gahit_F3_B0,2967
v1_06gahit_F3_B1,2968
v1_06gahit_F3_B2,2969
v1_06gahit_F3_B3,2970
v1_06gahit_F3_B4,2971
v1_06gahit_F3_B5,2972
v1_06kabankalan_F0_B0,2973
v1_06kabankalan_F0_B1,2974
v1_06kabankalan_F0_B2,2975
v1_06kabankalan_F0_B3,2976
v1_06kabankalan_F0_B4,2977
v1_06kabankalan_F0_B5,2978
v1_06kabankalan_F1_B0,2979
v1_06kabankalan_F1_B1,2980
v1_06kabankalan_F1_B2,2981
v1_06kabankalan_F1_B3,2982
v1_06kabankalan_F1_B4,2983
v1_06kabankalan_F1_B5,2984
v1_06kabankalan_F2_B0,2985
v1_06kabankalan_F2_B1,2986
v1_06kabankalan_F2_B2,2987
v1_06kabankalan_F2_B3,2988
v1_06kabankalan_F2_B4,2989
v1_06kabankalan_F2_B5,2990
v1_06kabankalan_F3_B0,2991
v1_06kabankalan_F3_B1,2992
v1_06kabankalan_F3_B2,2993
v1_06kabankalan_F3_B3,2994
v1_06kabankalan_F3_B4,2995
v1_06kabankalan_F3_B5,2996
sub_bio_os_cable_terminal_66_F1_B0,2997
sub_bio_os_cable_terminal_66_F1_B1,2998
sub_bio_os_cable_terminal_66_F1_B2,2999
sub_bio_os_cable_terminal_66_F1_B3,3000
sub_bio_os_cable_terminal_66_F1_B4,3001
sub_bio_os_cable_terminal_66_F1_B5,3002
sub_bio_os_cable_terminal_66_F2_B0,3003
sub_bio_os_cable_terminal_66_F2_B1,3004
sub_bio_os_cable_terminal_66_F2_B2,3005
sub_bio_os_cable_terminal_66_F2_B3,3006
sub_bio_os_cable_terminal_66_F2_B4,3007
sub_bio_os_cable_terminal_66_F2_B5,3008
sub_bio_os_cable_terminal_66_F3_B0,3009
sub_bio_os_cable_terminal_66_F3_B1,3010
sub_bio_os_cable_terminal_66_F3_B2,3011
sub_bio_os_cable_terminal_66_F3_B3,3012
sub_bio_os_cable_terminal_66_F3_B4,3013
sub_bio_os_cable_terminal_66_F3_B5,3014
sub_amlan_substation_33_F0_B0,3015
sub_amlan_substation_33_F1_B0,3016
sub_amlan_substation_33_F1_B1,3017
sub_amlan_substation_33_F1_B2,3018
sub_amlan_substation_33_F1_B3,3019
sub_amlan_substation_33_F1_B4,3020
sub_amlan_substation_33_F1_B5,3021
sub_amlan_substation_33_F2_B0,3022
sub_amlan_substation_33_F2_B1,3023
sub_amlan_substation_33_F2_B2,3024
sub_amlan_substation_33_F2_B3,3025
sub_amlan_substation_33_F2_B4,3026
sub_amlan_substation_33_F2_B5,3027
sub_amlan_substation_33_F3_B0,3028
sub_amlan_substation_33_F3_B1,3029
sub_amlan_substation_33_F3_B2,3030
sub_amlan_substation_33_F3_B3,3031
sub_amlan_substation_33_F3_B4,3032
sub_amlan_substation_33_F3_B5,3033
sub_bagacay_substation_90_F0_B0,3034
sub_bagacay_substation_90_F0_B1,3035
sub_bagacay_substation_90_F0_B2,3036
sub_bagacay_substation_90_F0_B3,3037
sub_bagacay_substation_90_F0_B4,3038
sub_bagacay_substation_90_F0_B5,3039
sub_bagacay_substation_90_F1_B0,3040
sub_bagacay_substation_90_F1_B1,3041
sub_bagacay_substation_90_F1_B2,3042
sub_bagacay_substation_90_F1_B3,3043
sub_bagacay_substation_90_F1_B4,3044
sub_bagacay_substation_90_F1_B5,3045
sub_bagacay_substation_90_F2_B0,3046
sub_bagacay_substation_90_F2_B1,3047
sub_bagacay_substation_90_F2_B2,3048
sub_bagacay_substation_90_F2_B3,3049
sub_bagacay_substation_90_F2_B4,3050
sub_bagacay_substation_90_F2_B5,3051
sub_bagacay_substation_90_F3_B0,3052
sub_bagacay_substation_90_F3_B1,3053
sub_dauin_substation_94_F0_B0,3054
sub_dauin_substation_94_F0_B1,3055
sub_dauin_substation_94_F0_B2,3056
sub_dauin_substation_94_F0_B3,3057
sub_dauin_substation_94_F0_B4,3058
sub_dauin_substation_94_F0_B5,3059
sub_dauin_substation_94_F1_B0,3060
sub_dauin_substation_94_F1_B1,3061
sub_dauin_substation_94_F1_B2,3062
sub_dauin_substation_94_F1_B3,3063
sub_dauin_substation_94_F1_B4,3064
sub_dauin_substation_94_F1_B5,3065
sub_dauin_substation_94_F2_B0,3066
sub_dauin_substation_94_F2_B1,3067
sub_dauin_substation_94_F2_B2,3068
sub_dauin_substation_94_F2_B3,3069
sub_dauin_substation_94_F2_B4,3070
sub_dauin_substation_94_F2_B5,3071
sub_siaton_substation_103_F0_B0,3072
sub_siaton_substation_103_F0_B1,3073
sub_siaton_substation_103_F0_B2,3074
sub_siaton_substation_103_F0_B3,3075
sub_siaton_substation_103_F0_B4,3076
sub_siaton_substation_103_F0_B5,3077
sub_siaton_substation_103_F1_B0,3078
sub_siaton_substation_103_F1_B1,3079
sub_siaton_substation_103_F1_B2,3080
sub_siaton_substation_103_F1_B3,3081
sub_siaton_substation_103_F1_B4,3082
sub_siaton_substation_103_F1_B5,3083
sub_siaton_substation_103_F2_B0,3084
sub_siaton_substation_103_F2_B1,3085
sub_siaton_substation_103_F2_B2,3086
sub_siaton_substation_103_F2_B3,3087
sub_siaton_substation_103_F2_B4,3088
sub_siaton_substation_103_F2_B5,3089
sub_siaton_substation_103_F3_B0,3090
sub_siaton_substation_103_F3_B1,3091
sub_siaton_substation_103_F3_B2,3092
sub_siaton_substation_103_F3_B3,3093
sub_siaton_substation_103_F3_B4,3094
sub_siaton_substation_103_F3_B5,3095
sub_pulantubig_substation_107_F0_B0,3096
sub_pulantubig_substation_107_F0_B1,3097
sub_pulantubig_substation_107_F0_B2,3098
sub_pulantubig_substation_107_F0_B3,3099
sub_pulantubig_substation_107_F1_B0,3100
sub_pulantubig_substation_107_F1_B1,3101
sub_pulantubig_substation_107_F1_B2,3102
sub_pulantubig_substation_107_F1_B3,3103
sub_pulantubig_substation_107_F1_B4,3104
sub_pulantubig_substation_107_F1_B5,3105
sub_pulantubig_substation_107_F2_B0,3106
sub_pulantubig_substation_107_F2_B1,3107
sub_pulantubig_substation_107_F2_B2,3108
sub_pulantubig_substation_107_F2_B3,3109
sub_pulantubig_substation_107_F2_B4,3110
sub_pulantubig_substation_107_F2_B5,3111
sub_pulantubig_substation_107_F3_B0,3112
sub_pulantubig_substation_107_F3_B1,3113
sub_pulantubig_substation_107_F3_B2,3114
sub_tanjay_substation_108_F0_B0,3115
sub_tanjay_substation_108_F0_B1,3116
sub_tanjay_substation_108_F1_B0,3117
sub_tanjay_substation_108_F1_B1,3118
sub_tanjay_substation_108_F1_B2,3119
sub_tanjay_substation_108_F1_B3,3120
sub_tanjay_substation_108_F1_B4,3121
sub_tanjay_substation_108_F1_B5,3122
sub_tanjay_substation_108_F2_B0,3123
sub_tanjay_substation_108_F2_B1,3124
sub_tanjay_substation_108_F2_B2,3125
sub_tanjay_substation_108_F2_B3,3126
sub_tanjay_substation_108_F2_B4,3127
sub_tanjay_substation_108_F2_B5,3128
sub_tanjay_substation_108_F3_B0,3129
sub_tanjay_substation_108_F3_B1,3130
sub_tanjay_substation_108_F3_B2,3131
sub_tanjay_substation_108_F3_B3,3132
sub_tanjay_substation_108_F3_B4,3133
sub_tanjay_substation_108_F3_B5,3134
sub_bindoy_substation_109_F0_B0,3135
sub_bindoy_substation_109_F0_B1,3136
sub_bindoy_substation_109_F1_B0,3137
sub_bindoy_substation_109_F1_B1,3138
sub_bindoy_substation_109_F1_B2,3139
sub_bindoy_substation_109_F1_B3,3140
sub_bindoy_substation_109_F1_B4,3141
sub_bindoy_substation_109_F1_B5,3142
sub_bindoy_substation_109_F2_B0,3143
sub_bindoy_substation_109_F2_B1,3144
sub_bindoy_substation_109_F2_B2,3145
sub_bindoy_substation_109_F2_B3,3146
sub_bindoy_substation_109_F2_B4,3147
sub_bindoy_substation_109_F2_B5,3148
sub_bindoy_substation_109_F3_B0,3149
sub_bindoy_substation_109_F3_B1,3150
sub_bindoy_substation_109_F3_B2,3151
sub_osm_120_F0_B0,3152
sub_osm_120_F0_B1,3153
sub_osm_120_F0_B2,3154
sub_osm_120_F0_B3,3155
sub_osm_120_F1_B0,3156
sub_osm_120_F1_B1,3157
sub_osm_120_F1_B2,3158
sub_osm_120_F1_B3,3159
sub_osm_120_F1_B4,3160
sub_osm_120_F1_B5,3161
sub_osm_120_F2_B0,3162
sub_osm_120_F2_B1,3163
sub_osm_120_F2_B2,3164
sub_osm_120_F2_B3,3165
sub_osm_120_F2_B4,3166
sub_osm_120_F2_B5,3167
sub_osm_120_F3_B0,3168
v1_06mabinay_F0_B0,3169
v1_06mabinay_F0_B1,3170
v1_06mabinay_F0_B2,3171
v1_06mabinay_F0_B3,3172
v1_06mabinay_F0_B4,3173
v1_06mabinay_F0_B5,3174
v1_06mabinay_F1_B0,3175
v1_06mabinay_F1_B1,3176
v1_06mabinay_F1_B2,3177
v1_06mabinay_F1_B3,3178
v1_06mabinay_F1_B4,3179
v1_06mabinay_F1_B5,3180
v1_06mabinay_F2_B0,3181
v1_06mabinay_F2_B1,3182
v1_06mabinay_F2_B2,3183
v1_06mabinay_F2_B3,3184
v1_06mabinay_F2_B4,3185
v1_06mabinay_F2_B5,3186
v1_06mabinay_F3_B0,3187
v1_06mabinay_F3_B1,3188
v1_06mabinay_F3_B2,3189
v1_06mabinay_F3_B3,3190
v1_06mabinay_F3_B4,3191
v1_06mabinay_F3_B5,3192
v1_06pgpp1_F0_B0,3193
v1_06pgpp1_F0_B1,3194
v1_06pgpp1_F0_B2,3195
v1_06pgpp1_F0_B3,3196
v1_06pgpp1_F0_B4,3197
v1_06pgpp1_F0_B5,3198
v1_06pgpp1_F1_B0,3199
v1_06pgpp1_F1_B1,3200
v1_06pgpp1_F1_B2,3201
v1_06pgpp1_F1_B3,3202
v1_06pgpp1_F1_B4,3203
v1_06pgpp1_F1_B5,3204
v1_06pgpp1_F2_B0,3205
v1_06pgpp1_F2_B1,3206
v1_06pgpp1_F2_B2,3207
v1_06pgpp1_F2_B3,3208
v1_06pgpp1_F2_B4,3209
v1_06pgpp1_F2_B5,3210
v1_06pgpp1_F3_B0,3211
v1_06pgpp1_F3_B1,3212
v1_06pgpp1_F3_B2,3213
v1_06pgpp1_F3_B3,3214
v1_06pgpp1_F3_B4,3215
v1_06pgpp1_F3_B5,3216
v1_06pgpp2_F0_B0,3217
v1_06pgpp2_F0_B1,3218
v1_06pgpp2_F0_B2,3219
v1_06pgpp2_F0_B3,3220
v1_06pgpp2_F0_B4,3221
v1_06pgpp2_F0_B5,3222
v1_06pgpp2_F1_B0,3223
v1_06pgpp2_F1_B1,3224
v1_06pgpp2_F1_B2,3225
v1_06pgpp2_F1_B3,3226
v1_06pgpp2_F1_B4,3227
v1_06pgpp2_F1_B5,3228
v1_06pgpp2_F2_B0,3229
v1_06pgpp2_F2_B1,3230
v1_06pgpp2_F2_B2,3231
v1_06pgpp2_F2_B3,3232
v1_06pgpp2_F2_B4,3233
v1_06pgpp2_F2_B5,3234
v1_06pgpp2_F3_B0,3235
v1_06pgpp2_F3_B1,3236
v1_06pgpp2_F3_B2,3237
v1_06pgpp2_F3_B3,3238
v1_06pgpp2_F3_B4,3239
v1_06pgpp2_F3_B5,3240
