scenario,bus_id,line_id,vm_pu,va_degree,loading_percent,p_from_mw,p_to_mw,convergence_mode
off_peak,sub_cadiz_substation_56,,0.9818026233374061,19.694007531821352,,,,nr
off_peak,tower_0001,,0.9861937935650382,21.310814986638004,,,,nr
off_peak,tower_0003,,1.0195196742492014,-0.033364938014820496,,,,nr
off_peak,tower_0005,,1.018274894559366,-0.15584157282579753,,,,nr
off_peak,tower_0006,,1.018274894559366,-0.15584157282579744,,,,nr
off_peak,sub_cebu_city_substation_14,,0.9745052762198503,16.705406472135138,,,,nr
off_peak,sub_compostela_substation_15,,0.9729713159861012,14.696506527027742,,,,nr
off_peak,sub_naga_substation_16,,0.9752330795436347,18.925796093963903,,,,nr
off_peak,tower_0007,,0.9757110015279401,19.023455674991666,,,,nr
off_peak,tower_0008,,0.9752330795436347,18.925796093963903,,,,nr
off_peak,tower_0011,,0.9823338200969443,8.460873046553338,,,,nr
off_peak,sub_tabango_substation_57,,0.9755356969565077,10.570544325961686,,,,nr
off_peak,tower_0012,,0.870310694850451,-7.774330950013799,,,,nr
off_peak,sub_osm_13,,0.8703106948504759,-7.774330950014047,,,,nr
off_peak,tower_0019,,1.0110839057440237,0.6507483188926674,,,,nr
off_peak,sub_maasin_substation_19,,1.0111324601831306,0.6552210572686885,,,,nr
off_peak,tower_0020,,1.0110796878653843,0.6450237405652315,,,,nr
off_peak,tower_0021,,1.0110796878653843,0.6450237405652315,,,,nr
off_peak,sub_milagro_substation_104,,1.02,0.0,,,,nr
off_peak,tower_0022,,1.019939286976047,-0.00043119855112683746,,,,nr
off_peak,tower_0023,,0.9797039797707378,20.69585448730697,,,,nr
off_peak,sub_daanbantayan_cable_terminal_27,,0.9786331327117878,11.175259263255432,,,,nr
off_peak,sub_suba_cable_terminal_29,,0.9874580523559042,23.127397447107885,,,,nr
off_peak,sub_osm_83,,0.9916963813487729,21.705426270728438,,,,nr
off_peak,sub_magdugo_substation_72,,0.9730157731143935,16.765838187647557,,,,nr
off_peak,sub_national_grid_corporation_of_the_philippines_34,,1.0026054185675883,-1.225560002622029,,,,nr
off_peak,tower_0025,,1.0025589500459013,-1.227742977939839,,,,nr
off_peak,sub_bio_os_cable_terminal_66,,0.9918315472952711,23.49475817230914,,,,nr
off_peak,sub_paranas_substation_47,,1.004882051771115,-1.0630210448428592,,,,nr
off_peak,tower_0029,,0.9883753942269987,21.67833891492226,,,,nr
off_peak,tower_0030,,0.9883753942269987,21.67833891492226,,,,nr
off_peak,sub_amlan_substation_33,,0.9930669663091423,23.757562504212444,,,,nr
off_peak,tower_0034,,0.9996319696170903,24.881076656896795,,,,nr
off_peak,tower_0035,,1.0139531346425181,-0.44474594941747064,,,,nr
off_peak,sub_cabacungan_cable_terminal_36,,1.0195196742492014,-0.03336493801482057,,,,nr
off_peak,tower_0037,,0.8703106948504759,-7.774330950014047,,,,nr
off_peak,tower_0038,,0.8703106948504759,-7.774330950014047,,,,nr
off_peak,sub_babatngon_substation_20,,1.0183220915137379,-0.15365859750798685,,,,nr
off_peak,sub_ubay_substation_54,,0.9888564214268379,6.24053378715806,,,,nr
off_peak,sub_tugas_terminal_submerged_ngcp_lines_58,,1.0085984498325298,1.8191259001146027,,,,nr
off_peak,sub_osm_55,,0.9842126497985569,7.971998119309858,,,,nr
off_peak,tower_0040,,0.9847290064346728,8.124167641561291,,,,nr
off_peak,tower_0041,,0.8703106948504508,-7.774330950013795,,,,nr
off_peak,tower_0042,,0.8703106948504508,-7.774330950013795,,,,nr
off_peak,tower_0043,,0.9824251118583188,8.436636585847,,,,nr
off_peak,tower_0045,,0.9842126497985569,7.971998119309858,,,,nr
off_peak,sub_maasin_terminal_submerged_lines_59,,1.0079976698190931,1.1588371889030646,,,,nr
off_peak,sub_corella_substation_boheco_i_18,,0.9744785009472823,9.469587527991159,,,,nr
off_peak,tower_0047,,0.9843729942111965,5.764535223442292,,,,nr
off_peak,sub_trinidad_substation_73,,0.9775604602041867,5.384048761759317,,,,nr
off_peak,sub_mandugo_substation_62,,0.98510110099001,20.696693298998262,,,,nr
off_peak,tower_0048,,0.980599200019174,22.868462118425573,,,,nr
off_peak,tower_0049,,0.9861876077718369,23.271862718659357,,,,nr
off_peak,tower_0050,,0.9757897654936569,17.774472475160035,,,,nr
off_peak,sub_san_jose_substation_116,,0.9758349932659265,17.776655450477847,,,,nr
off_peak,sub_mandaue_gas_insulated_substation_64,,0.9708906333863596,16.33679802901704,,,,nr
off_peak,sub_lapu_lapu_gas_insulated_substation_63,,0.9708373774623634,16.33491137725967,,,,nr
off_peak,tower_0051,,0.9996787693916525,24.771270258210006,,,,nr
off_peak,tower_0052,,0.9759384052166412,19.06968830239145,,,,nr
off_peak,sub_toledo_substation_68,,0.980659740990813,19.997460983522014,,,,nr
off_peak,tower_0053,,0.9767713485683539,19.237759190580903,,,,nr
off_peak,sub_bagolibas_substation_48,,0.9403061896750873,-4.6712897056633995,,,,nr
off_peak,tower_0054,,1.0110855964521108,0.6530380819508791,,,,nr
off_peak,tower_0055,,0.9843425926645051,5.763792858150451,,,,nr
off_peak,sub_alicia_substation_71,,0.9761759815488359,5.308776123518484,,,,nr
off_peak,tower_0056,,0.9761759815488359,5.308776123518484,,,,nr
off_peak,tower_0057,,0.9744226149794387,9.468577712914598,,,,nr
off_peak,tower_0060,,0.9730157731143935,16.765838187647557,,,,nr
off_peak,sub_santander_cable_terminal_82,,0.9735699990023418,13.908545094419633,,,,nr
off_peak,sub_dumanjug_converter_station_100,,0.9737225922286407,13.91932466703638,,,,nr
off_peak,tower_0064,,1.0110796878653845,0.6450237405652324,,,,nr
off_peak,tower_0065,,1.0110796878653845,0.6450237405652292,,,,nr
off_peak,sub_argao_cable_terminal_117,,0.9785947224832614,11.241102066769885,,,,nr
off_peak,sub_bohol_cable_terminal_89,,0.9729992962786856,10.375925002393128,,,,nr
off_peak,tower_0070,,0.9743114286184935,16.713202896658306,,,,nr
off_peak,sub_cebeco_iii_8,,0.9711894321081953,16.5809205152766,,,,nr
off_peak,tower_0078,,0.981746317333956,19.6929977167448,,,,nr
off_peak,tower_0079,,0.981746317333956,19.6929977167448,,,,nr
off_peak,tower_0080,,0.9768242390357528,19.182406777586184,,,,nr
off_peak,sub_cadiz_substation_96,,0.973123432484778,18.981262102235217,,,,nr
off_peak,sub_osm_80,,0.9999999999999998,26.147131090976636,,,,nr
off_peak,tower_0081,,0.9809154168006671,19.330084397941288,,,,nr
off_peak,sub_ginatilan_substation_102,,0.9823254076029049,22.586521142036634,,,,nr
off_peak,tower_0095,,0.9732860791992185,16.754505551435518,,,,nr
off_peak,tower_0097,,0.9729599710334295,16.764828372570992,,,,nr
off_peak,tower_0098,,0.9732302616163041,16.753495736358957,,,,nr
off_peak,sub_talvera_cable_terminal_10,,0.9728651184102655,17.304563480821024,,,,nr
off_peak,sub_calatrava_cable_terminal_112,,0.9779371944821418,17.91408656743042,,,,nr
off_peak,sub_calatrava_substation_113,,0.9780086390055446,17.993633688907444,,,,nr
off_peak,sub_osm_60,,1.0003328353679477,-1.3910996613208801,,,,nr
off_peak,sub_albuera_electrode_station_114,,1.0194350526516818,-0.048696085850702064,,,,nr
off_peak,sub_osm_60_F0_B0,,0.9983306679360594,-1.5973678408823542,,,,nr
off_peak,sub_osm_60_F0_B1,,0.993211515393632,-1.7674940324737363,,,,nr
off_peak,sub_osm_60_F0_B2,,0.9858929799767074,-2.013386756285828,,,,nr
off_peak,sub_osm_60_F0_B3,,0.982914316315013,-2.114398224881524,,,,nr
off_peak,sub_osm_60_F0_B4,,0.9769624718725536,-2.317623352481682,,,,nr
off_peak,sub_osm_60_F0_B5,,0.9722133181412159,-2.4813390635156938,,,,nr
off_peak,sub_osm_60_F1_B0,,0.99832247909987,-1.5976535390941524,,,,nr
off_peak,sub_osm_60_F1_B1,,0.9919478157715864,-1.8091316659002945,,,,nr
off_peak,sub_osm_60_F1_B2,,0.9864006110008121,-1.9949951462097664,,,,nr
off_peak,sub_osm_60_F1_B3,,0.9792456305487978,-2.23731150341886,,,,nr
off_peak,sub_osm_60_F1_B4,,0.9728046627936575,-2.4581670219585114,,,,nr
off_peak,sub_osm_60_F1_B5,,0.9688926186385382,-2.5936213521772613,,,,nr
off_peak,sub_osm_60_F2_B0,,0.9983311635209119,-1.5973505505221828,,,,nr
off_peak,sub_osm_60_F2_B1,,0.9902889438540523,-1.8655942284204212,,,,nr
off_peak,sub_osm_60_F2_B2,,0.9867312775726662,-1.9855667377538555,,,,nr
off_peak,sub_osm_60_F2_B3,,0.9808654013188339,-2.185027279193347,,,,nr
off_peak,sub_osm_60_F2_B4,,0.9779212774767249,-2.286014838865068,,,,nr
off_peak,sub_osm_60_F2_B5,,0.9760144792776454,-2.3517156541224566,,,,nr
off_peak,sub_osm_60_F3_B0,,0.998309184189577,-1.5981173800286552,,,,nr
off_peak,sub_osm_60_F3_B1,,0.9861442850930778,-2.002328505078388,,,,nr
off_peak,sub_osm_60_F3_B2,,0.9808278697594103,-2.182035970074228,,,,nr
off_peak,sub_osm_60_F3_B3,,0.9776541940484479,-2.2900377492650645,,,,nr
off_peak,sub_osm_60_F3_B4,,0.9691940297603944,-2.580650238125678,,,,nr
off_peak,sub_osm_60_F3_B5,,0.9660446040828375,-2.6901197499555387,,,,nr
off_peak,sub_cabacungan_cable_terminal_36_F0_B0,,1.0189561622632053,-0.08534964938805968,,,,nr
off_peak,sub_cabacungan_cable_terminal_36_F0_B1,,1.016501750142036,-0.1649120295748673,,,,nr
off_peak,sub_cabacungan_cable_terminal_36_F0_B2,,1.0022267581483157,-0.6343696187940692,,,,nr
off_peak,sub_cabacungan_cable_terminal_36_F0_B3,,0.999361602142727,-0.730299394811123,,,,nr
off_peak,sub_cabacungan_cable_terminal_36_F0_B4,,0.995286271260435,-0.8675897391068313,,,,nr
off_peak,sub_cabacungan_cable_terminal_36_F0_B5,,0.9945677925758921,-0.8919189450201948,,,,nr
off_peak,sub_cabacungan_cable_terminal_36_F2_B0,,1.0189663036456742,-0.08500292544859256,,,,nr
off_peak,sub_cabacungan_cable_terminal_36_F2_B1,,1.0174886121594906,-0.1336107228649161,,,,nr
off_peak,sub_cabacungan_cable_terminal_36_F2_B2,,1.0172063368174402,-0.14290240816796823,,,,nr
off_peak,sub_cabacungan_cable_terminal_36_F2_B3,,1.0167251729216533,-0.1587216295770667,,,,nr
off_peak,sub_cabacungan_cable_terminal_36_F2_B4,,1.0097121837010246,-0.39039358208605074,,,,nr
off_peak,sub_cabacungan_cable_terminal_36_F2_B5,,1.0061651457529925,-0.5087307225326475,,,,nr
off_peak,sub_cabacungan_cable_terminal_36_F3_B0,,1.0189555684454341,-0.08536995139712193,,,,nr
off_peak,sub_cabacungan_cable_terminal_36_F3_B1,,1.0139212563584183,-0.24889706686240193,,,,nr
off_peak,sub_cabacungan_cable_terminal_36_F3_B2,,1.0023636103245537,-0.6299398979896385,,,,nr
off_peak,sub_cabacungan_cable_terminal_36_F3_B3,,1.000473804855044,-0.693091052766766,,,,nr
off_peak,sub_cabacungan_cable_terminal_36_F3_B4,,0.9950482574309102,-0.8754154821453681,,,,nr
off_peak,sub_cabacungan_cable_terminal_36_F3_B5,,0.9926533778657094,-0.956506957836361,,,,nr
off_peak,sub_national_grid_corporation_of_the_philippines_34_F0_B0,,1.0013182952068815,-1.3580504254576105,,,,nr
off_peak,sub_national_grid_corporation_of_the_philippines_34_F0_B1,,0.9979583716830929,-1.4701357106410764,,,,nr
off_peak,sub_national_grid_corporation_of_the_philippines_34_F0_B2,,0.9951479419199152,-1.5643718566067994,,,,nr
off_peak,sub_national_grid_corporation_of_the_philippines_34_F0_B3,,0.9929397033672348,-1.6386864316936522,,,,nr
off_peak,sub_national_grid_corporation_of_the_philippines_34_F0_B4,,0.9870141602765254,-1.8394188515721686,,,,nr
off_peak,sub_national_grid_corporation_of_the_philippines_34_F0_B5,,0.9854685077699569,-1.8921888629858552,,,,nr
off_peak,sub_national_grid_corporation_of_the_philippines_34_F1_B0,,1.0013228474020954,-1.3578920638771272,,,,nr
off_peak,sub_national_grid_corporation_of_the_philippines_34_F1_B1,,0.9981999602444215,-1.4623371927453572,,,,nr
off_peak,sub_national_grid_corporation_of_the_philippines_34_F1_B2,,0.9951561166378953,-1.564726083269914,,,,nr
off_peak,sub_national_grid_corporation_of_the_philippines_34_F1_B3,,0.9932180665149614,-1.6302291949274919,,,,nr
off_peak,sub_national_grid_corporation_of_the_philippines_34_F1_B4,,0.9918220925984454,-1.6775543355313756,,,,nr
off_peak,sub_national_grid_corporation_of_the_philippines_34_F1_B5,,0.9906294215914595,-1.7180783876119037,,,,nr
off_peak,sub_national_grid_corporation_of_the_philippines_34_F3_B0,,1.0013165340961094,-1.358111690836864,,,,nr
off_peak,sub_national_grid_corporation_of_the_philippines_34_F3_B1,,0.9973861471988599,-1.4891712533326882,,,,nr
off_peak,sub_national_grid_corporation_of_the_philippines_34_F3_B2,,0.9949090487327947,-1.5722111553305451,,,,nr
off_peak,sub_national_grid_corporation_of_the_philippines_34_F3_B3,,0.9906539003827383,-1.7156270492779453,,,,nr
off_peak,sub_national_grid_corporation_of_the_philippines_34_F3_B4,,0.9868645669740733,-1.8442775016842876,,,,nr
off_peak,sub_national_grid_corporation_of_the_philippines_34_F3_B5,,0.9846391016582382,-1.9202594303065539,,,,nr
off_peak,sub_paranas_substation_47_F0_B0,,1.0035970594808845,-1.1949415424252394,,,,nr
off_peak,sub_paranas_substation_47_F0_B1,,0.9964445141154676,-1.4339750239468403,,,,nr
off_peak,sub_paranas_substation_47_F0_B2,,0.9953403537505331,-1.4711990761144407,,,,nr
off_peak,sub_paranas_substation_47_F0_B3,,0.9943065498778934,-1.5061019086968734,,,,nr
off_peak,sub_paranas_substation_47_F0_B4,,0.9915944248958548,-1.5979416128739634,,,,nr
off_peak,sub_paranas_substation_47_F0_B5,,0.9906761600083959,-1.629150668880291,,,,nr
off_peak,sub_paranas_substation_47_F1_B0,,1.003589574993454,-1.1952013206286927,,,,nr
off_peak,sub_paranas_substation_47_F1_B1,,0.9989658300778572,-1.3485493868327199,,,,nr
off_peak,sub_paranas_substation_47_F1_B2,,0.9934158588270325,-1.5342747661664673,,,,nr
off_peak,sub_paranas_substation_47_F1_B3,,0.9885814733840579,-1.697647036301546,,,,nr
off_peak,sub_paranas_substation_47_F1_B4,,0.9856355333649224,-1.7979629198921292,,,,nr
off_peak,sub_paranas_substation_47_F1_B5,,0.9845072013396774,-1.8365419118818034,,,,nr
off_peak,sub_paranas_substation_47_F2_B0,,1.0035806406618473,-1.1955114203847477,,,,nr
off_peak,sub_paranas_substation_47_F2_B1,,0.9966999313995262,-1.423052197078979,,,,nr
off_peak,sub_paranas_substation_47_F2_B2,,0.9893672163959542,-1.668736854480894,,,,nr
off_peak,sub_paranas_substation_47_F2_B3,,0.9834229327381704,-1.8705109272842326,,,,nr
off_peak,sub_paranas_substation_47_F2_B4,,0.9819152476153363,-1.9220754005769916,,,,nr
off_peak,sub_paranas_substation_47_F2_B5,,0.9791599318663844,-2.0166126857205566,,,,nr
off_peak,sub_paranas_substation_47_F3_B0,,1.0035907176194039,-1.1951616614030067,,,,nr
off_peak,sub_paranas_substation_47_F3_B1,,0.9964871415741658,-1.4316077838693948,,,,nr
off_peak,sub_paranas_substation_47_F3_B2,,0.9932846937715101,-1.539288541150451,,,,nr
off_peak,sub_paranas_substation_47_F3_B3,,0.991053563728905,-1.6146553990362287,,,,nr
off_peak,sub_paranas_substation_47_F3_B4,,0.9875918295519455,-1.7321360328827302,,,,nr
off_peak,sub_paranas_substation_47_F3_B5,,0.9852785414634937,-1.81105706054739,,,,nr
off_peak,sub_bagolibas_substation_48_F0_B0,,0.9369462677607858,-5.049259892099099,,,,nr
off_peak,sub_bagolibas_substation_48_F0_B1,,0.9346136254266095,-5.131794692875539,,,,nr
off_peak,sub_bagolibas_substation_48_F0_B2,,0.9313308327576724,-5.2482981003552105,,,,nr
off_peak,sub_bagolibas_substation_48_F0_B3,,0.9226478974824963,-5.559522835842672,,,,nr
off_peak,sub_bagolibas_substation_48_F0_B4,,0.9155467462190814,-5.8181463319878715,,,,nr
off_peak,sub_bagolibas_substation_48_F0_B5,,0.9131464105614387,-5.906476898529165,,,,nr
off_peak,sub_bagolibas_substation_48_F1_B0,,0.9392181497325642,-4.799780051055344,,,,nr
off_peak,sub_bagolibas_substation_48_F1_B1,,0.9390067313502614,-4.807367148146096,,,,nr
off_peak,sub_bagolibas_substation_48_F2_B0,,0.9369839290415942,-5.047860153899286,,,,nr
off_peak,sub_bagolibas_substation_48_F2_B1,,0.9346782847470737,-5.13014899849145,,,,nr
off_peak,sub_bagolibas_substation_48_F2_B2,,0.9320996678436999,-5.2225724046879725,,,,nr
off_peak,sub_bagolibas_substation_48_F2_B3,,0.9305387379035486,-5.278705654776235,,,,nr
off_peak,sub_bagolibas_substation_48_F2_B4,,0.9258467797083858,-5.448323951736865,,,,nr
off_peak,sub_bagolibas_substation_48_F2_B5,,0.9243076772998813,-5.504340955651649,,,,nr
off_peak,sub_bagolibas_substation_48_F3_B0,,0.9369752697324991,-5.048181991901304,,,,nr
off_peak,sub_bagolibas_substation_48_F3_B1,,0.935891383534728,-5.086729664923358,,,,nr
off_peak,sub_bagolibas_substation_48_F3_B2,,0.93030672800791,-5.286450940821345,,,,nr
off_peak,sub_bagolibas_substation_48_F3_B3,,0.9268453663476183,-5.411402333500832,,,,nr
off_peak,sub_bagolibas_substation_48_F3_B4,,0.925132465155155,-5.473547331196886,,,,nr
off_peak,sub_bagolibas_substation_48_F3_B5,,0.9222977983240279,-5.576772246200324,,,,nr
off_peak,sub_maasin_substation_19_F0_B0,,1.0094241145297365,0.47991835300974417,,,,nr
off_peak,sub_maasin_substation_19_F0_B1,,1.007705350823767,0.4230747937441287,,,,nr
off_peak,sub_maasin_substation_19_F0_B2,,1.004374586435348,0.31252720863283484,,,,nr
off_peak,sub_maasin_substation_19_F0_B3,,1.0008297147960503,0.19421054087968204,,,,nr
off_peak,sub_maasin_substation_19_F0_B4,,0.996975108041772,0.06475120863163786,,,,nr
off_peak,sub_maasin_substation_19_F0_B5,,0.993858191671061,-0.0405716415018395,,,,nr
off_peak,sub_maasin_substation_19_F1_B0,,1.0099935013015362,0.5381687457738875,,,,nr
off_peak,sub_maasin_substation_19_F1_B1,,1.0091178649525043,0.5089757120573694,,,,nr
off_peak,sub_maasin_substation_19_F1_B2,,1.0082375817079616,0.4795805699817169,,,,nr
off_peak,sub_maasin_substation_19_F1_B3,,1.0080452734302234,0.4731516643428165,,,,nr
off_peak,sub_maasin_substation_19_F2_B0,,1.0105415821277055,0.5956769168955146,,,,nr
off_peak,sub_maasin_substation_19_F2_B1,,1.0104271156510725,0.5918589522588785,,,,nr
off_peak,sub_maasin_substation_19_F3_B0,,1.0094219362706922,0.4798431868905571,,,,nr
off_peak,sub_maasin_substation_19_F3_B1,,1.0086024976526753,0.45279803541222946,,,,nr
off_peak,sub_maasin_substation_19_F3_B2,,1.0040366289113662,0.30159226678352424,,,,nr
off_peak,sub_maasin_substation_19_F3_B3,,0.9978520540337427,0.09476852258939777,,,,nr
off_peak,sub_maasin_substation_19_F3_B4,,0.9962642109704967,0.041257505912892914,,,,nr
off_peak,sub_maasin_substation_19_F3_B5,,0.9932165254186666,-0.06180066523842674,,,,nr
off_peak,sub_maasin_terminal_submerged_lines_59_F0_B0,,1.0062736905681773,0.9820885024464229,,,,nr
off_peak,sub_maasin_terminal_submerged_lines_59_F0_B1,,1.0025784706923955,0.859812504635446,,,,nr
off_peak,sub_maasin_terminal_submerged_lines_59_F0_B2,,0.9949681515160084,0.6053684690115971,,,,nr
off_peak,sub_maasin_terminal_submerged_lines_59_F0_B3,,0.991745156585684,0.4963854162331856,,,,nr
off_peak,sub_maasin_terminal_submerged_lines_59_F0_B4,,0.990847839778327,0.46591523066930884,,,,nr
off_peak,sub_maasin_terminal_submerged_lines_59_F0_B5,,0.9897669179139025,0.42915132094479924,,,,nr
off_peak,sub_maasin_terminal_submerged_lines_59_F1_B0,,1.0076783299593783,1.1278038109381947,,,,nr
off_peak,sub_maasin_terminal_submerged_lines_59_F3_B0,,1.006284026372139,0.9824462764660099,,,,nr
off_peak,sub_maasin_terminal_submerged_lines_59_F3_B1,,1.0008261380070893,0.8006041017561322,,,,nr
off_peak,sub_maasin_terminal_submerged_lines_59_F3_B2,,0.9987898907372512,0.7322409723313058,,,,nr
off_peak,sub_maasin_terminal_submerged_lines_59_F3_B3,,0.9964709735606101,0.6540615771807664,,,,nr
off_peak,sub_maasin_terminal_submerged_lines_59_F3_B4,,0.9961316189853974,0.6425883043732721,,,,nr
off_peak,sub_maasin_terminal_submerged_lines_59_F3_B5,,0.9954759520288836,0.620404633566486,,,,nr
off_peak,v1_07corella,,0.9720745913700116,9.226655991744455,,,,nr
off_peak,v1_07tapal,,0.9885499408055978,6.218289509400413,,,,nr
off_peak,v1_05naga,,0.9748228670334242,18.8954541899594,,,,nr
off_peak,v1_05therma,,0.9999999999999998,22.82389614342101,,,,nr
off_peak,v1_04babatngn,,1.0168145189395956,-0.2630122220927268,,,,nr
off_peak,v1_04kananga,,0.9822286826117322,8.453498953709257,,,,nr
off_peak,v1_04tongona,,0.9999999999999999,13.535033210790697,,,,nr
off_peak,v1_06bacolod,,0.9999999999999999,24.85368246718889,,,,nr
off_peak,v1_06kabankalan,,0.9749856822759579,22.457433913496256,,,,nr
off_peak,v1_06mabinay,,0.9805634548725256,22.865855593782005,,,,nr
off_peak,v1_06pgpp1,,1.0000000000000002,24.941759522818266,,,,nr
off_peak,v1_06pgpp2,,0.9999999999999998,24.819001802567186,,,,nr
off_peak,v1_04allen,,1.0024507251512351,-1.247499294989273,,,,nr
off_peak,v1_04sanisidro,,1.0024507251512353,-1.247499294989287,,,,nr
off_peak,v1_04catarman,,1.002450725151235,-1.2474992949892394,,,,nr
off_peak,v1_04bobon,,1.002450725151235,-1.247499294989245,,,,nr
off_peak,v1_04bobolosan,,1.002450725151235,-1.2474992949892392,,,,nr
off_peak,v1_04lopedevega,,1.0024507251512358,-1.2474992949893293,,,,nr
off_peak,v1_04capoocan,,1.0023804253116937,-1.2531245489128429,,,,nr
off_peak,v1_04sanagustins,,1.002073569928956,-1.2776968165903761,,,,nr
off_peak,v1_04catbalogan,,1.0017780004942711,-1.301393548666544,,,,nr
off_peak,v1_04paranas69,,1.0015798891120111,-1.3172922935187215,,,,nr
off_peak,v1_04calbayog69,,1.0024507251512362,-1.2474992949893673,,,,nr
off_peak,v1_04starita69,,0.9403092527719655,-4.671041774817533,,,,nr
off_peak,v1_04taft,,0.9981995436781704,-1.565745542573353,,,,nr
off_peak,v1_04borongan,,0.9848927061739214,-2.2343944716442876,,,,nr
off_peak,v1_04quinapondan,,0.9646399329165194,-3.3016615951678845,,,,nr
off_peak,v1_04babatngn69,,1.0076013348490853,-1.249175562614176,,,,nr
off_peak,v1_04palo,,0.9993922758416197,-1.710772256553178,,,,nr
off_peak,v1_04tolosa,,0.9975335405800962,-1.81659958296909,,,,nr
off_peak,v1_04tunga,,1.0023648452682938,-1.5442243546621786,,,,nr
off_peak,v1_04talisayan,,0.8870057097631721,-6.61867177299126,,,,nr
off_peak,v1_04sanagustinl,,0.9020696358986888,-5.740080840070951,,,,nr
off_peak,v1_04baybay,,0.9111885304330103,-5.21854900634651,,,,nr
off_peak,v1_04javier,,0.9058745928774138,-5.546274755857349,,,,nr
off_peak,v1_04hilongos,,0.9601201754447778,-2.5818887497482135,,,,nr
off_peak,v1_04isabel69,,0.8734074731890064,-7.426100817410753,,,,nr
off_peak,v1_04tabango69,,0.9736215300357968,10.358441737167949,,,,nr
off_peak,v1_04sambulawan,,0.9692932390775054,10.106541481684271,,,,nr
off_peak,v1_04bontoc,,0.9913295947108312,-1.0505700786349512,,,,nr
off_peak,v1_04himayangan,,0.9913295947108312,-1.0505700786349572,,,,nr
off_peak,v1_04stbernard,,0.9913295947108312,-1.0505700786349572,,,,nr
off_peak,v1_04maasin69,,0.9913295947108307,-1.05057007863493,,,,nr
off_peak,v1_04biliran,,0.9692932390775054,10.10654148168427,,,,nr
off_peak,v1_04naval,,0.9692932390775054,10.10654148168427,,,,nr
off_peak,sub_ubay_substation_54_F0_B0,,0.9877587533987456,6.125516143726536,,,,nr
off_peak,sub_ubay_substation_54_F0_B1,,0.9864629926502881,6.081445015821057,,,,nr
off_peak,sub_ubay_substation_54_F0_B2,,0.9857586681475052,6.057451176723554,,,,nr
off_peak,sub_ubay_substation_54_F0_B3,,0.9845983491920196,6.01787355468808,,,,nr
off_peak,sub_ubay_substation_54_F0_B4,,0.9825505746391624,5.947837439512755,,,,nr
off_peak,sub_ubay_substation_54_F0_B5,,0.9816724252943406,5.917716908531823,,,,nr
off_peak,sub_ubay_substation_54_F1_B0,,0.9877497289564784,6.125197883369629,,,,nr
off_peak,sub_ubay_substation_54_F1_B1,,0.9849897025483544,6.031778991369965,,,,nr
off_peak,sub_ubay_substation_54_F1_B2,,0.9823150610250562,5.940838077729551,,,,nr
off_peak,sub_ubay_substation_54_F1_B3,,0.9800920455082045,5.864960997134374,,,,nr
off_peak,sub_ubay_substation_54_F1_B4,,0.9750802298644958,5.692828465482451,,,,nr
off_peak,sub_ubay_substation_54_F1_B5,,0.9744173864647394,5.66991790015559,,,,nr
off_peak,sub_ubay_substation_54_F2_B0,,0.9877423524859096,6.124937741967197,,,,nr
off_peak,sub_ubay_substation_54_F2_B1,,0.9833303463399378,5.976110467746811,,,,nr
off_peak,sub_ubay_substation_54_F2_B2,,0.979674404051076,5.851933187099555,,,,nr
off_peak,sub_ubay_substation_54_F2_B3,,0.9738490092311803,5.652377204433863,,,,nr
off_peak,sub_ubay_substation_54_F2_B4,,0.9717869367992505,5.581185426318315,,,,nr
off_peak,sub_ubay_substation_54_F2_B5,,0.9686650853051046,5.472963189974761,,,,nr
off_peak,sub_ubay_substation_54_F3_B0,,0.9877536067339763,6.125334638821616,,,,nr
off_peak,sub_ubay_substation_54_F3_B1,,0.9842702539982556,6.006997529443114,,,,nr
off_peak,sub_ubay_substation_54_F3_B2,,0.9824025761689216,5.943205080619741,,,,nr
off_peak,sub_ubay_substation_54_F3_B3,,0.9813455442894329,5.9070024886585015,,,,nr
off_peak,sub_ubay_substation_54_F3_B4,,0.9799395888382015,5.8587461503739915,,,,nr
off_peak,sub_ubay_substation_54_F3_B5,,0.9792557375880561,5.8352267521298575,,,,nr
off_peak,sub_tugas_terminal_submerged_ngcp_lines_58_F0_B0,,1.0083813190109683,1.798919401196387,,,,nr
off_peak,sub_tugas_terminal_submerged_ngcp_lines_58_F1_B0,,1.0075094366070487,1.7081017473879851,,,,nr
off_peak,sub_tugas_terminal_submerged_ngcp_lines_58_F1_B1,,1.0025191995748288,1.5423709934673138,,,,nr
off_peak,sub_tugas_terminal_submerged_ngcp_lines_58_F1_B2,,0.9994686548880558,1.4402700270060265,,,,nr
off_peak,sub_tugas_terminal_submerged_ngcp_lines_58_F1_B3,,0.9981123663754662,1.3947014616150666,,,,nr
off_peak,sub_tugas_terminal_submerged_ngcp_lines_58_F1_B4,,0.9956729258168734,1.3125197225990748,,,,nr
off_peak,sub_tugas_terminal_submerged_ngcp_lines_58_F1_B5,,0.992716835307141,1.212497940905799,,,,nr
off_peak,sub_tugas_terminal_submerged_ngcp_lines_58_F2_B0,,1.0075196823020542,1.7084559907516992,,,,nr
off_peak,sub_tugas_terminal_submerged_ngcp_lines_58_F2_B1,,1.006376834779863,1.6703813513878953,,,,nr
off_peak,sub_tugas_terminal_submerged_ngcp_lines_58_F2_B2,,1.0056106427541698,1.6448238473725378,,,,nr
off_peak,sub_tugas_terminal_submerged_ngcp_lines_58_F2_B3,,1.0050034616879955,1.6245646333364077,,,,nr
off_peak,sub_tugas_terminal_submerged_ngcp_lines_58_F2_B4,,1.0005196083399552,1.4743981975732459,,,,nr
off_peak,sub_tugas_terminal_submerged_ngcp_lines_58_F2_B5,,0.9995161627440512,1.4405987823225783,,,,nr
off_peak,sub_corella_substation_boheco_i_18_F0_B0,,0.9738834948452423,9.41029038945108,,,,nr
off_peak,sub_corella_substation_boheco_i_18_F0_B1,,0.9696785736543446,9.26601894625346,,,,nr
off_peak,sub_corella_substation_boheco_i_18_F0_B2,,0.96517274103355,9.11009954019167,,,,nr
off_peak,sub_corella_substation_boheco_i_18_F0_B3,,0.9631722364804604,9.040412660872667,,,,nr
off_peak,sub_corella_substation_boheco_i_18_F0_B4,,0.9612479486002448,8.973132964973045,,,,nr
off_peak,sub_corella_substation_boheco_i_18_F0_B5,,0.9604308764142211,8.944486077635704,,,,nr
off_peak,sub_corella_substation_boheco_i_18_F1_B0,,0.9738797817899586,9.4101575700843,,,,nr
off_peak,sub_corella_substation_boheco_i_18_F1_B1,,0.9716121004777295,9.332945965496894,,,,nr
off_peak,sub_corella_substation_boheco_i_18_F1_B2,,0.963134991909957,9.041702267963274,,,,nr
off_peak,sub_corella_substation_boheco_i_18_F1_B3,,0.9585428936149959,8.88185258499946,,,,nr
off_peak,sub_corella_substation_boheco_i_18_F1_B4,,0.9540725771405413,8.724865779359094,,,,nr
off_peak,sub_corella_substation_boheco_i_18_F1_B5,,0.9533198378440443,8.698275665472572,,,,nr
off_peak,sub_corella_substation_boheco_i_18_F2_B0,,0.973887590378522,9.410436890619216,,,,nr
off_peak,sub_corella_substation_boheco_i_18_F2_B1,,0.9713685086423027,9.323672204544325,,,,nr
off_peak,sub_corella_substation_boheco_i_18_F2_B2,,0.9695836906791103,9.261945897018801,,,,nr
off_peak,sub_corella_substation_boheco_i_18_F2_B3,,0.9675961102401215,9.192962798764176,,,,nr
off_peak,sub_corella_substation_boheco_i_18_F2_B4,,0.96667061355453,9.16074874872595,,,,nr
off_peak,sub_corella_substation_boheco_i_18_F2_B5,,0.9657451754674414,9.128485118302162,,,,nr
off_peak,sub_corella_substation_boheco_i_18_F3_B0,,0.9738836950398162,9.410297550598465,,,,nr
off_peak,sub_corella_substation_boheco_i_18_F3_B1,,0.9701912865014938,9.28365236917167,,,,nr
off_peak,sub_corella_substation_boheco_i_18_F3_B2,,0.9686095080839209,9.229167628739592,,,,nr
off_peak,sub_corella_substation_boheco_i_18_F3_B3,,0.9632402708988256,9.043173350431156,,,,nr
off_peak,sub_corella_substation_boheco_i_18_F3_B4,,0.9599588792956549,8.928509641289294,,,,nr
off_peak,sub_corella_substation_boheco_i_18_F3_B5,,0.9587817069434931,8.887184759456563,,,,nr
off_peak,sub_trinidad_substation_73_F0_B0,,0.974872770043159,5.088808728552208,,,,nr
off_peak,sub_trinidad_substation_73_F0_B1,,0.9740335343791477,5.059998432247544,,,,nr
off_peak,sub_trinidad_substation_73_F0_B2,,0.9705233864382449,4.939076328123533,,,,nr
off_peak,sub_trinidad_substation_73_F0_B3,,0.9689614039967527,4.8850072670706615,,,,nr
off_peak,sub_trinidad_substation_73_F0_B4,,0.9662124601562357,4.789497671422193,,,,nr
off_peak,sub_trinidad_substation_73_F0_B5,,0.9651680266212124,4.753069004652701,,,,nr
off_peak,sub_trinidad_substation_73_F1_B0,,0.9748556260949585,5.088196261373337,,,,nr
off_peak,sub_trinidad_substation_73_F1_B1,,0.9723557335551707,5.002626013480328,,,,nr
off_peak,sub_trinidad_substation_73_F1_B2,,0.9660946739928781,4.786555372718898,,,,nr
off_peak,sub_trinidad_substation_73_F1_B3,,0.9641272793794173,4.718057956510963,,,,nr
off_peak,sub_trinidad_substation_73_F1_B4,,0.9625759897215268,4.663863744102286,,,,nr
off_peak,sub_trinidad_substation_73_F1_B5,,0.961913603527544,4.640671603218369,,,,nr
off_peak,sub_trinidad_substation_73_F2_B0,,0.9748442905651606,5.087791301911758,,,,nr
off_peak,sub_trinidad_substation_73_F2_B1,,0.9713087069261933,4.967009676547167,,,,nr
off_peak,sub_trinidad_substation_73_F2_B2,,0.9684567292258229,4.8691086670616635,,,,nr
off_peak,sub_trinidad_substation_73_F2_B3,,0.9604073224147465,4.590080639873577,,,,nr
off_peak,sub_trinidad_substation_73_F2_B4,,0.9578916220076599,4.501863004367055,,,,nr
off_peak,sub_trinidad_substation_73_F2_B5,,0.9573414414655304,4.48250493734593,,,,nr
off_peak,sub_trinidad_substation_73_F3_B0,,0.9748650572127754,5.088533187381318,,,,nr
off_peak,sub_trinidad_substation_73_F3_B1,,0.970696089138063,4.945158001506317,,,,nr
off_peak,sub_trinidad_substation_73_F3_B2,,0.9679125413272854,4.848734391089201,,,,nr
off_peak,sub_trinidad_substation_73_F3_B3,,0.9668426503819302,4.811523406528224,,,,nr
off_peak,sub_trinidad_substation_73_F3_B4,,0.9658099146729066,4.775532263719486,,,,nr
off_peak,sub_trinidad_substation_73_F3_B5,,0.9655659372544966,4.767017839632803,,,,nr
off_peak,sub_alicia_substation_71_F0_B0,,0.9734370437564729,5.011016562456902,,,,nr
off_peak,sub_alicia_substation_71_F0_B1,,0.971513122334938,4.945675636606159,,,,nr
off_peak,sub_alicia_substation_71_F0_B2,,0.9640052203163578,4.688987381326268,,,,nr
off_peak,sub_alicia_substation_71_F0_B3,,0.9552878992935439,4.386371924606424,,,,nr
off_peak,sub_alicia_substation_71_F0_B4,,0.9504384961543301,4.215695637543999,,,,nr
off_peak,sub_alicia_substation_71_F0_B5,,0.9481066277480198,4.133032441680546,,,,nr
off_peak,sub_alicia_substation_71_F1_B0,,0.9734718066817037,5.012260227851781,,,,nr
off_peak,sub_alicia_substation_71_F1_B1,,0.9730137697581204,4.9965776275597715,,,,nr
off_peak,sub_alicia_substation_71_F1_B2,,0.9675598219449394,4.809026258420729,,,,nr
off_peak,sub_alicia_substation_71_F1_B3,,0.9637393435056696,4.676447503596937,,,,nr
off_peak,sub_alicia_substation_71_F1_B4,,0.9607493889170002,4.571994163576005,,,,nr
off_peak,sub_alicia_substation_71_F1_B5,,0.9598737765701777,4.541279229214009,,,,nr
off_peak,sub_alicia_substation_71_F2_B0,,0.9734710052075944,5.01223155443704,,,,nr
off_peak,sub_alicia_substation_71_F2_B1,,0.9724339927545865,4.976708969633496,,,,nr
off_peak,sub_alicia_substation_71_F2_B2,,0.9670267992521312,4.790532444419896,,,,nr
off_peak,sub_alicia_substation_71_F2_B3,,0.9632593434670719,4.659616457359553,,,,nr
off_peak,sub_alicia_substation_71_F2_B4,,0.9613475976520023,4.59280488944185,,,,nr
off_peak,sub_alicia_substation_71_F2_B5,,0.9600235846234036,4.546393488079419,,,,nr
off_peak,sub_alicia_substation_71_F3_B0,,0.9734714852855075,5.012248729629746,,,,nr
off_peak,sub_alicia_substation_71_F3_B1,,0.9707387020906859,4.91843382284531,,,,nr
off_peak,sub_alicia_substation_71_F3_B2,,0.9660349237598729,4.755828243578767,,,,nr
off_peak,sub_alicia_substation_71_F3_B3,,0.9639209634434451,4.6822329670292,,,,nr
off_peak,sub_alicia_substation_71_F3_B4,,0.9628460019997286,4.644698839762986,,,,nr
off_peak,sub_alicia_substation_71_F3_B5,,0.9610100177247819,4.580447043687118,,,,nr
off_peak,sub_bohol_cable_terminal_89_F0_B0,,0.9724056454526376,10.316525371851174,,,,nr
off_peak,sub_bohol_cable_terminal_89_F0_B1,,0.9708623510605178,10.263504756033138,,,,nr
off_peak,sub_bohol_cable_terminal_89_F0_B2,,0.9688717150364757,10.194971150858981,,,,nr
off_peak,sub_bohol_cable_terminal_89_F0_B3,,0.9633231121223854,10.00270683535285,,,,nr
off_peak,sub_bohol_cable_terminal_89_F0_B4,,0.9612346672537264,9.929776123305105,,,,nr
off_peak,sub_bohol_cable_terminal_89_F0_B5,,0.9589528875669532,9.849795934350634,,,,nr
off_peak,sub_bohol_cable_terminal_89_F1_B0,,0.9724082401728035,10.316618328782171,,,,nr
off_peak,sub_bohol_cable_terminal_89_F1_B1,,0.971610322419912,10.289127606666282,,,,nr
off_peak,sub_bohol_cable_terminal_89_F1_B2,,0.9710937973097508,10.27132986415328,,,,nr
off_peak,sub_bohol_cable_terminal_89_F1_B3,,0.9662309165228283,10.103053068358353,,,,nr
off_peak,sub_bohol_cable_terminal_89_F1_B4,,0.9641865281861794,10.031792130304265,,,,nr
off_peak,sub_bohol_cable_terminal_89_F1_B5,,0.9635647871203016,10.01005929748329,,,,nr
off_peak,sub_bohol_cable_terminal_89_F3_B0,,0.972855206013783,10.365232479441714,,,,nr
off_peak,v1_07corella_F0_B0,,0.9709467133886034,9.107248040664008,,,,nr
off_peak,v1_07corella_F0_B1,,0.9675544873560434,8.990644038818996,,,,nr
off_peak,v1_07corella_F0_B2,,0.9638309288831303,8.8618428165736,,,,nr
off_peak,v1_07corella_F0_B3,,0.9590026786433791,8.693444521374536,,,,nr
off_peak,v1_07corella_F0_B4,,0.9574877360977786,8.640244983741658,,,,nr
off_peak,v1_07corella_F0_B5,,0.9566157728990518,8.609553857858923,,,,nr
off_peak,v1_07corella_F1_B0,,0.9709527526640391,9.107464708634796,,,,nr
off_peak,v1_07corella_F1_B1,,0.9673759863559813,8.983957138384987,,,,nr
off_peak,v1_07corella_F1_B2,,0.9671847894886114,8.977332657037907,,,,nr
off_peak,v1_07corella_F1_B3,,0.9650534629083509,8.903417288498828,,,,nr
off_peak,v1_07corella_F1_B4,,0.9611033977294509,8.765721093721876,,,,nr
off_peak,v1_07corella_F1_B5,,0.9593257059285648,8.703395877759178,,,,nr
off_peak,v1_07corella_F2_B0,,0.9709489359281157,9.107327777511127,,,,nr
off_peak,v1_07corella_F2_B1,,0.9672569326310791,8.98017139513744,,,,nr
off_peak,v1_07corella_F2_B2,,0.9648121995403086,8.895498911714016,,,,nr
off_peak,v1_07corella_F2_B3,,0.9627443735914054,8.8236235315755,,,,nr
off_peak,v1_07corella_F2_B4,,0.9585268115824082,8.676245744251691,,,,nr
off_peak,v1_07corella_F2_B5,,0.9568651924797361,8.617832227331514,,,,nr
off_peak,v1_07corella_F3_B0,,0.9709599016582557,9.107721190047213,,,,nr
off_peak,v1_07corella_F3_B1,,0.9694779851863434,9.056416351599578,,,,nr
off_peak,v1_07corella_F3_B2,,0.9688064181268786,9.033119999359986,,,,nr
off_peak,v1_07corella_F3_B3,,0.9678283919063687,8.999149094411575,,,,nr
off_peak,v1_07corella_F3_B4,,0.9664121881796824,8.949852250196164,,,,nr
off_peak,v1_07corella_F3_B5,,0.9660329425780404,8.936625749579406,,,,nr
off_peak,v1_07tapal_F0_B0,,0.9874439596620912,6.102919619906247,,,,nr
off_peak,v1_07tapal_F0_B1,,0.9844088443078216,6.000047134421123,,,,nr
off_peak,v1_07tapal_F0_B2,,0.9802774504809423,5.859048842215543,,,,nr
off_peak,v1_07tapal_F0_B3,,0.9781991823436128,5.787653594665946,,,,nr
off_peak,v1_07tapal_F0_B4,,0.977686741600707,5.769999774269415,,,,nr
off_peak,v1_07tapal_F0_B5,,0.9775041558638129,5.763705156307014,,,,nr
off_peak,v1_07tapal_F1_B0,,0.98744756724744,6.103046886203455,,,,nr
off_peak,v1_07tapal_F1_B1,,0.9829991785254403,5.9516206624847365,,,,nr
off_peak,v1_07tapal_F1_B2,,0.9822805216183225,5.927018521901176,,,,nr
off_peak,v1_07tapal_F1_B3,,0.9817514147842226,5.90888748761906,,,,nr
off_peak,v1_07tapal_F1_B4,,0.9812996603443054,5.893398963458296,,,,nr
off_peak,v1_07tapal_F1_B5,,0.97937898066393,5.827447770293343,,,,nr
off_peak,v1_07tapal_F2_B0,,0.9874415746405785,6.102835482597611,,,,nr
off_peak,v1_07tapal_F2_B1,,0.9852470652704739,6.0286577286557455,,,,nr
off_peak,v1_07tapal_F2_B2,,0.9798137034594758,5.843762976228465,,,,nr
off_peak,v1_07tapal_F2_B3,,0.9782342189387896,5.789641480447746,,,,nr
off_peak,v1_07tapal_F2_B4,,0.9752342762264392,5.686471291992201,,,,nr
off_peak,v1_07tapal_F2_B5,,0.9732252441322995,5.61705848990881,,,,nr
off_peak,v1_07tapal_F3_B0,,0.9874400894713672,6.10278308975731,,,,nr
off_peak,v1_07tapal_F3_B1,,0.9844321888433833,6.001123031610092,,,,nr
off_peak,v1_07tapal_F3_B2,,0.9829556202955617,5.951069544723497,,,,nr
off_peak,v1_07tapal_F3_B3,,0.9767564190807169,5.739677351274986,,,,nr
off_peak,v1_07tapal_F3_B4,,0.9727570923092006,5.601935526143917,,,,nr
off_peak,v1_07tapal_F3_B5,,0.9709454390012132,5.539180695145425,,,,nr
off_peak,sub_cebu_city_substation_14_F0_B0,,0.9736151403945426,16.614845243514818,,,,nr
off_peak,sub_cebu_city_substation_14_F0_B1,,0.9643298430500779,16.296678182895285,,,,nr
off_peak,sub_cebu_city_substation_14_F0_B2,,0.9608189247939786,16.174762814522627,,,,nr
off_peak,sub_cebu_city_substation_14_F0_B3,,0.9580611644769891,16.078457098734027,,,,nr
off_peak,sub_cebu_city_substation_14_F0_B4,,0.9548803347633031,15.96679395770905,,,,nr
off_peak,sub_cebu_city_substation_14_F0_B5,,0.9525786131145626,15.885578397206807,,,,nr
off_peak,sub_cebu_city_substation_14_F1_B0,,0.973615510229122,16.614858475979645,,,,nr
off_peak,sub_cebu_city_substation_14_F1_B1,,0.9688237591257166,16.451499116741022,,,,nr
off_peak,sub_cebu_city_substation_14_F1_B2,,0.9622365469173914,16.22464458235586,,,,nr
off_peak,sub_cebu_city_substation_14_F1_B3,,0.9558712725593392,16.002621662714052,,,,nr
off_peak,sub_cebu_city_substation_14_F1_B4,,0.953311017997291,15.912480282588511,,,,nr
off_peak,sub_cebu_city_substation_14_F1_B5,,0.9517621343237783,15.857730992605722,,,,nr
off_peak,sub_cebu_city_substation_14_F2_B0,,0.9736149266566966,16.614837596100624,,,,nr
off_peak,sub_cebu_city_substation_14_F2_B1,,0.972428939415846,16.574601890560903,,,,nr
off_peak,sub_cebu_city_substation_14_F2_B2,,0.9618060737165396,16.210850096492482,,,,nr
off_peak,sub_cebu_city_substation_14_F2_B3,,0.954630817777987,15.96065093129996,,,,nr
off_peak,sub_cebu_city_substation_14_F2_B4,,0.9522427687769545,15.876557645698968,,,,nr
off_peak,sub_cebu_city_substation_14_F2_B5,,0.9490688093990683,15.764273104363912,,,,nr
off_peak,sub_cebu_city_substation_14_F3_B0,,0.9736096854858599,16.614650070287535,,,,nr
off_peak,sub_cebu_city_substation_14_F3_B1,,0.9665102396971708,16.37325105622468,,,,nr
off_peak,sub_cebu_city_substation_14_F3_B2,,0.9584916950321174,16.096727303206492,,,,nr
off_peak,sub_cebu_city_substation_14_F3_B3,,0.952568331579283,15.889632759898834,,,,nr
off_peak,sub_cebu_city_substation_14_F3_B4,,0.9485489109585319,15.747715745563516,,,,nr
off_peak,sub_cebu_city_substation_14_F3_B5,,0.9464945254483424,15.674740436421752,,,,nr
off_peak,sub_compostela_substation_15_F0_B0,,0.9720811064111962,14.60570401739853,,,,nr
off_peak,sub_compostela_substation_15_F0_B1,,0.9643664795471124,14.341153802931185,,,,nr
off_peak,sub_compostela_substation_15_F0_B2,,0.9594039340252566,14.168765327056331,,,,nr
off_peak,sub_compostela_substation_15_F0_B3,,0.9564117429473786,14.063993690242336,,,,nr
off_peak,sub_compostela_substation_15_F0_B4,,0.9540524514023324,13.98095703206251,,,,nr
off_peak,sub_compostela_substation_15_F0_B5,,0.9527530929857645,13.935061466131028,,,,nr
off_peak,sub_compostela_substation_15_F1_B0,,0.9720731001777121,14.605417107057114,,,,nr
off_peak,sub_compostela_substation_15_F1_B1,,0.9633041108091437,14.306552675740527,,,,nr
off_peak,sub_compostela_substation_15_F1_B2,,0.9576289203765656,14.110489124869753,,,,nr
off_peak,sub_compostela_substation_15_F1_B3,,0.9492005740785994,13.81539759806785,,,,nr
off_peak,sub_compostela_substation_15_F1_B4,,0.9461246934743169,13.706378072806588,,,,nr
off_peak,sub_compostela_substation_15_F1_B5,,0.9442457071929603,13.639460151225503,,,,nr
off_peak,sub_compostela_substation_15_F2_B0,,0.9720879980691257,14.605950986646052,,,,nr
off_peak,sub_compostela_substation_15_F2_B1,,0.9686119217245065,14.486594252995502,,,,nr
off_peak,sub_compostela_substation_15_F2_B2,,0.966946833595158,14.429196356690465,,,,nr
off_peak,sub_compostela_substation_15_F2_B3,,0.9609953080890677,14.222763306752064,,,,nr
off_peak,sub_compostela_substation_15_F2_B4,,0.9579190072661552,14.11509210733234,,,,nr
off_peak,sub_compostela_substation_15_F2_B5,,0.9556770179843538,14.036234175982617,,,,nr
off_peak,sub_compostela_substation_15_F3_B0,,0.9727803289859401,14.680671454937995,,,,nr
off_peak,sub_naga_substation_16_F0_B0,,0.97351654501029,18.744618643191714,,,,nr
off_peak,sub_naga_substation_16_F0_B1,,0.9662083219539114,18.494799864569192,,,,nr
off_peak,sub_naga_substation_16_F0_B2,,0.9601154349744927,18.283729839326288,,,,nr
off_peak,sub_naga_substation_16_F0_B3,,0.9564953665035032,18.15708129709558,,,,nr
off_peak,sub_naga_substation_16_F0_B4,,0.9555950759796525,18.12545457608162,,,,nr
off_peak,sub_naga_substation_16_F0_B5,,0.9513815203193183,17.976942896036945,,,,nr
off_peak,sub_naga_substation_16_F1_B0,,0.9734864858534085,18.7435431624538,,,,nr
off_peak,sub_naga_substation_16_F1_B1,,0.9629454088780337,18.386780041985727,,,,nr
off_peak,sub_naga_substation_16_F1_B2,,0.9575957078760683,18.20316935772876,,,,nr
off_peak,sub_naga_substation_16_F1_B3,,0.9472997440780182,17.845195732045774,,,,nr
off_peak,sub_naga_substation_16_F1_B4,,0.9383150614093507,17.526963821162855,,,,nr
off_peak,sub_naga_substation_16_F1_B5,,0.9342045293646366,17.379414482412646,,,,nr
off_peak,sub_naga_substation_16_F2_B0,,0.9735373460578952,18.74536288683781,,,,nr
off_peak,sub_naga_substation_16_F2_B1,,0.9710069133141956,18.65852465028774,,,,nr
off_peak,sub_naga_substation_16_F2_B2,,0.9695985678082804,18.61006551206347,,,,nr
off_peak,sub_naga_substation_16_F2_B3,,0.9652762728651293,18.460732674338853,,,,nr
off_peak,sub_naga_substation_16_F2_B4,,0.9595868462948458,18.262298759932126,,,,nr
off_peak,sub_naga_substation_16_F2_B5,,0.9593373887193812,18.253536640586734,,,,nr
off_peak,sub_naga_substation_16_F3_B0,,0.9735230256975416,18.744850516009997,,,,nr
off_peak,sub_naga_substation_16_F3_B1,,0.972065843235081,18.695240277300773,,,,nr
off_peak,sub_naga_substation_16_F3_B2,,0.9635434287222943,18.402783099859473,,,,nr
off_peak,sub_naga_substation_16_F3_B3,,0.9584736727987443,18.226443133689543,,,,nr
off_peak,sub_naga_substation_16_F3_B4,,0.9549358674263877,18.102386925784813,,,,nr
off_peak,sub_naga_substation_16_F3_B5,,0.95175255916063,17.99008925446158,,,,nr
off_peak,sub_daanbantayan_cable_terminal_27_F1_B0,,0.977900103784611,11.100800270308087,,,,nr
off_peak,sub_daanbantayan_cable_terminal_27_F1_B1,,0.9756453208265168,11.023228851402553,,,,nr
off_peak,sub_daanbantayan_cable_terminal_27_F1_B2,,0.975285830343117,11.010828617371057,,,,nr
off_peak,sub_daanbantayan_cable_terminal_27_F1_B3,,0.9737285418374573,10.95702812586285,,,,nr
off_peak,sub_daanbantayan_cable_terminal_27_F1_B4,,0.9735708260430846,10.951568770010944,,,,nr
off_peak,sub_daanbantayan_cable_terminal_27_F2_B0,,0.9777516336242206,11.085642742806941,,,,nr
off_peak,sub_daanbantayan_cable_terminal_27_F2_B1,,0.9727000009504643,10.913301617666953,,,,nr
off_peak,sub_daanbantayan_cable_terminal_27_F2_B2,,0.9708091370806323,10.848407781430312,,,,nr
off_peak,sub_daanbantayan_cable_terminal_27_F2_B3,,0.9646042881210153,10.63403051248686,,,,nr
off_peak,sub_daanbantayan_cable_terminal_27_F2_B4,,0.9611742940324,10.514360449480018,,,,nr
off_peak,sub_daanbantayan_cable_terminal_27_F2_B5,,0.9598310032965712,10.467264970595155,,,,nr
off_peak,sub_suba_cable_terminal_29_F0_B0,,0.9857649749578374,22.950743149301015,,,,nr
off_peak,sub_suba_cable_terminal_29_F0_B1,,0.983716467135301,22.88192585229847,,,,nr
off_peak,sub_suba_cable_terminal_29_F0_B2,,0.9756442164894376,22.608636500290128,,,,nr
off_peak,sub_suba_cable_terminal_29_F0_B3,,0.9664391700378394,22.291590914441848,,,,nr
off_peak,sub_suba_cable_terminal_29_F0_B4,,0.9651169844828094,22.245502405724473,,,,nr
off_peak,sub_suba_cable_terminal_29_F0_B5,,0.9646586383513616,22.22949598536478,,,,nr
off_peak,sub_suba_cable_terminal_29_F3_B0,,0.9857592747840473,22.950541735300718,,,,nr
off_peak,sub_suba_cable_terminal_29_F3_B1,,0.9796046315667307,22.743326572891412,,,,nr
off_peak,sub_suba_cable_terminal_29_F3_B2,,0.970476816846654,22.43146859467842,,,,nr
off_peak,sub_suba_cable_terminal_29_F3_B3,,0.9665439815807799,22.295222750814006,,,,nr
off_peak,sub_suba_cable_terminal_29_F3_B4,,0.9650979514572786,22.244847353018375,,,,nr
off_peak,sub_suba_cable_terminal_29_F3_B5,,0.9639715136343296,22.20551368364444,,,,nr
off_peak,sub_osm_83_F0_B0,,0.9900066977831026,21.5301390042884,,,,nr
off_peak,sub_osm_83_F0_B1,,0.9818974216086982,21.257384125919426,,,,nr
off_peak,sub_osm_83_F0_B2,,0.9815463108286662,21.245487508929564,,,,nr
off_peak,sub_osm_83_F0_B3,,0.9738139229002071,20.982083107259925,,,,nr
off_peak,sub_osm_83_F0_B4,,0.968627931865606,20.803260687006805,,,,nr
off_peak,sub_osm_83_F0_B5,,0.9644830065300016,20.659130405258058,,,,nr
off_peak,sub_osm_83_F2_B0,,0.9900018070624497,21.529966933056787,,,,nr
off_peak,sub_osm_83_F2_B1,,0.9827793666200564,21.287855362974135,,,,nr
off_peak,sub_osm_83_F2_B2,,0.9752639975719382,21.032381321346833,,,,nr
off_peak,sub_osm_83_F2_B3,,0.9706585915425271,20.873938249746537,,,,nr
off_peak,sub_osm_83_F2_B4,,0.9692398217172811,20.82486420406755,,,,nr
off_peak,sub_osm_83_F2_B5,,0.9639455709017241,20.640922428451397,,,,nr
off_peak,sub_osm_83_F3_B0,,0.9900246786990198,21.530771633189257,,,,nr
off_peak,sub_osm_83_F3_B1,,0.9857701253663297,21.387106067413157,,,,nr
off_peak,sub_osm_83_F3_B2,,0.9851899896517232,21.367440549166314,,,,nr
off_peak,sub_osm_83_F3_B3,,0.9808095025804685,21.218494779820155,,,,nr
off_peak,sub_osm_83_F3_B4,,0.9763189118815346,21.064596922208118,,,,nr
off_peak,sub_osm_83_F3_B5,,0.9734481190739153,20.96553520774703,,,,nr
off_peak,sub_magdugo_substation_72_F0_B0,,0.9721237148082991,16.67497636116789,,,,nr
off_peak,sub_magdugo_substation_72_F0_B1,,0.9678059663802857,16.527783593902992,,,,nr
off_peak,sub_magdugo_substation_72_F0_B2,,0.9616888795969116,16.31745385778937,,,,nr
off_peak,sub_magdugo_substation_72_F0_B3,,0.9534984522894913,16.032002588839426,,,,nr
off_peak,sub_magdugo_substation_72_F0_B4,,0.9498694361625288,15.90394917345588,,,,nr
off_peak,sub_magdugo_substation_72_F0_B5,,0.9482157754097322,15.845285656953498,,,,nr
off_peak,sub_magdugo_substation_72_F1_B0,,0.9721280294345108,16.675130972724176,,,,nr
off_peak,sub_magdugo_substation_72_F1_B1,,0.9706404708073232,16.624389411394404,,,,nr
off_peak,sub_magdugo_substation_72_F1_B2,,0.9611242167854308,16.296747542730436,,,,nr
off_peak,sub_magdugo_substation_72_F1_B3,,0.9557320030746376,16.108136631548398,,,,nr
off_peak,sub_magdugo_substation_72_F1_B4,,0.9545582937377499,16.06678529590503,,,,nr
off_peak,sub_magdugo_substation_72_F1_B5,,0.9533862820461302,16.025408813104626,,,,nr
off_peak,sub_magdugo_substation_72_F2_B0,,0.9721255127422012,16.675040788817867,,,,nr
off_peak,sub_magdugo_substation_72_F2_B1,,0.969412607774848,16.582581904744902,,,,nr
off_peak,sub_magdugo_substation_72_F2_B2,,0.9604548054838763,16.27423551792725,,,,nr
off_peak,sub_magdugo_substation_72_F2_B3,,0.9569234782065349,16.151170644521546,,,,nr
off_peak,sub_magdugo_substation_72_F2_B4,,0.9507925092264592,15.935650929803055,,,,nr
off_peak,sub_magdugo_substation_72_F2_B5,,0.949484448343024,15.889289674427754,,,,nr
off_peak,sub_magdugo_substation_72_F3_B0,,0.9721328027714231,16.675302022143406,,,,nr
off_peak,sub_magdugo_substation_72_F3_B1,,0.9706161295879756,16.623334711386246,,,,nr
off_peak,sub_magdugo_substation_72_F3_B2,,0.9694592381615823,16.5836815242886,,,,nr
off_peak,sub_magdugo_substation_72_F3_B3,,0.9604599708602617,16.272737051598096,,,,nr
off_peak,sub_magdugo_substation_72_F3_B4,,0.9563380159710292,16.128360598948767,,,,nr
off_peak,sub_magdugo_substation_72_F3_B5,,0.9546285405213437,16.06812773113242,,,,nr
off_peak,sub_mandugo_substation_62_F0_B0,,0.9834126302547306,20.519501858853488,,,,nr
off_peak,sub_mandugo_substation_62_F0_B1,,0.9790431572888674,20.37136525530272,,,,nr
off_peak,sub_mandugo_substation_62_F0_B2,,0.9764195259108182,20.281898690639814,,,,nr
off_peak,sub_mandugo_substation_62_F0_B3,,0.9740234171433869,20.199945975078855,,,,nr
off_peak,sub_mandugo_substation_62_F0_B4,,0.9655966002116309,19.90922547253523,,,,nr
off_peak,sub_mandugo_substation_62_F0_B5,,0.96331994956127,19.829785331033566,,,,nr
off_peak,sub_mandugo_substation_62_F1_B0,,0.9847882978521811,20.665582311119945,,,,nr
off_peak,sub_mandugo_substation_62_F2_B0,,0.9834167553963045,20.5196479700627,,,,nr
off_peak,sub_mandugo_substation_62_F2_B1,,0.9826341946273627,20.49317889898837,,,,nr
off_peak,sub_mandugo_substation_62_F2_B2,,0.9739664815493349,20.197640262191364,,,,nr
off_peak,sub_mandugo_substation_62_F2_B3,,0.9712296814803008,20.10318326893673,,,,nr
off_peak,sub_mandugo_substation_62_F2_B4,,0.968969750331931,20.024800714447668,,,,nr
off_peak,sub_mandugo_substation_62_F2_B5,,0.9686529416441867,20.013780790838865,,,,nr
off_peak,sub_mandugo_substation_62_F3_B0,,0.9834177399185023,20.51968284156005,,,,nr
off_peak,sub_mandugo_substation_62_F3_B1,,0.9806122266182353,20.424517082094617,,,,nr
off_peak,sub_mandugo_substation_62_F3_B2,,0.9785094404827102,20.352946307496634,,,,nr
off_peak,sub_mandugo_substation_62_F3_B3,,0.97208047268918,20.1325742389141,,,,nr
off_peak,sub_mandugo_substation_62_F3_B4,,0.9693627677667939,20.038564792038525,,,,nr
off_peak,sub_mandugo_substation_62_F3_B5,,0.9665944743003241,19.942353106251193,,,,nr
off_peak,sub_mandaue_gas_insulated_substation_64_F0_B0,,0.96917480571735,16.154302348715735,,,,nr
off_peak,sub_mandaue_gas_insulated_substation_64_F0_B1,,0.9630826099995562,15.944637855904617,,,,nr
off_peak,sub_mandaue_gas_insulated_substation_64_F0_B2,,0.9564921798617696,15.714845353790828,,,,nr
off_peak,sub_mandaue_gas_insulated_substation_64_F0_B3,,0.9561306690536657,15.702143871692096,,,,nr
off_peak,sub_mandaue_gas_insulated_substation_64_F0_B4,,0.953478292754785,15.60874549972877,,,,nr
off_peak,sub_mandaue_gas_insulated_substation_64_F0_B5,,0.95254251886286,15.575670283855985,,,,nr
off_peak,sub_mandaue_gas_insulated_substation_64_F1_B0,,0.9691488971391128,16.153371208301632,,,,nr
off_peak,sub_mandaue_gas_insulated_substation_64_F1_B1,,0.9645858261822101,15.998481107498797,,,,nr
off_peak,sub_mandaue_gas_insulated_substation_64_F1_B2,,0.9523241584714135,15.576144100060567,,,,nr
off_peak,sub_mandaue_gas_insulated_substation_64_F1_B3,,0.9450327817990914,15.31996933944076,,,,nr
off_peak,sub_mandaue_gas_insulated_substation_64_F1_B4,,0.9399322332428531,15.138548918572505,,,,nr
off_peak,sub_mandaue_gas_insulated_substation_64_F1_B5,,0.93737185535055,15.046774967798981,,,,nr
off_peak,sub_mandaue_gas_insulated_substation_64_F2_B0,,0.9691690787607806,16.15409652419469,,,,nr
off_peak,sub_mandaue_gas_insulated_substation_64_F2_B1,,0.9679658063909112,16.113038611996917,,,,nr
off_peak,sub_mandaue_gas_insulated_substation_64_F2_B2,,0.9610924190254151,15.877306777888279,,,,nr
off_peak,sub_mandaue_gas_insulated_substation_64_F2_B3,,0.9512046255012534,15.532802268109325,,,,nr
off_peak,sub_mandaue_gas_insulated_substation_64_F2_B4,,0.9466151211921645,15.370422904468272,,,,nr
off_peak,sub_mandaue_gas_insulated_substation_64_F2_B5,,0.9455915301442127,15.333982086453105,,,,nr
off_peak,sub_mandaue_gas_insulated_substation_64_F3_B0,,0.9691806151936823,16.154511139411394,,,,nr
off_peak,sub_mandaue_gas_insulated_substation_64_F3_B1,,0.9670788867218676,16.082334236946338,,,,nr
off_peak,sub_mandaue_gas_insulated_substation_64_F3_B2,,0.962796936824334,15.934595485072506,,,,nr
off_peak,sub_mandaue_gas_insulated_substation_64_F3_B3,,0.9589163951185763,15.799792581072682,,,,nr
off_peak,sub_mandaue_gas_insulated_substation_64_F3_B4,,0.9527846313541156,15.58492284895986,,,,nr
off_peak,sub_mandaue_gas_insulated_substation_64_F3_B5,,0.949956537888561,15.484924547207296,,,,nr
off_peak,sub_lapu_lapu_gas_insulated_substation_63_F0_B0,,0.9691172504054827,16.152244588813048,,,,nr
off_peak,sub_lapu_lapu_gas_insulated_substation_63_F0_B1,,0.9658810791237847,16.041465375308686,,,,nr
off_peak,sub_lapu_lapu_gas_insulated_substation_63_F0_B2,,0.9612528792911867,15.882127887235317,,,,nr
off_peak,sub_lapu_lapu_gas_insulated_substation_63_F0_B3,,0.9551908648790379,15.671585695346865,,,,nr
off_peak,sub_lapu_lapu_gas_insulated_substation_63_F0_B4,,0.9487679146273509,15.446025655547636,,,,nr
off_peak,sub_lapu_lapu_gas_insulated_substation_63_F0_B5,,0.9435920895598802,15.262318009957951,,,,nr
off_peak,sub_lapu_lapu_gas_insulated_substation_63_F1_B0,,0.9691222672919316,16.152424903698414,,,,nr
off_peak,sub_lapu_lapu_gas_insulated_substation_63_F1_B1,,0.9636163694275058,15.962991431090222,,,,nr
off_peak,sub_lapu_lapu_gas_insulated_substation_63_F1_B2,,0.9613419965037179,15.884193387644325,,,,nr
off_peak,sub_lapu_lapu_gas_insulated_substation_63_F1_B3,,0.954950417189623,15.661076765482429,,,,nr
off_peak,sub_lapu_lapu_gas_insulated_substation_63_F1_B4,,0.9529621373865726,15.591069182918526,,,,nr
off_peak,sub_lapu_lapu_gas_insulated_substation_63_F1_B5,,0.9499925184295356,15.48608893085143,,,,nr
off_peak,sub_lapu_lapu_gas_insulated_substation_63_F2_B0,,0.9691250481615385,16.152524852723737,,,,nr
off_peak,sub_lapu_lapu_gas_insulated_substation_63_F2_B1,,0.9609657937730302,15.87053060163133,,,,nr
off_peak,sub_lapu_lapu_gas_insulated_substation_63_F2_B2,,0.9595505277712971,15.821105941277457,,,,nr
off_peak,sub_lapu_lapu_gas_insulated_substation_63_F2_B3,,0.956511179704129,15.71453122271484,,,,nr
off_peak,sub_lapu_lapu_gas_insulated_substation_63_F2_B4,,0.9554432594733799,15.676919114019654,,,,nr
off_peak,sub_lapu_lapu_gas_insulated_substation_63_F2_B5,,0.9549413880721185,15.659215400574023,,,,nr
off_peak,sub_lapu_lapu_gas_insulated_substation_63_F3_B0,,0.9691190326143297,16.152308644197614,,,,nr
off_peak,sub_lapu_lapu_gas_insulated_substation_63_F3_B1,,0.9665705519498868,16.065070809748633,,,,nr
off_peak,sub_lapu_lapu_gas_insulated_substation_63_F3_B2,,0.9625682923129314,15.92750766505334,,,,nr
off_peak,sub_lapu_lapu_gas_insulated_substation_63_F3_B3,,0.9532124089298183,15.602146124139034,,,,nr
off_peak,sub_lapu_lapu_gas_insulated_substation_63_F3_B4,,0.9479259068744971,15.415464417051409,,,,nr
off_peak,sub_lapu_lapu_gas_insulated_substation_63_F3_B5,,0.9473483217436844,15.39492859350382,,,,nr
off_peak,sub_toledo_substation_68_F0_B0,,0.9789729058978041,19.8189960375937,,,,nr
off_peak,sub_toledo_substation_68_F0_B1,,0.9782610474331345,19.794756422011982,,,,nr
off_peak,sub_toledo_substation_68_F0_B2,,0.9752894627253522,19.693399818736367,,,,nr
off_peak,sub_toledo_substation_68_F0_B3,,0.9689220254333762,19.474462973584465,,,,nr
off_peak,sub_toledo_substation_68_F0_B4,,0.9654030676034933,19.35226051211635,,,,nr
off_peak,sub_toledo_substation_68_F0_B5,,0.9637866010679877,19.29583849332642,,,,nr
off_peak,sub_toledo_substation_68_F1_B0,,0.9789646743156721,19.81870315276216,,,,nr
off_peak,sub_toledo_substation_68_F1_B1,,0.9730737464212876,19.617639487608727,,,,nr
off_peak,sub_toledo_substation_68_F1_B2,,0.9700814682805224,19.514613378951623,,,,nr
off_peak,sub_toledo_substation_68_F1_B3,,0.9675230819101308,19.42609691017906,,,,nr
off_peak,sub_toledo_substation_68_F1_B4,,0.9638733043138696,19.299107809866108,,,,nr
off_peak,sub_toledo_substation_68_F1_B5,,0.9629754659930292,19.267715410702717,,,,nr
off_peak,sub_toledo_substation_68_F2_B0,,0.9789446254343873,19.81798980476134,,,,nr
off_peak,sub_toledo_substation_68_F2_B1,,0.9735609325948422,19.636060856829413,,,,nr
off_peak,sub_toledo_substation_68_F2_B2,,0.9694048255781214,19.49462670019945,,,,nr
off_peak,sub_toledo_substation_68_F2_B3,,0.9579668351342727,19.100134467674955,,,,nr
off_peak,sub_toledo_substation_68_F2_B4,,0.9522511617886734,18.89945452445714,,,,nr
off_peak,sub_toledo_substation_68_F2_B5,,0.9506775401700424,18.843769165972997,,,,nr
off_peak,sub_toledo_substation_68_F3_B0,,0.9789556497833886,19.818382055288865,,,,nr
off_peak,sub_toledo_substation_68_F3_B1,,0.9785942906406978,19.806181438671736,,,,nr
off_peak,sub_toledo_substation_68_F3_B2,,0.9686369439173484,19.467446553406738,,,,nr
off_peak,sub_toledo_substation_68_F3_B3,,0.9608103608081944,19.196392911178442,,,,nr
off_peak,sub_toledo_substation_68_F3_B4,,0.9584408606396346,19.113448747671125,,,,nr
off_peak,sub_toledo_substation_68_F3_B5,,0.9559353198889994,19.025373011921378,,,,nr
off_peak,sub_santander_cable_terminal_82_F0_B0,,0.9731021532346567,13.86352700397939,,,,nr
off_peak,sub_santander_cable_terminal_82_F0_B1,,0.9712304801686004,13.799072943096984,,,,nr
off_peak,sub_santander_cable_terminal_82_F0_B2,,0.9674012700319641,13.666479658217867,,,,nr
off_peak,sub_santander_cable_terminal_82_F0_B3,,0.9671232734781596,13.656810700790292,,,,nr
off_peak,sub_santander_cable_terminal_82_F0_B4,,0.965725536362078,13.608139166663852,,,,nr
off_peak,sub_santander_cable_terminal_82_F0_B5,,0.9648123280351117,13.57627068231379,,,,nr
off_peak,sub_santander_cable_terminal_82_F1_B0,,0.9731003147932176,13.86346118661974,,,,nr
off_peak,sub_santander_cable_terminal_82_F1_B1,,0.9684088720242845,13.701912911100246,,,,nr
off_peak,sub_santander_cable_terminal_82_F1_B2,,0.9661033738653683,13.621951558737702,,,,nr
off_peak,sub_santander_cable_terminal_82_F1_B3,,0.9645070890949935,13.56638338329092,,,,nr
off_peak,sub_santander_cable_terminal_82_F1_B4,,0.9635688809344677,13.533654882803082,,,,nr
off_peak,sub_santander_cable_terminal_82_F1_B5,,0.9612273978339637,13.451781602457471,,,,nr
off_peak,sub_santander_cable_terminal_82_F2_B0,,0.9731729845058251,13.871048479664047,,,,nr
off_peak,sub_santander_cable_terminal_82_F2_B1,,0.9727571519263631,13.856676593199573,,,,nr
off_peak,sub_santander_cable_terminal_82_F2_B2,,0.9717401145498575,13.821489525300933,,,,nr
off_peak,sub_santander_cable_terminal_82_F2_B3,,0.9704266277818435,13.77594880390794,,,,nr
off_peak,sub_santander_cable_terminal_82_F2_B4,,0.9701262365724049,13.765515603656697,,,,nr
off_peak,sub_dumanjug_converter_station_100_F0_B0,,0.9732502473746226,13.874157531714353,,,,nr
off_peak,sub_dumanjug_converter_station_100_F0_B1,,0.9707592557214053,13.789056397295239,,,,nr
off_peak,sub_dumanjug_converter_station_100_F0_B2,,0.9693269998197718,13.740054954896262,,,,nr
off_peak,sub_dumanjug_converter_station_100_F0_B3,,0.9599968143879444,13.41820620041279,,,,nr
off_peak,sub_dumanjug_converter_station_100_F0_B4,,0.9540487382818602,13.209839259983932,,,,nr
off_peak,sub_dumanjug_converter_station_100_F0_B5,,0.9523158363197342,13.148634758895781,,,,nr
off_peak,sub_dumanjug_converter_station_100_F1_B0,,0.9733222654046357,13.881719534934936,,,,nr
off_peak,sub_dumanjug_converter_station_100_F1_B1,,0.9678081113037692,13.691507598982923,,,,nr
off_peak,sub_dumanjug_converter_station_100_F1_B2,,0.965635950956045,13.615953451709785,,,,nr
off_peak,sub_dumanjug_converter_station_100_F1_B3,,0.9646725883529552,13.58233230906879,,,,nr
off_peak,sub_dumanjug_converter_station_100_F1_B4,,0.9646552754225102,13.5817273784254,,,,nr
off_peak,sub_dumanjug_converter_station_100_F2_B0,,0.9732510691913895,13.874186948621347,,,,nr
off_peak,sub_dumanjug_converter_station_100_F2_B1,,0.9706837665941289,13.786335739977533,,,,nr
off_peak,sub_dumanjug_converter_station_100_F2_B2,,0.9641127070430339,13.559637369943266,,,,nr
off_peak,sub_dumanjug_converter_station_100_F2_B3,,0.9604486801802226,13.431879439401934,,,,nr
off_peak,sub_dumanjug_converter_station_100_F2_B4,,0.9587027262278334,13.370660077510708,,,,nr
off_peak,sub_dumanjug_converter_station_100_F2_B5,,0.957883764367899,13.341870729075838,,,,nr
off_peak,sub_dumanjug_converter_station_100_F3_B0,,0.9732495335326236,13.874131979768372,,,,nr
off_peak,sub_dumanjug_converter_station_100_F3_B1,,0.9678345249223437,13.688730223517851,,,,nr
off_peak,sub_dumanjug_converter_station_100_F3_B2,,0.9636492416524453,13.544140722623347,,,,nr
off_peak,sub_dumanjug_converter_station_100_F3_B3,,0.9607968521765268,13.444995275917334,,,,nr
off_peak,sub_dumanjug_converter_station_100_F3_B4,,0.9567542882143438,13.303702391650944,,,,nr
off_peak,sub_dumanjug_converter_station_100_F3_B5,,0.9524829896457658,13.153339323347508,,,,nr
off_peak,sub_argao_cable_terminal_117_F1_B0,,0.9777157536376969,11.151569817511207,,,,nr
off_peak,sub_argao_cable_terminal_117_F1_B1,,0.9751038721446348,11.062506221637213,,,,nr
off_peak,sub_argao_cable_terminal_117_F1_B2,,0.9686124584007677,10.839300804877663,,,,nr
off_peak,sub_argao_cable_terminal_117_F1_B3,,0.9661340809369872,10.753274498598511,,,,nr
off_peak,sub_argao_cable_terminal_117_F1_B4,,0.9657798875545353,10.740950834279328,,,,nr
off_peak,sub_argao_cable_terminal_117_F1_B5,,0.9619807246932467,10.608446190897858,,,,nr
off_peak,sub_argao_cable_terminal_117_F2_B0,,0.9777109422739207,11.15139838987886,,,,nr
off_peak,sub_argao_cable_terminal_117_F2_B1,,0.9756145774601732,11.080279372154385,,,,nr
off_peak,sub_argao_cable_terminal_117_F2_B2,,0.9742256872933689,11.033148480203439,,,,nr
off_peak,sub_argao_cable_terminal_117_F2_B3,,0.9641782054059878,10.689483639997025,,,,nr
off_peak,sub_argao_cable_terminal_117_F2_B4,,0.9561365417323331,10.409688847833236,,,,nr
off_peak,sub_argao_cable_terminal_117_F2_B5,,0.9514191001886261,10.24352628199501,,,,nr
off_peak,sub_argao_cable_terminal_117_F3_B0,,0.9784041904107976,11.225436912494343,,,,nr
off_peak,sub_cebeco_iii_8_F0_B0,,0.9694712734784862,16.398434071350646,,,,nr
off_peak,sub_cebeco_iii_8_F0_B1,,0.9632691985559615,16.185306115271274,,,,nr
off_peak,sub_cebeco_iii_8_F0_B2,,0.960410328733291,16.086241531642283,,,,nr
off_peak,sub_cebeco_iii_8_F0_B3,,0.9553917774347013,15.911200557416958,,,,nr
off_peak,sub_cebeco_iii_8_F0_B4,,0.9498330727568318,15.715309140507062,,,,nr
off_peak,sub_cebeco_iii_8_F0_B5,,0.949646741024271,15.708697015116861,,,,nr
off_peak,sub_cebeco_iii_8_F1_B0,,0.9694771260075166,16.39864434421119,,,,nr
off_peak,sub_cebeco_iii_8_F1_B1,,0.964900865334998,16.24126933523829,,,,nr
off_peak,sub_cebeco_iii_8_F1_B2,,0.9610426135827733,16.10756139574461,,,,nr
off_peak,sub_cebeco_iii_8_F1_B3,,0.9565733803707326,15.951479414652152,,,,nr
off_peak,sub_cebeco_iii_8_F1_B4,,0.9541948629005161,15.867859152851228,,,,nr
off_peak,sub_cebeco_iii_8_F1_B5,,0.9515642851716913,15.77497887488718,,,,nr
off_peak,sub_cebeco_iii_8_F2_B0,,0.9694722787492359,16.398470189234857,,,,nr
off_peak,sub_cebeco_iii_8_F2_B1,,0.9686120820691608,16.36908706146261,,,,nr
off_peak,sub_cebeco_iii_8_F2_B2,,0.9589002216357544,16.034523589006092,,,,nr
off_peak,sub_cebeco_iii_8_F2_B3,,0.9537254326483856,15.853506011857238,,,,nr
off_peak,sub_cebeco_iii_8_F2_B4,,0.9518371967593587,15.787010949899592,,,,nr
off_peak,sub_cebeco_iii_8_F2_B5,,0.9472496861699932,15.62469188931549,,,,nr
off_peak,sub_cebeco_iii_8_F3_B0,,0.9694746293804881,16.398554643975363,,,,nr
off_peak,sub_cebeco_iii_8_F3_B1,,0.9642764583795506,16.21986466550591,,,,nr
off_peak,sub_cebeco_iii_8_F3_B2,,0.9616347970674589,16.12842785909482,,,,nr
off_peak,sub_cebeco_iii_8_F3_B3,,0.9585000355047185,16.01949676881095,,,,nr
off_peak,sub_cebeco_iii_8_F3_B4,,0.9508064091663873,15.749670033591457,,,,nr
off_peak,sub_cebeco_iii_8_F3_B5,,0.9489492780145004,15.683855752314695,,,,nr
off_peak,sub_ginatilan_substation_102_F0_B0,,0.9781597772032634,22.13918198857063,,,,nr
off_peak,sub_ginatilan_substation_102_F0_B1,,0.9710251298443995,21.89584765360657,,,,nr
off_peak,sub_ginatilan_substation_102_F0_B2,,0.9673826761906837,21.77028215966094,,,,nr
off_peak,sub_ginatilan_substation_102_F0_B3,,0.9658739459684956,21.718056442757575,,,,nr
off_peak,sub_ginatilan_substation_102_F0_B4,,0.9601695598349373,21.519479381798163,,,,nr
off_peak,sub_ginatilan_substation_102_F0_B5,,0.9580869713622797,21.44639761809653,,,,nr
off_peak,sub_ginatilan_substation_102_F2_B0,,0.9781742063360366,22.13969563948012,,,,nr
off_peak,sub_ginatilan_substation_102_F2_B1,,0.9752970424465182,22.04180605853907,,,,nr
off_peak,sub_ginatilan_substation_102_F2_B2,,0.9685080984732105,21.8088375035554,,,,nr
off_peak,sub_ginatilan_substation_102_F2_B3,,0.9652513298459122,21.695938443437736,,,,nr
off_peak,sub_ginatilan_substation_102_F2_B4,,0.9626511416331487,21.60530956170571,,,,nr
off_peak,sub_ginatilan_substation_102_F2_B5,,0.9606360570476321,21.534777996859386,,,,nr
off_peak,sub_ginatilan_substation_102_F3_B0,,0.9781371881362632,22.138377864097237,,,,nr
off_peak,sub_ginatilan_substation_102_F3_B1,,0.972101288348265,21.933646065121724,,,,nr
off_peak,sub_ginatilan_substation_102_F3_B2,,0.963474480176084,21.63691563310261,,,,nr
off_peak,sub_ginatilan_substation_102_F3_B3,,0.9599137651223351,21.512888706596907,,,,nr
off_peak,sub_ginatilan_substation_102_F3_B4,,0.9568679139671961,21.406136002917634,,,,nr
off_peak,sub_ginatilan_substation_102_F3_B5,,0.95498258748449,21.339745957923036,,,,nr
off_peak,sub_talvera_cable_terminal_10_F0_B0,,0.9719734360396313,17.21369162614094,,,,nr
off_peak,sub_talvera_cable_terminal_10_F0_B1,,0.9671003025364162,17.04735164921102,,,,nr
off_peak,sub_talvera_cable_terminal_10_F0_B2,,0.9618689709296863,16.867262927943596,,,,nr
off_peak,sub_talvera_cable_terminal_10_F0_B3,,0.9565714640140885,16.68324701061912,,,,nr
off_peak,sub_talvera_cable_terminal_10_F0_B4,,0.9487640488105666,16.408731584981616,,,,nr
off_peak,sub_talvera_cable_terminal_10_F0_B5,,0.9476938739379732,16.370718938690462,,,,nr
off_peak,sub_talvera_cable_terminal_10_F1_B0,,0.9725387756470842,17.273891044158535,,,,nr
off_peak,sub_talvera_cable_terminal_10_F1_B1,,0.9723945667807843,17.268893114019146,,,,nr
off_peak,sub_talvera_cable_terminal_10_F2_B0,,0.9719879598712754,17.214212159114965,,,,nr
off_peak,sub_talvera_cable_terminal_10_F2_B1,,0.9696004317687873,17.131850511355797,,,,nr
off_peak,sub_talvera_cable_terminal_10_F2_B2,,0.9691983444028903,17.117949831012794,,,,nr
off_peak,sub_talvera_cable_terminal_10_F2_B3,,0.9661389688882308,17.011932237785075,,,,nr
off_peak,sub_talvera_cable_terminal_10_F2_B4,,0.9633652217975964,16.91527735832678,,,,nr
off_peak,sub_talvera_cable_terminal_10_F2_B5,,0.9623615878515096,16.88016803815792,,,,nr
off_peak,sub_talvera_cable_terminal_10_F3_B0,,0.9719686503456352,17.213520107869506,,,,nr
off_peak,sub_talvera_cable_terminal_10_F3_B1,,0.9677707639871957,17.070978754572288,,,,nr
off_peak,sub_talvera_cable_terminal_10_F3_B2,,0.96027595414567,16.814166930320507,,,,nr
off_peak,sub_talvera_cable_terminal_10_F3_B3,,0.9505885887052289,16.47688866848617,,,,nr
off_peak,sub_talvera_cable_terminal_10_F3_B4,,0.9442304952789377,16.25183819621266,,,,nr
off_peak,sub_talvera_cable_terminal_10_F3_B5,,0.9433567117762194,16.220651268153727,,,,nr
off_peak,v1_05naga_F0_B0,,0.9731016646745334,18.713983446426536,,,,nr
off_peak,v1_05naga_F0_B1,,0.9694644336973599,18.59037561665195,,,,nr
off_peak,v1_05naga_F0_B2,,0.9589060509618541,18.227013346645183,,,,nr
off_peak,v1_05naga_F0_B3,,0.9526479961765885,18.007804403118538,,,,nr
off_peak,v1_05naga_F0_B4,,0.9510731139860631,17.952172687475063,,,,nr
off_peak,v1_05naga_F0_B5,,0.9491693736537141,17.884726121684,,,,nr
off_peak,v1_05naga_F1_B0,,0.9730933520588771,18.713685904664437,,,,nr
off_peak,v1_05naga_F1_B1,,0.9661901978909898,18.479065531457252,,,,nr
off_peak,v1_05naga_F1_B2,,0.9611973614204329,18.307676576953405,,,,nr
off_peak,v1_05naga_F1_B3,,0.9523169087705451,17.999207280584805,,,,nr
off_peak,v1_05naga_F1_B4,,0.944700021540736,17.730280638278977,,,,nr
off_peak,v1_05naga_F1_B5,,0.9431448899267683,17.674809647895675,,,,nr
off_peak,v1_05naga_F2_B0,,0.9731038120207474,18.714060308685013,,,,nr
off_peak,v1_05naga_F2_B1,,0.9648454652696993,18.431557680483554,,,,nr
off_peak,v1_05naga_F2_B2,,0.960932012665706,18.296075666423103,,,,nr
off_peak,v1_05naga_F2_B3,,0.9572293890937987,18.167057479691465,,,,nr
off_peak,v1_05naga_F2_B4,,0.9524273110000928,17.998480759113324,,,,nr
off_peak,v1_05naga_F2_B5,,0.9493119559324952,17.888289624598023,,,,nr
off_peak,v1_05naga_F3_B0,,0.9731352805808551,18.7151867035035,,,,nr
off_peak,v1_05naga_F3_B1,,0.9714603998385153,18.65750580801581,,,,nr
off_peak,v1_05naga_F3_B2,,0.9682664778823367,18.547013057883888,,,,nr
off_peak,v1_05naga_F3_B3,,0.9666235380002449,18.48988802084157,,,,nr
off_peak,v1_05naga_F3_B4,,0.9658852391845494,18.464154674465874,,,,nr
off_peak,v1_05naga_F3_B5,,0.9654310214363109,18.448305029925514,,,,nr
off_peak,v1_05therma_F0_B0,,0.9983432798918719,22.652159588180503,,,,nr
off_peak,v1_05therma_F0_B1,,0.9963758274908852,22.586401620377664,,,,nr
off_peak,v1_05therma_F0_B2,,0.9925704210087731,22.458659149211808,,,,nr
off_peak,v1_05therma_F0_B3,,0.9871196853795192,22.274109605819962,,,,nr
off_peak,v1_05therma_F0_B4,,0.9853939027092008,22.215239742776927,,,,nr
off_peak,v1_05therma_F0_B5,,0.9843544784228394,22.17969134319717,,,,nr
off_peak,v1_05therma_F1_B0,,0.9994268997192288,22.765552053706763,,,,nr
off_peak,v1_05therma_F1_B1,,0.9993298745625413,22.762279835097328,,,,nr
off_peak,v1_05therma_F2_B0,,0.9983344532986688,22.651851624651687,,,,nr
off_peak,v1_05therma_F2_B1,,0.9975890758369655,22.62707939784486,,,,nr
off_peak,v1_05therma_F2_B2,,0.991013974212531,22.407525829534332,,,,nr
off_peak,v1_05therma_F2_B3,,0.9873435465016192,22.283915060864626,,,,nr
off_peak,v1_05therma_F2_B4,,0.9784726312314898,21.982072964488353,,,,nr
off_peak,v1_05therma_F2_B5,,0.9759072410965983,21.893739697196622,,,,nr
off_peak,v1_05therma_F3_B0,,0.9983273748593608,22.65160465565304,,,,nr
off_peak,v1_05therma_F3_B1,,0.9940172923647177,22.50824575144709,,,,nr
off_peak,v1_05therma_F3_B2,,0.9865003300603744,22.255610982005084,,,,nr
off_peak,v1_05therma_F3_B3,,0.9815141227483918,22.085961820761742,,,,nr
off_peak,v1_05therma_F3_B4,,0.9784335261544796,21.980313139546826,,,,nr
off_peak,v1_05therma_F3_B5,,0.9772444675502585,21.93935908000202,,,,nr
off_peak,sub_tabango_substation_57_F0_B0,,0.9751775885599274,10.53671118557871,,,,nr
off_peak,sub_tabango_substation_57_F0_B1,,0.9723680825325892,10.440004859881872,,,,nr
off_peak,sub_tabango_substation_57_F0_B2,,0.9716067188351734,10.41370909140879,,,,nr
off_peak,sub_tabango_substation_57_F0_B3,,0.9699331595758003,10.35580613839011,,,,nr
off_peak,sub_tabango_substation_57_F0_B4,,0.9677013683605846,10.27831615774402,,,,nr
off_peak,sub_tabango_substation_57_F0_B5,,0.967006473491714,10.254114779798224,,,,nr
off_peak,sub_tabango_substation_57_F1_B0,,0.9751771662804243,10.536696099906028,,,,nr
off_peak,sub_tabango_substation_57_F1_B1,,0.9724972650176797,10.444564817237667,,,,nr
off_peak,sub_tabango_substation_57_F1_B2,,0.9707760063480763,10.385149084239883,,,,nr
off_peak,sub_tabango_substation_57_F1_B3,,0.9686876452426931,10.312820079294731,,,,nr
off_peak,sub_tabango_substation_57_F1_B4,,0.9665408287415725,10.238164297346765,,,,nr
off_peak,sub_tabango_substation_57_F1_B5,,0.9662176772907146,10.22689551289601,,,,nr
off_peak,sub_tabango_substation_57_F3_B0,,0.9751774736472074,10.536707080392988,,,,nr
off_peak,sub_tabango_substation_57_F3_B1,,0.9716463295838017,10.415091147516861,,,,nr
off_peak,sub_tabango_substation_57_F3_B2,,0.9712364473035882,10.400917782030877,,,,nr
off_peak,sub_tabango_substation_57_F3_B3,,0.9692642527029919,10.332595926816222,,,,nr
off_peak,sub_tabango_substation_57_F3_B4,,0.9677943079997967,10.28149789880424,,,,nr
off_peak,sub_tabango_substation_57_F3_B5,,0.9676052411615785,10.274913230461067,,,,nr
off_peak,sub_osm_13_F0_B0,,0.8695924465290665,-7.859017218679371,,,,nr
off_peak,sub_osm_13_F0_B1,,0.8670486667440083,-7.9572525564014285,,,,nr
off_peak,sub_osm_13_F0_B2,,0.8656920138418915,-8.00987808362845,,,,nr
off_peak,sub_osm_13_F0_B3,,0.8648192907149685,-8.043812404599782,,,,nr
off_peak,sub_osm_13_F0_B4,,0.8637753799341461,-8.084484603743187,,,,nr
off_peak,sub_osm_13_F0_B5,,0.8635802952924773,-8.092097003299457,,,,nr
off_peak,sub_osm_13_F1_B0,,0.8695887532789606,-7.8591651685635,,,,nr
off_peak,sub_osm_13_F1_B1,,0.8660691048150593,-7.9946956336926185,,,,nr
off_peak,sub_osm_13_F1_B2,,0.8634786918474684,-8.095123102973034,,,,nr
off_peak,sub_osm_13_F1_B3,,0.8625045900222797,-8.13302852739593,,,,nr
off_peak,sub_osm_13_F1_B4,,0.8601914364140838,-8.223310813539745,,,,nr
off_peak,sub_osm_13_F1_B5,,0.8591447139557257,-8.26431812833444,,,,nr
off_peak,sub_osm_13_F2_B0,,0.8695922232106996,-7.859026164715991,,,,nr
off_peak,sub_osm_13_F2_B1,,0.866200494117113,-7.990124406340797,,,,nr
off_peak,sub_osm_13_F2_B2,,0.8656379611540708,-8.0119723065714,,,,nr
off_peak,sub_osm_13_F2_B3,,0.8645357490268771,-8.054851264927066,,,,nr
off_peak,sub_osm_13_F2_B4,,0.8639783883575946,-8.076575275402393,,,,nr
off_peak,sub_osm_13_F2_B5,,0.8637383129793637,-8.085940973421287,,,,nr
off_peak,sub_osm_13_F3_B0,,0.8695942018959215,-7.85894689941785,,,,nr
off_peak,sub_osm_13_F3_B1,,0.8675045984872082,-7.939754956166695,,,,nr
off_peak,sub_osm_13_F3_B2,,0.8667859453795251,-7.967638598814839,,,,nr
off_peak,sub_osm_13_F3_B3,,0.8664491586630089,-7.9807190017245695,,,,nr
off_peak,sub_osm_13_F3_B4,,0.8653758908777506,-8.022458676421017,,,,nr
off_peak,sub_osm_13_F3_B5,,0.865259751549697,-8.026982240214931,,,,nr
off_peak,sub_milagro_substation_104_F0_B0,,1.0197946940485916,-0.015446401848731984,,,,nr
off_peak,sub_milagro_substation_104_F0_B1,,1.0170117850817297,-0.10694906439291399,,,,nr
off_peak,sub_milagro_substation_104_F0_B2,,1.0143939957590125,-0.19345686879348767,,,,nr
off_peak,sub_milagro_substation_104_F0_B3,,1.0125292420962095,-0.2553484723643045,,,,nr
off_peak,sub_milagro_substation_104_F0_B4,,1.0119586187800622,-0.27433314340375486,,,,nr
off_peak,sub_milagro_substation_104_F0_B5,,1.0112219738892665,-0.2988665034198575,,,,nr
off_peak,sub_milagro_substation_104_F1_B0,,1.0197950618030664,-0.015433838526756474,,,,nr
off_peak,sub_milagro_substation_104_F1_B1,,1.0184351477724995,-0.060162886767951194,,,,nr
off_peak,sub_milagro_substation_104_F1_B2,,1.0154882845601771,-0.15745693705438013,,,,nr
off_peak,sub_milagro_substation_104_F1_B3,,1.0141025829822596,-0.20340701346053516,,,,nr
off_peak,sub_milagro_substation_104_F1_B4,,1.0133792339078478,-0.22744300603193507,,,,nr
off_peak,sub_milagro_substation_104_F1_B5,,1.0131480123047074,-0.23513352326358714,,,,nr
off_peak,sub_milagro_substation_104_F2_B0,,1.0197947491734851,-0.015444518658179165,,,,nr
off_peak,sub_milagro_substation_104_F2_B1,,1.018804302774196,-0.04795311782967273,,,,nr
off_peak,sub_milagro_substation_104_F2_B2,,1.016672976902032,-0.11804016141165276,,,,nr
off_peak,sub_milagro_substation_104_F2_B3,,1.0127413937061303,-0.24798722784222776,,,,nr
off_peak,sub_milagro_substation_104_F2_B4,,1.0106462908638947,-0.31763497937686963,,,,nr
off_peak,sub_milagro_substation_104_F2_B5,,1.0093990391739454,-0.35922398372283265,,,,nr
off_peak,sub_milagro_substation_104_F3_B0,,1.0197949876106975,-0.015436373105476244,,,,nr
off_peak,sub_milagro_substation_104_F3_B1,,1.0181843939286488,-0.06840477712760301,,,,nr
off_peak,sub_milagro_substation_104_F3_B2,,1.0164905681799716,-0.12425671430693584,,,,nr
off_peak,sub_milagro_substation_104_F3_B3,,1.0140589836499974,-0.20471929708370612,,,,nr
off_peak,sub_milagro_substation_104_F3_B4,,1.012264621442234,-0.26433646750016443,,,,nr
off_peak,sub_milagro_substation_104_F3_B5,,1.0120602511112788,-0.27114141698877314,,,,nr
off_peak,sub_babatngon_substation_20_F0_B0,,1.0178922644601482,-0.19589106756052155,,,,nr
off_peak,sub_babatngon_substation_20_F0_B1,,1.0176186534983465,-0.20494718645622323,,,,nr
off_peak,sub_babatngon_substation_20_F0_B2,,1.0171449970299566,-0.2206346734421411,,,,nr
off_peak,sub_babatngon_substation_20_F0_B3,,1.0171228913889605,-0.22136721943877186,,,,nr
off_peak,sub_babatngon_substation_20_F1_B0,,1.0176990494942664,-0.21598207636653852,,,,nr
off_peak,sub_babatngon_substation_20_F1_B1,,1.017016736039154,-0.23853376723419184,,,,nr
off_peak,sub_babatngon_substation_20_F1_B2,,1.0159564010898512,-0.27363304524947263,,,,nr
off_peak,sub_babatngon_substation_20_F1_B3,,1.0152136989590308,-0.2982606319783429,,,,nr
off_peak,sub_babatngon_substation_20_F1_B4,,1.0149105605170892,-0.3083226071653638,,,,nr
off_peak,sub_babatngon_substation_20_F1_B5,,1.0145836612856656,-0.3191788166133923,,,,nr
off_peak,sub_babatngon_substation_20_F2_B0,,1.0176969745578788,-0.2160531022296151,,,,nr
off_peak,sub_babatngon_substation_20_F2_B1,,1.0156529413077582,-0.28353079954083965,,,,nr
off_peak,sub_babatngon_substation_20_F2_B2,,1.0152161706960212,-0.2979801833017364,,,,nr
off_peak,sub_babatngon_substation_20_F2_B3,,1.01316300000578,-0.36602947319211127,,,,nr
off_peak,sub_babatngon_substation_20_F2_B4,,1.0119410973786467,-0.4066529082566798,,,,nr
off_peak,sub_babatngon_substation_20_F2_B5,,1.0112266643043506,-0.4304470239834421,,,,nr
off_peak,sub_babatngon_substation_20_F3_B0,,1.0176975539271507,-0.21603327020402202,,,,nr
off_peak,sub_babatngon_substation_20_F3_B1,,1.0171714298880268,-0.23338475276646187,,,,nr
off_peak,sub_babatngon_substation_20_F3_B2,,1.0158736772466086,-0.27622988765876927,,,,nr
off_peak,sub_babatngon_substation_20_F3_B3,,1.0150422964310761,-0.3037133306662538,,,,nr
off_peak,sub_babatngon_substation_20_F3_B4,,1.0117154769655707,-0.4140240094233537,,,,nr
off_peak,sub_babatngon_substation_20_F3_B5,,1.0103373058115208,-0.45992887906694757,,,,nr
off_peak,sub_osm_55_F0_B0,,0.983855565910529,7.9387007675479495,,,,nr
off_peak,sub_osm_55_F0_B1,,0.9830835524702877,7.912503756048122,,,,nr
off_peak,sub_osm_55_F0_B2,,0.9787075413783641,7.76344702937745,,,,nr
off_peak,sub_osm_55_F0_B3,,0.9749271262967115,7.633666183868856,,,,nr
off_peak,sub_osm_55_F0_B4,,0.9728479631975957,7.561876111076803,,,,nr
off_peak,sub_osm_55_F0_B5,,0.9714892055492969,7.514809986693602,,,,nr
off_peak,sub_osm_55_F1_B0,,0.9838573573003707,7.938764199318262,,,,nr
off_peak,sub_osm_55_F1_B1,,0.9826625571381432,7.898012489774211,,,,nr
off_peak,sub_osm_55_F1_B2,,0.9823816167098262,7.888423588721209,,,,nr
off_peak,sub_osm_55_F1_B3,,0.979325000617368,7.78385130573577,,,,nr
off_peak,sub_osm_55_F1_B4,,0.9771609666248928,7.709440066354603,,,,nr
off_peak,sub_osm_55_F1_B5,,0.976327807853393,7.680704887614636,,,,nr
off_peak,sub_osm_55_F2_B0,,0.983857449613096,7.9387674680437375,,,,nr
off_peak,sub_osm_55_F2_B1,,0.9836887119553713,7.933017899612873,,,,nr
off_peak,sub_osm_55_F2_B2,,0.9808891305718446,7.837415619123444,,,,nr
off_peak,sub_osm_55_F2_B3,,0.9799792889000404,7.80623818143748,,,,nr
off_peak,sub_osm_55_F2_B4,,0.9774519809239947,7.719393237992104,,,,nr
off_peak,sub_osm_55_F2_B5,,0.9767175738865393,7.694071049012376,,,,nr
off_peak,sub_osm_55_F3_B0,,0.98385555611689,7.93870042076266,,,,nr
off_peak,sub_osm_55_F3_B1,,0.9803031102765428,7.81775682166802,,,,nr
off_peak,sub_osm_55_F3_B2,,0.9775029170098835,7.721833595582991,,,,nr
off_peak,sub_osm_55_F3_B3,,0.9767055992201611,7.694432391930312,,,,nr
off_peak,sub_osm_55_F3_B4,,0.9738435022159722,7.595796827152421,,,,nr
off_peak,sub_osm_55_F3_B5,,0.9725650655200576,7.551557576377892,,,,nr
off_peak,sub_albuera_electrode_station_114_F0_B0,,1.0188103276149874,-0.1109655921669531,,,,nr
off_peak,sub_albuera_electrode_station_114_F0_B1,,1.0173845430964532,-0.15793670796244832,,,,nr
off_peak,sub_albuera_electrode_station_114_F0_B2,,1.015862080375904,-0.20821305894788458,,,,nr
off_peak,sub_albuera_electrode_station_114_F0_B3,,1.0142820076514807,-0.2605267364537345,,,,nr
off_peak,sub_albuera_electrode_station_114_F0_B4,,1.0126673115670066,-0.3141335019424459,,,,nr
off_peak,sub_albuera_electrode_station_114_F0_B5,,1.0115959637451144,-0.3497868673046304,,,,nr
off_peak,sub_albuera_electrode_station_114_F1_B0,,1.018811920714874,-0.11091111935704162,,,,nr
off_peak,sub_albuera_electrode_station_114_F1_B1,,1.0182148152141708,-0.1306053578003132,,,,nr
off_peak,sub_albuera_electrode_station_114_F1_B2,,1.017934277933898,-0.13986076039431067,,,,nr
off_peak,sub_albuera_electrode_station_114_F1_B3,,1.0166568977686592,-0.18203248279683776,,,,nr
off_peak,sub_albuera_electrode_station_114_F1_B4,,1.0138305579543754,-0.2756553979729885,,,,nr
off_peak,sub_albuera_electrode_station_114_F1_B5,,1.0132214006471576,-0.29590587365970294,,,,nr
off_peak,sub_albuera_electrode_station_114_F3_B0,,1.0188109451077703,-0.1109444782610773,,,,nr
off_peak,sub_albuera_electrode_station_114_F3_B1,,1.0180590028201792,-0.13571773475120552,,,,nr
off_peak,sub_albuera_electrode_station_114_F3_B2,,1.0170329266528835,-0.16955737338806748,,,,nr
off_peak,sub_albuera_electrode_station_114_F3_B3,,1.01468613160756,-0.24715896246437863,,,,nr
off_peak,sub_albuera_electrode_station_114_F3_B4,,1.0130851339980211,-0.30029141578611074,,,,nr
off_peak,sub_albuera_electrode_station_114_F3_B5,,1.0120560193729484,-0.33452542785598416,,,,nr
off_peak,v1_04babatngn_F0_B0,,1.0161914146688689,-0.32548943899857163,,,,nr
off_peak,v1_04babatngn_F0_B1,,1.0154855522869068,-0.34887739869871726,,,,nr
off_peak,v1_04babatngn_F0_B2,,1.0151260921351057,-0.3607995103156449,,,,nr
off_peak,v1_04babatngn_F0_B3,,1.0144829252594445,-0.382150832306129,,,,nr
off_peak,v1_04babatngn_F0_B4,,1.0144415159106268,-0.38352651834310136,,,,nr
off_peak,v1_04babatngn_F0_B5,,1.0142765029623455,-0.3890092257961974,,,,nr
off_peak,v1_04babatngn_F1_B0,,1.0161858234075218,-0.3256811139960395,,,,nr
off_peak,v1_04babatngn_F1_B1,,1.0134149990066934,-0.4170249549343697,,,,nr
off_peak,v1_04babatngn_F1_B2,,1.0107559702968922,-0.5051099908354811,,,,nr
off_peak,v1_04babatngn_F1_B3,,1.00776104050392,-0.6048560428811952,,,,nr
off_peak,v1_04babatngn_F1_B4,,1.0070914291973354,-0.627243857222651,,,,nr
off_peak,v1_04babatngn_F1_B5,,1.0066783525752567,-0.6410682857226097,,,,nr
off_peak,v1_04babatngn_F2_B0,,1.016189694774509,-0.3255483990357869,,,,nr
off_peak,v1_04babatngn_F2_B1,,1.0158336155438892,-0.33731484915046744,,,,nr
off_peak,v1_04babatngn_F2_B2,,1.0138766749081496,-0.40209365394923924,,,,nr
off_peak,v1_04babatngn_F2_B3,,1.0135445046522313,-0.4131107355372783,,,,nr
off_peak,v1_04babatngn_F2_B4,,1.0117236767449744,-0.4735831575058151,,,,nr
off_peak,v1_04babatngn_F2_B5,,1.0101658537343337,-0.5254699562002427,,,,nr
off_peak,v1_04babatngn_F3_B0,,1.0161905790873413,-0.32551808373799174,,,,nr
off_peak,v1_04babatngn_F3_B1,,1.0156525673682932,-0.3433211429354284,,,,nr
off_peak,v1_04babatngn_F3_B2,,1.0144975565039622,-0.38159379449396036,,,,nr
off_peak,v1_04babatngn_F3_B3,,1.01356196723433,-0.412656737891882,,,,nr
off_peak,v1_04babatngn_F3_B4,,1.0133413327870358,-0.4199899148023453,,,,nr
off_peak,v1_04babatngn_F3_B5,,1.0125415126824615,-0.44659064494015016,,,,nr
off_peak,v1_04kananga_F0_B0,,0.9818727720902461,8.420130173767879,,,,nr
off_peak,v1_04kananga_F0_B1,,0.980394354190618,8.369602340550413,,,,nr
off_peak,v1_04kananga_F0_B2,,0.9788946348462427,8.31821736018947,,,,nr
off_peak,v1_04kananga_F0_B3,,0.9764599789134331,8.234492786620201,,,,nr
off_peak,v1_04kananga_F0_B4,,0.9761346505277957,8.223272973772023,,,,nr
off_peak,v1_04kananga_F0_B5,,0.9748891489291263,8.180274303144525,,,,nr
off_peak,v1_04kananga_F1_B0,,0.9818724857848266,8.42012001541679,,,,nr
off_peak,v1_04kananga_F1_B1,,0.9796269332944435,8.343360093984343,,,,nr
off_peak,v1_04kananga_F1_B2,,0.9781944114470836,8.294223730615723,,,,nr
off_peak,v1_04kananga_F1_B3,,0.9767683748830224,8.24518879521979,,,,nr
off_peak,v1_04kananga_F1_B4,,0.9749604308194076,8.182837866217696,,,,nr
off_peak,v1_04kananga_F1_B5,,0.9745339470736885,8.168094423213864,,,,nr
off_peak,v1_04kananga_F2_B0,,0.9818715778902325,8.420087802579275,,,,nr
off_peak,v1_04kananga_F2_B1,,0.9793813289027496,8.335137195601575,,,,nr
off_peak,v1_04kananga_F2_B2,,0.9751351863710616,8.189328161400068,,,,nr
off_peak,v1_04kananga_F2_B3,,0.9746330679520548,8.171996003214971,,,,nr
off_peak,v1_04kananga_F2_B4,,0.973757932102516,8.141757605949495,,,,nr
off_peak,v1_04kananga_F2_B5,,0.9726774646150677,8.104364318431303,,,,nr
off_peak,v1_04kananga_F3_B0,,0.9818726826489246,8.420127000316313,,,,nr
off_peak,v1_04kananga_F3_B1,,0.9794377021657347,8.336830736296882,,,,nr
off_peak,v1_04kananga_F3_B2,,0.9779081055448056,8.284298014153032,,,,nr
off_peak,v1_04kananga_F3_B3,,0.9766213111345082,8.239980845443478,,,,nr
off_peak,v1_04kananga_F3_B4,,0.9765362190234692,8.237046313995545,,,,nr
off_peak,v1_04kananga_F3_B5,,0.9754207150300569,8.198550520831539,,,,nr
off_peak,v1_04tongona_F0_B0,,0.999362065250225,13.470304643416704,,,,nr
off_peak,v1_04tongona_F0_B1,,0.9960777661768457,13.360168418989298,,,,nr
off_peak,v1_04tongona_F0_B2,,0.9933877339054029,13.269442677562209,,,,nr
off_peak,v1_04tongona_F0_B3,,0.991667713700868,13.211185527534527,,,,nr
off_peak,v1_04tongona_F0_B4,,0.9900649671610112,13.156727648117009,,,,nr
off_peak,v1_04tongona_F0_B5,,0.9899535085524477,13.152933120212845,,,,nr
off_peak,v1_04tongona_F1_B0,,0.9993639801336538,13.47037139278548,,,,nr
off_peak,v1_04tongona_F1_B1,,0.9980902465028861,13.427651683409435,,,,nr
off_peak,v1_04tongona_F1_B2,,0.994286777436027,13.299496712083478,,,,nr
off_peak,v1_04tongona_F1_B3,,0.9938307550064673,13.284062544884815,,,,nr
off_peak,v1_04tongona_F1_B4,,0.9924895601556403,13.238608361189554,,,,nr
off_peak,v1_04tongona_F1_B5,,0.9917406841156222,13.213178523070553,,,,nr
off_peak,v1_04tongona_F2_B0,,0.999363935995164,13.470369854197143,,,,nr
off_peak,v1_04tongona_F2_B1,,0.9972236654952953,13.398518485260283,,,,nr
off_peak,v1_04tongona_F2_B2,,0.9971198511290249,13.395027871514166,,,,nr
off_peak,v1_04tongona_F2_B3,,0.9942209787018719,13.297382262015113,,,,nr
off_peak,v1_04tongona_F2_B4,,0.9914543854850252,13.203711139771984,,,,nr
off_peak,v1_04tongona_F2_B5,,0.9902187240652254,13.161711125072536,,,,nr
off_peak,v1_04tongona_F3_B0,,0.9993642646070344,13.470381309016396,,,,nr
off_peak,v1_04tongona_F3_B1,,0.9977479435592587,13.416129566201372,,,,nr
off_peak,v1_04tongona_F3_B2,,0.9964518919325237,13.372528432627641,,,,nr
off_peak,v1_04tongona_F3_B3,,0.9952569573373088,13.332264288591238,,,,nr
off_peak,v1_04tongona_F3_B4,,0.9919775990465145,13.221383230154613,,,,nr
off_peak,v1_04tongona_F3_B5,,0.9903975134433651,13.167707811067555,,,,nr
off_peak,v1_04babatngn69_F0_B0,,1.0061351591649725,-1.4087124692355713,,,,nr
off_peak,v1_04babatngn69_F0_B1,,1.0030045300469614,-1.5134813560656095,,,,nr
off_peak,v1_04babatngn69_F0_B2,,1.0027526137328027,-1.5219441749443612,,,,nr
off_peak,v1_04babatngn69_F0_B3,,1.0026620542233924,-1.524987312066635,,,,nr
off_peak,v1_04babatngn69_F0_B4,,1.002406610663283,-1.5335733759015355,,,,nr
off_peak,v1_04babatngn69_F0_B5,,1.0022577393304992,-1.5385791619252638,,,,nr
off_peak,v1_04babatngn69_F1_B0,,1.0061267838873684,-1.4090024125452716,,,,nr
off_peak,v1_04babatngn69_F1_B1,,1.0033458369985093,-1.5016219785606095,,,,nr
off_peak,v1_04babatngn69_F1_B2,,1.0017919338203458,-1.5535670478878778,,,,nr
off_peak,v1_04babatngn69_F1_B3,,0.9985769352798294,-1.6614742208198359,,,,nr
off_peak,v1_04babatngn69_F1_B4,,0.9964953015904318,-1.7317099500920416,,,,nr
off_peak,v1_04babatngn69_F1_B5,,0.9964117222249043,-1.7345370021050994,,,,nr
off_peak,v1_04babatngn69_F2_B0,,1.0061318912650576,-1.4088256006002768,,,,nr
off_peak,v1_04babatngn69_F2_B1,,1.0052213996068018,-1.439164797873596,,,,nr
off_peak,v1_04babatngn69_F2_B2,,1.0028900471482904,-1.5170424645498153,,,,nr
off_peak,v1_04babatngn69_F2_B3,,1.0016047158040449,-1.5601112736601337,,,,nr
off_peak,v1_04babatngn69_F2_B4,,0.9992469625921453,-1.639341321153635,,,,nr
off_peak,v1_04babatngn69_F2_B5,,0.9977027250128971,-1.6914177905979144,,,,nr
off_peak,v1_04babatngn69_F3_B0,,1.0061352942052073,-1.40870779427721,,,,nr
off_peak,v1_04babatngn69_F3_B1,,1.0057401934550718,-1.421888936805777,,,,nr
off_peak,v1_04babatngn69_F3_B2,,1.0052779750917942,-1.437308812481999,,,,nr
off_peak,v1_04babatngn69_F3_B3,,1.0018930412664575,-1.550570143606104,,,,nr
off_peak,v1_04babatngn69_F3_B4,,1.0002954147641971,-1.6042996641068006,,,,nr
off_peak,v1_04babatngn69_F3_B5,,1.0001670437597452,-1.6086252536308114,,,,nr
off_peak,v1_04palo_F0_B0,,0.997916140411021,-1.8727764833489735,,,,nr
off_peak,v1_04palo_F0_B1,,0.996406827270388,-1.9236634472727292,,,,nr
off_peak,v1_04palo_F0_B2,,0.9958159470860329,-1.9436265908159691,,,,nr
off_peak,v1_04palo_F0_B3,,0.9950996240518617,-1.9678557607909328,,,,nr
off_peak,v1_04palo_F0_B4,,0.9945154315193531,-1.9876402333027225,,,,nr
off_peak,v1_04palo_F0_B5,,0.9943890273693838,-1.9919243031424874,,,,nr
off_peak,v1_04palo_F1_B0,,0.9979042906388572,-1.8731900888776911,,,,nr
off_peak,v1_04palo_F1_B1,,0.9951657254550007,-1.965085506605578,,,,nr
off_peak,v1_04palo_F1_B2,,0.9942479772143366,-1.995967085241676,,,,nr
off_peak,v1_04palo_F1_B3,,0.9907392225128001,-2.1144004316030367,,,,nr
off_peak,v1_04palo_F1_B4,,0.9872981135755419,-2.2312888227583767,,,,nr
off_peak,v1_04palo_F1_B5,,0.9858670200196366,-2.280134615931205,,,,nr
off_peak,v1_04palo_F2_B0,,0.9979131103357021,-1.8728822455432335,,,,nr
off_peak,v1_04palo_F2_B1,,0.9958699216475073,-1.9417031764631938,,,,nr
off_peak,v1_04palo_F2_B2,,0.9946639297893889,-1.982455477426517,,,,nr
off_peak,v1_04palo_F2_B3,,0.9938661930867071,-2.009463199611503,,,,nr
off_peak,v1_04palo_F2_B4,,0.9937512251586844,-2.0133581059139454,,,,nr
off_peak,v1_04palo_F2_B5,,0.9921906263734985,-2.06627714682138,,,,nr
off_peak,v1_04palo_F3_B0,,0.9979128327710155,-1.8728919336960232,,,,nr
off_peak,v1_04palo_F3_B1,,0.995758958471572,-1.9454400309220419,,,,nr
off_peak,v1_04palo_F3_B2,,0.9942249764959439,-1.9973017176538232,,,,nr
off_peak,v1_04palo_F3_B3,,0.9934129706200155,-2.024821608256618,,,,nr
off_peak,v1_04palo_F3_B4,,0.9932423076262246,-2.0306117501585286,,,,nr
off_peak,v1_04palo_F3_B5,,0.9931617586541651,-2.033345224395938,,,,nr
off_peak,v1_04tolosa_F1_B0,,0.9960479768696506,-1.9794209097420583,,,,nr
off_peak,v1_04tolosa_F1_B1,,0.9937345546610765,-2.0573672365438025,,,,nr
off_peak,v1_04tolosa_F1_B2,,0.9925825810907808,-2.0963010288550894,,,,nr
off_peak,v1_04tolosa_F1_B3,,0.9898335184854499,-2.1895362648329626,,,,nr
off_peak,v1_04tolosa_F1_B4,,0.9895975106804092,-2.197565643849206,,,,nr
off_peak,v1_04tolosa_F1_B5,,0.9883096084253897,-2.2414230422508616,,,,nr
off_peak,v1_04tolosa_F2_B0,,0.996045509585662,-1.9795071888932985,,,,nr
off_peak,v1_04tolosa_F2_B1,,0.992702378155413,-2.09213981170368,,,,nr
off_peak,v1_04tolosa_F2_B2,,0.9920139345633241,-2.1154220038829967,,,,nr
off_peak,v1_04tolosa_F2_B3,,0.9899173930811136,-2.1864658728390443,,,,nr
off_peak,v1_04tolosa_F2_B4,,0.9878715564376227,-2.2560509584508415,,,,nr
off_peak,v1_04tolosa_F2_B5,,0.9868000298602604,-2.292605158960673,,,,nr
off_peak,v1_04tolosa_F3_B0,,0.9960532834983631,-1.979235340480995,,,,nr
off_peak,v1_04tolosa_F3_B1,,0.9951975215421395,-2.0080988258340766,,,,nr
off_peak,v1_04tolosa_F3_B2,,0.99317342577165,-2.076546363648567,,,,nr
off_peak,v1_04tolosa_F3_B3,,0.9928666104675419,-2.0869460869234318,,,,nr
off_peak,v1_04tolosa_F3_B4,,0.9917876174753809,-2.12355721156313,,,,nr
off_peak,v1_04tolosa_F3_B5,,0.9912809144921688,-2.140776400172796,,,,nr
off_peak,v1_04tunga_F0_B0,,1.0008844984148013,-1.7056009294753471,,,,nr
off_peak,v1_04tunga_F0_B1,,0.9998061933166826,-1.7416669719406388,,,,nr
off_peak,v1_04tunga_F0_B2,,0.9964001510897266,-1.855999323452026,,,,nr
off_peak,v1_04tunga_F0_B3,,0.9943056968328629,-1.926672591463818,,,,nr
off_peak,v1_04tunga_F0_B4,,0.9922926227244934,-1.994855737306642,,,,nr
off_peak,v1_04tunga_F0_B5,,0.9915213655411186,-2.0210506745116117,,,,nr
off_peak,v1_04tunga_F1_B0,,1.0008824999521473,-1.705670476480788,,,,nr
off_peak,v1_04tunga_F1_B1,,0.9993993217548817,-1.7552500721996782,,,,nr
off_peak,v1_04tunga_F1_B2,,0.9952142716645934,-1.8958297985187564,,,,nr
off_peak,v1_04tunga_F1_B3,,0.9938687892498757,-1.9412702641515476,,,,nr
off_peak,v1_04tunga_F1_B4,,0.9916347688198652,-2.016939626254881,,,,nr
off_peak,v1_04tunga_F1_B5,,0.9903264416329957,-2.061400893003129,,,,nr
off_peak,v1_04tunga_F2_B0,,1.0008884706194812,-1.705462695599568,,,,nr
off_peak,v1_04tunga_F2_B1,,0.9996935396673365,-1.745518081109463,,,,nr
off_peak,v1_04tunga_F2_B2,,0.9989553293824112,-1.7702924188286013,,,,nr
off_peak,v1_04tunga_F2_B3,,0.9953459534736814,-1.8918595567104253,,,,nr
off_peak,v1_04tunga_F2_B4,,0.994492358964574,-1.9207435505301904,,,,nr
off_peak,v1_04tunga_F2_B5,,0.9935664517606057,-1.9521206192565101,,,,nr
off_peak,v1_04tunga_F3_B0,,1.0008819338332835,-1.7056901775512023,,,,nr
off_peak,v1_04tunga_F3_B1,,0.9974272562762431,-1.8214060334994613,,,,nr
off_peak,v1_04tunga_F3_B2,,0.9950319394875382,-1.9020938899272577,,,,nr
off_peak,v1_04tunga_F3_B3,,0.9931100637000781,-1.9671031671481962,,,,nr
off_peak,v1_04tunga_F3_B4,,0.9919671529671651,-2.0058816665250463,,,,nr
off_peak,v1_04tunga_F3_B5,,0.9917845606250048,-2.012085894151838,,,,nr
off_peak,v1_04talisayan_F0_B0,,0.8853270991544159,-6.823442834844874,,,,nr
off_peak,v1_04talisayan_F0_B1,,0.8832977789135,-6.90011179363385,,,,nr
off_peak,v1_04talisayan_F0_B2,,0.8806003484650248,-7.002476495559477,,,,nr
off_peak,v1_04talisayan_F0_B3,,0.8781131378279463,-7.097357954170307,,,,nr
off_peak,v1_04talisayan_F0_B4,,0.8758351349930014,-7.18468659056307,,,,nr
off_peak,v1_04talisayan_F0_B5,,0.8747299714302388,-7.227209769361269,,,,nr
off_peak,v1_04talisayan_F1_B0,,0.8853362425055111,-6.823083126017527,,,,nr
off_peak,v1_04talisayan_F1_B1,,0.8837073790547878,-6.88484996513156,,,,nr
off_peak,v1_04talisayan_F1_B2,,0.8833049487340979,-6.9001372679584385,,,,nr
off_peak,v1_04talisayan_F1_B3,,0.8823300801878036,-6.937188565144701,,,,nr
off_peak,v1_04talisayan_F1_B4,,0.8789165457998296,-7.067434898846404,,,,nr
off_peak,v1_04talisayan_F1_B5,,0.8782125807163842,-7.094428423845203,,,,nr
off_peak,v1_04talisayan_F2_B0,,0.8864529504522134,-6.69037247097647,,,,nr
off_peak,v1_04talisayan_F2_B1,,0.8863226255688509,-6.695327850186852,,,,nr
off_peak,v1_04talisayan_F3_B0,,0.8853339615438662,-6.823172861517359,,,,nr
off_peak,v1_04talisayan_F3_B1,,0.8848573741569534,-6.841198587977334,,,,nr
off_peak,v1_04talisayan_F3_B2,,0.882303252786627,-6.938033830442552,,,,nr
off_peak,v1_04talisayan_F3_B3,,0.8798590554236138,-7.031187389097476,,,,nr
off_peak,v1_04talisayan_F3_B4,,0.8787229324167116,-7.074652891548789,,,,nr
off_peak,v1_04talisayan_F3_B5,,0.8772598484015394,-7.1307587983943534,,,,nr
off_peak,v1_04sanagustinl_F0_B0,,0.9004160007802895,-5.938371556023029,,,,nr
off_peak,v1_04sanagustinl_F0_B1,,0.8962572803085386,-6.093047132550142,,,,nr
off_peak,v1_04sanagustinl_F0_B2,,0.8945254797853573,-6.15786297965326,,,,nr
off_peak,v1_04sanagustinl_F0_B3,,0.8918751850952362,-6.257477051502894,,,,nr
off_peak,v1_04sanagustinl_F0_B4,,0.8900918259967822,-6.324830102901251,,,,nr
off_peak,v1_04sanagustinl_F0_B5,,0.8896542288473932,-6.341399969890681,,,,nr
off_peak,v1_04sanagustinl_F1_B0,,0.9004230961421401,-5.938097094895924,,,,nr
off_peak,v1_04sanagustinl_F1_B1,,0.8981384974921572,-6.0231431182412685,,,,nr
off_peak,v1_04sanagustinl_F1_B2,,0.8955035917553446,-6.121734308296084,,,,nr
off_peak,v1_04sanagustinl_F1_B3,,0.8938646317088028,-6.18335254533274,,,,nr
off_peak,v1_04sanagustinl_F1_B4,,0.8931914451520839,-6.208727628163809,,,,nr
off_peak,v1_04sanagustinl_F1_B5,,0.892837180395861,-6.222095734175443,,,,nr
off_peak,v1_04sanagustinl_F3_B0,,0.9004242724462338,-5.938051593301139,,,,nr
off_peak,v1_04sanagustinl_F3_B1,,0.8979563102978856,-6.029996203557052,,,,nr
off_peak,v1_04sanagustinl_F3_B2,,0.8964948453950584,-6.084664138636896,,,,nr
off_peak,v1_04sanagustinl_F3_B3,,0.8956998516133775,-6.11445781961998,,,,nr
off_peak,v1_04sanagustinl_F3_B4,,0.8932979596771274,-6.204711037223569,,,,nr
off_peak,v1_04sanagustinl_F3_B5,,0.8919427950259646,-6.255831891639643,,,,nr
off_peak,v1_04baybay_F0_B0,,0.9095598554860707,-5.412678947434873,,,,nr
off_peak,v1_04baybay_F0_B1,,0.907277522384323,-5.496836512268621,,,,nr
off_peak,v1_04baybay_F0_B2,,0.9058330029381275,-5.550296787556454,,,,nr
off_peak,v1_04baybay_F0_B3,,0.9055374548959971,-5.561246363160659,,,,nr
off_peak,v1_04baybay_F0_B4,,0.9016660912325065,-5.705141100988061,,,,nr
off_peak,v1_04baybay_F0_B5,,0.9007137034765029,-5.740737414490555,,,,nr
off_peak,v1_04baybay_F1_B0,,0.9095619615479577,-5.412598299042752,,,,nr
off_peak,v1_04baybay_F1_B1,,0.9072497519370147,-5.497946082505969,,,,nr
off_peak,v1_04baybay_F1_B2,,0.906430830562272,-5.528269635547564,,,,nr
off_peak,v1_04baybay_F1_B3,,0.9046687514788766,-5.593665879552392,,,,nr
off_peak,v1_04baybay_F1_B4,,0.9032366316139798,-5.646993241001966,,,,nr
off_peak,v1_04baybay_F1_B5,,0.9028128008656541,-5.662808341332362,,,,nr
off_peak,v1_04baybay_F3_B0,,0.9095604364385598,-5.412656700761968,,,,nr
off_peak,v1_04baybay_F3_B1,,0.9073260568089734,-5.495063666912968,,,,nr
off_peak,v1_04baybay_F3_B2,,0.9059771809963442,-5.544988231689966,,,,nr
off_peak,v1_04baybay_F3_B3,,0.9045834132860471,-5.596698217454889,,,,nr
off_peak,v1_04baybay_F3_B4,,0.9023162418872007,-5.681105606096144,,,,nr
off_peak,v1_04baybay_F3_B5,,0.9017495271535025,-5.702273362698136,,,,nr
off_peak,v1_04javier_F0_B0,,0.9042428317473012,-5.742374620746515,,,,nr
off_peak,v1_04javier_F0_B1,,0.9037648486113848,-5.7601166449442776,,,,nr
off_peak,v1_04javier_F0_B2,,0.9036974668276333,-5.76261693787853,,,,nr
off_peak,v1_04javier_F0_B3,,0.8996876110333982,-5.911946076767537,,,,nr
off_peak,v1_04javier_F0_B4,,0.8990830720766277,-5.934585911822544,,,,nr
off_peak,v1_04javier_F0_B5,,0.8986982595567775,-5.949011499087621,,,,nr
off_peak,v1_04javier_F1_B0,,0.9042348513146647,-5.742682017919071,,,,nr
off_peak,v1_04javier_F1_B1,,0.9036045953809722,-5.765992848338798,,,,nr
off_peak,v1_04javier_F1_B2,,0.899537385755942,-5.917054243428037,,,,nr
off_peak,v1_04javier_F1_B3,,0.8974658643585971,-5.9945182210442525,,,,nr
off_peak,v1_04javier_F1_B4,,0.8962761072564867,-6.039161995577655,,,,nr
off_peak,v1_04javier_F1_B5,,0.8953679119427914,-6.07331096633584,,,,nr
off_peak,v1_04javier_F2_B0,,0.9042358228893532,-5.742644594021252,,,,nr
off_peak,v1_04javier_F2_B1,,0.902789785567374,-5.796209246907284,,,,nr
off_peak,v1_04javier_F2_B2,,0.8992578186849892,-5.927692710073718,,,,nr
off_peak,v1_04javier_F2_B3,,0.8990964309888417,-5.933725018019572,,,,nr
off_peak,v1_04javier_F2_B4,,0.8967660698549954,-6.020991449091791,,,,nr
off_peak,v1_04javier_F2_B5,,0.8958712728766677,-6.0546183377063345,,,,nr
off_peak,v1_04javier_F3_B0,,0.9042372531742704,-5.742589501126299,,,,nr
off_peak,v1_04javier_F3_B1,,0.901396639108589,-5.848074415556656,,,,nr
off_peak,v1_04javier_F3_B2,,0.9004567114243833,-5.883121298391161,,,,nr
off_peak,v1_04javier_F3_B3,,0.8994473183602045,-5.920820199628606,,,,nr
off_peak,v1_04javier_F3_B4,,0.8975978061393043,-5.9900821380042535,,,,nr
off_peak,v1_04javier_F3_B5,,0.8971407376475133,-6.00724451872516,,,,nr
off_peak,v1_04hilongos_F0_B0,,0.9585763286466326,-2.757220076822139,,,,nr
off_peak,v1_04hilongos_F0_B1,,0.9572535299528947,-2.8034751889515093,,,,nr
off_peak,v1_04hilongos_F0_B2,,0.9560576146566209,-2.845366702108256,,,,nr
off_peak,v1_04hilongos_F0_B3,,0.9528117244939633,-2.959497843539171,,,,nr
off_peak,v1_04hilongos_F0_B4,,0.9509467844701534,-3.0254167241306895,,,,nr
off_peak,v1_04hilongos_F0_B5,,0.9502395653054532,-3.050481176943035,,,,nr
off_peak,v1_04hilongos_F1_B0,,0.9585809176454844,-2.7570533311648524,,,,nr
off_peak,v1_04hilongos_F1_B1,,0.9577434475387528,-2.7863876468565874,,,,nr
off_peak,v1_04hilongos_F1_B2,,0.955899826241912,-2.8511169111006764,,,,nr
off_peak,v1_04hilongos_F1_B3,,0.9545619716903162,-2.8982400260847228,,,,nr
off_peak,v1_04hilongos_F1_B4,,0.9538602991347663,-2.923006286662236,,,,nr
off_peak,v1_04hilongos_F1_B5,,0.9534328167709201,-2.938111123725618,,,,nr
off_peak,v1_04hilongos_F2_B0,,0.9598628312721041,-2.6157570925133644,,,,nr
off_peak,v1_04hilongos_F3_B0,,0.9585762686131615,-2.7572222581937273,,,,nr
off_peak,v1_04hilongos_F3_B1,,0.9571686357287154,-2.8064474493733367,,,,nr
off_peak,v1_04hilongos_F3_B2,,0.954844821841054,-2.8879768693809944,,,,nr
off_peak,v1_04hilongos_F3_B3,,0.952762169284788,-2.9613607946511187,,,,nr
off_peak,v1_04hilongos_F3_B4,,0.9517608397870715,-2.9967515931103637,,,,nr
off_peak,v1_04hilongos_F3_B5,,0.9506556241049796,-3.035885056440699,,,,nr
off_peak,v1_04isabel69_F0_B0,,0.8716979933107246,-7.637313247018976,,,,nr
off_peak,v1_04isabel69_F0_B1,,0.8705651762801805,-7.680640298395229,,,,nr
off_peak,v1_04isabel69_F0_B2,,0.8657392522933656,-7.866210146606851,,,,nr
off_peak,v1_04isabel69_F0_B3,,0.8631841192322529,-7.9652504930115,,,,nr
off_peak,v1_04isabel69_F0_B4,,0.8600212801255972,-8.0885593117637,,,,nr
off_peak,v1_04isabel69_F0_B5,,0.858781792830551,-8.13712627514129,,,,nr
off_peak,v1_04isabel69_F1_B0,,0.8717101932547532,-7.63682579011846,,,,nr
off_peak,v1_04isabel69_F1_B1,,0.8687012525461615,-7.752840540405476,,,,nr
off_peak,v1_04isabel69_F1_B2,,0.8678053498897097,-7.787546074622853,,,,nr
off_peak,v1_04isabel69_F1_B3,,0.867171312112997,-7.812146383133795,,,,nr
off_peak,v1_04isabel69_F1_B4,,0.8663642955315689,-7.843504324382756,,,,nr
off_peak,v1_04isabel69_F1_B5,,0.8661378027901753,-7.852315835342642,,,,nr
off_peak,v1_04isabel69_F2_B0,,0.8717187369627073,-7.63648441911176,,,,nr
off_peak,v1_04isabel69_F2_B1,,0.8714589723291347,-7.646501984584312,,,,nr
off_peak,v1_04isabel69_F2_B2,,0.8700199568721086,-7.702086941880342,,,,nr
off_peak,v1_04isabel69_F2_B3,,0.8696947280697906,-7.714675080303417,,,,nr
off_peak,v1_04isabel69_F2_B4,,0.8689456904263292,-7.74369607411497,,,,nr
off_peak,v1_04isabel69_F2_B5,,0.8687193620821096,-7.752475033269355,,,,nr
off_peak,v1_04isabel69_F3_B0,,0.8717124988364036,-7.636733668790935,,,,nr
off_peak,v1_04isabel69_F3_B1,,0.8714620527203223,-7.646364337511207,,,,nr
off_peak,v1_04isabel69_F3_B2,,0.8692418049252832,-7.731909291131224,,,,nr
off_peak,v1_04isabel69_F3_B3,,0.8668288956692674,-7.825353562909209,,,,nr
off_peak,v1_04isabel69_F3_B4,,0.8661887886848506,-7.850235130684831,,,,nr
off_peak,v1_04isabel69_F3_B5,,0.8658857302081016,-7.8620275761502,,,,nr
off_peak,v1_04tabango69_F0_B0,,0.9720945387296097,10.18762340505714,,,,nr
off_peak,v1_04tabango69_F0_B1,,0.9689365987576513,10.078750412535019,,,,nr
off_peak,v1_04tabango69_F0_B2,,0.9673768736669467,10.024740028077755,,,,nr
off_peak,v1_04tabango69_F0_B3,,0.9644031734704868,9.92134723503932,,,,nr
off_peak,v1_04tabango69_F0_B4,,0.9630144199828444,9.872844016083544,,,,nr
off_peak,v1_04tabango69_F0_B5,,0.9623417880166201,9.849303903777434,,,,nr
off_peak,v1_04tabango69_F3_B0,,0.9721039582069109,10.187960910442568,,,,nr
off_peak,v1_04tabango69_F3_B1,,0.9711180395753638,10.153896923151882,,,,nr
off_peak,v1_04tabango69_F3_B2,,0.9702739476803431,10.12469338969658,,,,nr
off_peak,v1_04tabango69_F3_B3,,0.9681605909536077,10.051389460984236,,,,nr
off_peak,v1_04tabango69_F3_B4,,0.9674044915927117,10.025087430750121,,,,nr
off_peak,v1_04tabango69_F3_B5,,0.9664124256597247,9.99052759235324,,,,nr
off_peak,v1_04sambulawan_F0_B0,,0.9677623684581196,9.934349657410293,,,,nr
off_peak,v1_04sambulawan_F0_B1,,0.9659253167689664,9.87073761437603,,,,nr
off_peak,v1_04sambulawan_F0_B2,,0.964488031162018,9.820838904544145,,,,nr
off_peak,v1_04sambulawan_F0_B3,,0.9618963426269064,9.730567092509299,,,,nr
off_peak,v1_04sambulawan_F0_B4,,0.959392588267127,9.642941030503177,,,,nr
off_peak,v1_04sambulawan_F0_B5,,0.9582397678747957,9.60244696895419,,,,nr
off_peak,v1_04sambulawan_F1_B0,,0.9677594220092486,9.934243611754882,,,,nr
off_peak,v1_04sambulawan_F1_B1,,0.9645112634155661,9.82174353623529,,,,nr
off_peak,v1_04sambulawan_F1_B2,,0.9630967618568884,9.772536125747907,,,,nr
off_peak,v1_04sambulawan_F1_B3,,0.9605058284637916,9.682092477463826,,,,nr
off_peak,v1_04sambulawan_F1_B4,,0.958438121861997,9.609579147574841,,,,nr
off_peak,v1_04sambulawan_F1_B5,,0.958025499817055,9.595068984647298,,,,nr
off_peak,v1_04sambulawan_F2_B0,,0.9677693690790887,9.934601617260316,,,,nr
off_peak,v1_04sambulawan_F2_B1,,0.9669439260726382,9.905952558689613,,,,nr
off_peak,v1_04sambulawan_F2_B2,,0.9661769107837553,9.87930228244398,,,,nr
off_peak,v1_04sambulawan_F2_B3,,0.9652786473716154,9.848061144307076,,,,nr
off_peak,v1_04sambulawan_F2_B4,,0.9628123362170931,9.762057984870776,,,,nr
off_peak,v1_04sambulawan_F2_B5,,0.9614769616618345,9.715319611781082,,,,nr
off_peak,v1_04sambulawan_F3_B0,,0.9677722338679442,9.93470472427065,,,,nr
off_peak,v1_04sambulawan_F3_B1,,0.9669516194653717,9.906182024459882,,,,nr
off_peak,v1_04sambulawan_F3_B2,,0.9656102216348649,9.859457914382496,,,,nr
off_peak,v1_04sambulawan_F3_B3,,0.9653718613735178,9.85114074894022,,,,nr
off_peak,v1_04sambulawan_F3_B4,,0.9652312022443464,9.846231306127335,,,,nr
off_peak,v1_04sambulawan_F3_B5,,0.964747785081534,9.829351425443352,,,,nr
off_peak,sub_cadiz_substation_56_F0_B0,,0.9805771474602617,19.56844996712725,,,,nr
off_peak,sub_cadiz_substation_56_F0_B1,,0.9769913034323946,19.44723856160746,,,,nr
off_peak,sub_cadiz_substation_56_F0_B2,,0.9636177441138934,18.98770748613351,,,,nr
off_peak,sub_cadiz_substation_56_F0_B3,,0.9625406226261672,18.950066733123002,,,,nr
off_peak,sub_cadiz_substation_56_F0_B4,,0.9620617437316616,18.93330668083817,,,,nr
off_peak,sub_cadiz_substation_56_F0_B5,,0.9613701264954797,18.909078257872178,,,,nr
off_peak,sub_cadiz_substation_56_F1_B0,,0.9805673770992462,19.568102883778813,,,,nr
off_peak,sub_cadiz_substation_56_F1_B1,,0.9757083352167091,19.404662386962958,,,,nr
off_peak,sub_cadiz_substation_56_F1_B2,,0.9663842135417307,19.087301230469997,,,,nr
off_peak,sub_cadiz_substation_56_F1_B3,,0.9583827569191039,18.810416769301074,,,,nr
off_peak,sub_cadiz_substation_56_F1_B4,,0.952540418458543,18.605469774293194,,,,nr
off_peak,sub_cadiz_substation_56_F1_B5,,0.950368031086399,18.528627717388478,,,,nr
off_peak,sub_cadiz_substation_56_F2_B0,,0.9805750792813057,19.56837649681233,,,,nr
off_peak,sub_cadiz_substation_56_F2_B1,,0.9769065385087509,19.444527221152992,,,,nr
off_peak,sub_cadiz_substation_56_F2_B2,,0.9684264290771993,19.155293201183312,,,,nr
off_peak,sub_cadiz_substation_56_F2_B3,,0.9620843381734359,18.93581545065884,,,,nr
off_peak,sub_cadiz_substation_56_F2_B4,,0.9575203207162828,18.776130296403643,,,,nr
off_peak,sub_cadiz_substation_56_F2_B5,,0.9567646809484213,18.749533837726535,,,,nr
off_peak,sub_cadiz_substation_56_F3_B0,,0.9805478348752833,19.56740866749463,,,,nr
off_peak,sub_cadiz_substation_56_F3_B1,,0.9701301868163763,19.219145006176493,,,,nr
off_peak,sub_cadiz_substation_56_F3_B2,,0.963975560208935,19.010621941889116,,,,nr
off_peak,sub_cadiz_substation_56_F3_B3,,0.9479276661725309,18.456449846438822,,,,nr
off_peak,sub_cadiz_substation_56_F3_B4,,0.9410897154549954,18.214766673195015,,,,nr
off_peak,sub_cadiz_substation_56_F3_B5,,0.9343971641630681,17.97535530455102,,,,nr
off_peak,sub_san_jose_substation_116_F0_B0,,0.9734287558673148,17.521992552967358,,,,nr
off_peak,sub_san_jose_substation_116_F0_B1,,0.968980672898845,17.370400894389622,,,,nr
off_peak,sub_san_jose_substation_116_F0_B2,,0.9641851671813233,17.20575727877903,,,,nr
off_peak,sub_san_jose_substation_116_F0_B3,,0.9612869424007501,17.1057286479447,,,,nr
off_peak,sub_san_jose_substation_116_F0_B4,,0.9506879683702623,16.736101304507187,,,,nr
off_peak,sub_san_jose_substation_116_F0_B5,,0.9456741031922982,16.558496042127853,,,,nr
off_peak,sub_san_jose_substation_116_F1_B0,,0.9733996487798134,17.52095111692368,,,,nr
off_peak,sub_san_jose_substation_116_F1_B1,,0.9610665507553118,17.100621274023855,,,,nr
off_peak,sub_san_jose_substation_116_F1_B2,,0.9584011764244739,17.008436810937706,,,,nr
off_peak,sub_san_jose_substation_116_F1_B3,,0.9522922276911274,16.795827407377587,,,,nr
off_peak,sub_san_jose_substation_116_F1_B4,,0.9456416731596319,16.561808512651687,,,,nr
off_peak,sub_san_jose_substation_116_F1_B5,,0.9390800041909757,16.328202149078283,,,,nr
off_peak,sub_san_jose_substation_116_F2_B0,,0.9734340017721417,17.522180249820053,,,,nr
off_peak,sub_san_jose_substation_116_F2_B1,,0.9665610979720421,17.286858938269564,,,,nr
off_peak,sub_san_jose_substation_116_F2_B2,,0.9619720784519709,17.127942969968508,,,,nr
off_peak,sub_san_jose_substation_116_F2_B3,,0.958362325613766,17.00194519311634,,,,nr
off_peak,sub_san_jose_substation_116_F2_B4,,0.9558594361777677,16.914067719402844,,,,nr
off_peak,sub_san_jose_substation_116_F2_B5,,0.9540455793416166,16.850126220661025,,,,nr
off_peak,sub_san_jose_substation_116_F3_B0,,0.9750269267792151,17.691191596733944,,,,nr
off_peak,sub_san_jose_substation_116_F3_B1,,0.9744576667809577,17.671514252504267,,,,nr
off_peak,sub_cadiz_substation_96_F0_B0,,0.9670642580858684,18.33568959266508,,,,nr
off_peak,sub_cadiz_substation_96_F0_B1,,0.9609418029889865,18.127318995489137,,,,nr
off_peak,sub_cadiz_substation_96_F0_B2,,0.9533515723619823,17.866133286733586,,,,nr
off_peak,sub_cadiz_substation_96_F0_B3,,0.9467640059941003,17.636840061002406,,,,nr
off_peak,sub_cadiz_substation_96_F0_B4,,0.9336739493375429,17.173316444924694,,,,nr
off_peak,sub_cadiz_substation_96_F0_B5,,0.9294674387648684,17.021574604471652,,,,nr
off_peak,sub_cadiz_substation_96_F1_B0,,0.9672485437916398,18.34232319021499,,,,nr
off_peak,sub_cadiz_substation_96_F1_B1,,0.9660362180150713,18.300323066765788,,,,nr
off_peak,sub_cadiz_substation_96_F1_B2,,0.9654417567056348,18.279712296652807,,,,nr
off_peak,sub_cadiz_substation_96_F1_B3,,0.9603725526930755,18.10310744777443,,,,nr
off_peak,sub_cadiz_substation_96_F1_B4,,0.9594494314609614,18.070731473758862,,,,nr
off_peak,sub_cadiz_substation_96_F1_B5,,0.9586608897782746,18.043032918475554,,,,nr
off_peak,sub_cadiz_substation_96_F2_B0,,0.9670739258286362,18.336037584765077,,,,nr
off_peak,sub_cadiz_substation_96_F2_B1,,0.9595440820364287,18.079013713742018,,,,nr
off_peak,sub_cadiz_substation_96_F2_B2,,0.9483369348445575,17.68952950603047,,,,nr
off_peak,sub_cadiz_substation_96_F2_B3,,0.9420577055313227,17.467210194176594,,,,nr
off_peak,sub_cadiz_substation_96_F2_B4,,0.940687129708337,17.41828874262551,,,,nr
off_peak,sub_cadiz_substation_96_F2_B5,,0.9376868501159465,17.31084192153406,,,,nr
off_peak,sub_cadiz_substation_96_F3_B0,,0.9671072299897802,18.337236382844836,,,,nr
off_peak,sub_cadiz_substation_96_F3_B1,,0.9629425430861231,18.19505434318754,,,,nr
off_peak,sub_cadiz_substation_96_F3_B2,,0.9543832341275411,17.89975177908801,,,,nr
off_peak,sub_cadiz_substation_96_F3_B3,,0.9495048096166935,17.72939118950366,,,,nr
off_peak,sub_cadiz_substation_96_F3_B4,,0.9413585603246165,17.4417991948029,,,,nr
off_peak,sub_cadiz_substation_96_F3_B5,,0.9356953264894293,17.239229163358658,,,,nr
off_peak,sub_osm_80_F0_B0,,0.9976776015624065,25.905500596235786,,,,nr
off_peak,sub_osm_80_F0_B1,,0.994042689555335,25.783647955492434,,,,nr
off_peak,sub_osm_80_F0_B2,,0.9903973018624002,25.66061209319686,,,,nr
off_peak,sub_osm_80_F0_B3,,0.9893275118875845,25.62435251153906,,,,nr
off_peak,sub_osm_80_F0_B4,,0.9851568568915141,25.482388007792505,,,,nr
off_peak,sub_osm_80_F0_B5,,0.9848711029193007,25.472611553277748,,,,nr
off_peak,sub_osm_80_F1_B0,,0.9976367624678736,25.90407484315477,,,,nr
off_peak,sub_osm_80_F1_B1,,0.9924456231113123,25.73211475226269,,,,nr
off_peak,sub_osm_80_F1_B2,,0.9851440689811554,25.487808160699924,,,,nr
off_peak,sub_osm_80_F1_B3,,0.9785065760286458,25.263042815930735,,,,nr
off_peak,sub_osm_80_F1_B4,,0.9719028530054298,25.0368907512017,,,,nr
off_peak,sub_osm_80_F1_B5,,0.9651417496006784,24.802688882431884,,,,nr
off_peak,sub_osm_80_F2_B0,,0.9976292591708579,25.903812894244183,,,,nr
off_peak,sub_osm_80_F2_B1,,0.9846285504877841,25.47025515279976,,,,nr
off_peak,sub_osm_80_F2_B2,,0.9824488283871419,25.3964506742323,,,,nr
off_peak,sub_osm_80_F2_B3,,0.9760453538346048,25.178167067879077,,,,nr
off_peak,sub_osm_80_F2_B4,,0.9729005027179871,25.070019965932286,,,,nr
off_peak,sub_osm_80_F2_B5,,0.9676171902087283,24.88714790566913,,,,nr
off_peak,sub_osm_80_F3_B0,,0.9976578043966932,25.90480944535247,,,,nr
off_peak,sub_osm_80_F3_B1,,0.9924304263535331,25.730414332353448,,,,nr
off_peak,sub_osm_80_F3_B2,,0.9892569283696805,25.62380057746254,,,,nr
off_peak,sub_osm_80_F3_B3,,0.9843968338158376,25.459531905211417,,,,nr
off_peak,sub_osm_80_F3_B4,,0.9797272238269507,25.30047583415989,,,,nr
off_peak,sub_osm_80_F3_B5,,0.9732989367375484,25.079565928068554,,,,nr
off_peak,sub_calatrava_cable_terminal_112_F1_B0,,0.9766890763810115,17.786891719396724,,,,nr
off_peak,sub_calatrava_cable_terminal_112_F1_B1,,0.9719058636860558,17.626260975229314,,,,nr
off_peak,sub_calatrava_cable_terminal_112_F1_B2,,0.96463815673,17.38025256233538,,,,nr
off_peak,sub_calatrava_cable_terminal_112_F1_B3,,0.9508299995376311,16.904375568447712,,,,nr
off_peak,sub_calatrava_cable_terminal_112_F1_B4,,0.9427598002195188,16.620308969668113,,,,nr
off_peak,sub_calatrava_cable_terminal_112_F1_B5,,0.934890416817538,16.33935723409437,,,,nr
off_peak,sub_calatrava_cable_terminal_112_F2_B0,,0.9766971224524185,17.787178680119897,,,,nr
off_peak,sub_calatrava_cable_terminal_112_F2_B1,,0.9739485858709941,17.694615481901394,,,,nr
off_peak,sub_calatrava_cable_terminal_112_F2_B2,,0.9618196621075199,17.281225588841124,,,,nr
off_peak,sub_calatrava_cable_terminal_112_F2_B3,,0.9527603092456615,16.965805104127238,,,,nr
off_peak,sub_calatrava_cable_terminal_112_F2_B4,,0.9482667336047508,16.80712065771438,,,,nr
off_peak,sub_calatrava_cable_terminal_112_F2_B5,,0.9468481969767686,16.756710970384923,,,,nr
off_peak,sub_calatrava_cable_terminal_112_F3_B0,,0.9775010868719596,17.871636356919574,,,,nr
off_peak,sub_calatrava_cable_terminal_112_F3_B1,,0.9773306058877818,17.865757919805894,,,,nr
off_peak,sub_calatrava_substation_113_F0_B0,,0.9767793399214745,17.86712544619475,,,,nr
off_peak,sub_calatrava_substation_113_F0_B1,,0.9747941412953893,17.799864017821278,,,,nr
off_peak,sub_calatrava_substation_113_F0_B2,,0.9635661421284878,17.415060781816234,,,,nr
off_peak,sub_calatrava_substation_113_F0_B3,,0.9623063972822387,17.371332611165084,,,,nr
off_peak,sub_calatrava_substation_113_F0_B4,,0.954524385714812,17.09922340455173,,,,nr
off_peak,sub_calatrava_substation_113_F0_B5,,0.9540440807418332,17.082264080519884,,,,nr
off_peak,sub_calatrava_substation_113_F1_B0,,0.9767808637342906,17.867179788855715,,,,nr
off_peak,sub_calatrava_substation_113_F1_B1,,0.974349509651768,17.784674953044693,,,,nr
off_peak,sub_calatrava_substation_113_F1_B2,,0.9677582511063078,17.559487006298625,,,,nr
off_peak,sub_calatrava_substation_113_F1_B3,,0.9575047335496273,17.203303844558295,,,,nr
off_peak,sub_calatrava_substation_113_F1_B4,,0.956971748194803,17.184552348307616,,,,nr
off_peak,sub_calatrava_substation_113_F1_B5,,0.9562748828867721,17.160010271381285,,,,nr
off_peak,sub_calatrava_substation_113_F2_B0,,0.9767489175601887,17.86604052143737,,,,nr
off_peak,sub_calatrava_substation_113_F2_B1,,0.9638082660884042,17.43053886378936,,,,nr
off_peak,sub_calatrava_substation_113_F2_B2,,0.9562879497755521,17.172601170727567,,,,nr
off_peak,sub_calatrava_substation_113_F2_B3,,0.9478020950657884,16.877576610593607,,,,nr
off_peak,sub_calatrava_substation_113_F2_B4,,0.9367871837566281,16.487668871800572,,,,nr
off_peak,sub_calatrava_substation_113_F2_B5,,0.9330928406745338,16.354832535094353,,,,nr
off_peak,sub_calatrava_substation_113_F3_B0,,0.9775724225720243,17.951184811539488,,,,nr
off_peak,sub_calatrava_substation_113_F3_B1,,0.9770766979044058,17.93409372088221,,,,nr
off_peak,v1_06bacolod_F0_B0,,0.9987794140588091,24.732082052870062,,,,nr
off_peak,v1_06bacolod_F0_B1,,0.9894963949026905,24.42517727075122,,,,nr
off_peak,v1_06bacolod_F0_B2,,0.9821254578446187,24.177829955515048,,,,nr
off_peak,v1_06bacolod_F0_B3,,0.9757244457937712,23.960476817413994,,,,nr
off_peak,v1_06bacolod_F0_B4,,0.9666334823901697,23.64748010795756,,,,nr
off_peak,v1_06bacolod_F0_B5,,0.9641057905610264,23.55937879856082,,,,nr
off_peak,v1_06bacolod_F1_B0,,0.9987874192546526,24.73236124392247,,,,nr
off_peak,v1_06bacolod_F1_B1,,0.9922769507374994,24.516665349992138,,,,nr
off_peak,v1_06bacolod_F1_B2,,0.9837716738793418,24.23108504574884,,,,nr
off_peak,v1_06bacolod_F1_B3,,0.9789704015659535,24.067860545638794,,,,nr
off_peak,v1_06bacolod_F1_B4,,0.9725701833100643,23.84810706712204,,,,nr
off_peak,v1_06bacolod_F1_B5,,0.9701842537769169,23.765452120066676,,,,nr
off_peak,v1_06bacolod_F2_B0,,0.99878782165217,24.732375278052338,,,,nr
off_peak,v1_06bacolod_F2_B1,,0.9864476099558802,24.320602042420717,,,,nr
off_peak,v1_06bacolod_F2_B2,,0.9821911786250277,24.176095503079505,,,,nr
off_peak,v1_06bacolod_F2_B3,,0.9797396763503716,24.092358189913547,,,,nr
off_peak,v1_06bacolod_F2_B4,,0.975655054162409,23.952039831536247,,,,nr
off_peak,v1_06bacolod_F2_B5,,0.974551101140193,23.913908181047507,,,,nr
off_peak,v1_06bacolod_F3_B0,,0.9987960425978345,24.73266199453331,,,,nr
off_peak,v1_06bacolod_F3_B1,,0.9911193874323176,24.476494467885505,,,,nr
off_peak,v1_06bacolod_F3_B2,,0.9866687110594217,24.32621332212034,,,,nr
off_peak,v1_06bacolod_F3_B3,,0.9837445915944333,24.22682235143575,,,,nr
off_peak,v1_06bacolod_F3_B4,,0.9800315364344738,24.099901401178425,,,,nr
off_peak,v1_06bacolod_F3_B5,,0.9775201796076229,24.013565311888303,,,,nr
off_peak,v1_06kabankalan_F0_B0,,0.9725550572288126,22.201529727856542,,,,nr
off_peak,v1_06kabankalan_F0_B1,,0.9641445039355114,21.915361681058013,,,,nr
off_peak,v1_06kabankalan_F0_B2,,0.9564140759765734,21.64827473838446,,,,nr
off_peak,v1_06kabankalan_F0_B3,,0.952626939335604,21.516036865630078,,,,nr
off_peak,v1_06kabankalan_F0_B4,,0.9453305489571853,21.258867000939308,,,,nr
off_peak,v1_06kabankalan_F0_B5,,0.9417430822165176,21.131036079070313,,,,nr
off_peak,v1_06kabankalan_F1_B0,,0.9725790754026886,22.202389838484613,,,,nr
off_peak,v1_06kabankalan_F1_B1,,0.9637842455519159,21.900649337891622,,,,nr
off_peak,v1_06kabankalan_F1_B2,,0.9609095191561132,21.80083225994314,,,,nr
off_peak,v1_06kabankalan_F1_B3,,0.9578271933666201,21.693266625951917,,,,nr
off_peak,v1_06kabankalan_F1_B4,,0.9542256413867428,21.566840118126017,,,,nr
off_peak,v1_06kabankalan_F1_B5,,0.9516183151251422,21.474783382603807,,,,nr
off_peak,v1_06kabankalan_F2_B0,,0.9725490936417698,22.201316168055662,,,,nr
off_peak,v1_06kabankalan_F2_B1,,0.9685727719548671,22.067004256440775,,,,nr
off_peak,v1_06kabankalan_F2_B2,,0.955546330333408,21.620626757172545,,,,nr
off_peak,v1_06kabankalan_F2_B3,,0.9463763799092996,21.299185209444833,,,,nr
off_peak,v1_06kabankalan_F2_B4,,0.9434117202083884,21.193941006829725,,,,nr
off_peak,v1_06kabankalan_F2_B5,,0.9395613604983084,21.056470243186038,,,,nr
off_peak,v1_06kabankalan_F3_B0,,0.9725532254352556,22.2014641301281,,,,nr
off_peak,v1_06kabankalan_F3_B1,,0.9645248847348911,21.928589680805146,,,,nr
off_peak,v1_06kabankalan_F3_B2,,0.9581504094766384,21.709111754918865,,,,nr
off_peak,v1_06kabankalan_F3_B3,,0.9523013633278622,21.505630298894328,,,,nr
off_peak,v1_06kabankalan_F3_B4,,0.9434700102267509,21.194368390395553,,,,nr
off_peak,v1_06kabankalan_F3_B5,,0.9397533802571139,21.06167718069553,,,,nr
off_peak,sub_bio_os_cable_terminal_66_F1_B0,,0.9904116894770204,23.347584100908062,,,,nr
off_peak,sub_bio_os_cable_terminal_66_F1_B1,,0.9855946487187783,23.185925811546717,,,,nr
off_peak,sub_bio_os_cable_terminal_66_F1_B2,,0.9791045901668478,22.965901039038712,,,,nr
off_peak,sub_bio_os_cable_terminal_66_F1_B3,,0.9740082434956213,22.79116114656681,,,,nr
off_peak,sub_bio_os_cable_terminal_66_F1_B4,,0.9712201409931354,22.694806386468017,,,,nr
off_peak,sub_bio_os_cable_terminal_66_F1_B5,,0.9699754883488934,22.651619635126607,,,,nr
off_peak,sub_bio_os_cable_terminal_66_F2_B0,,0.9904083613636103,23.34746705117883,,,,nr
off_peak,sub_bio_os_cable_terminal_66_F2_B1,,0.9851677702183085,23.17183582534952,,,,nr
off_peak,sub_bio_os_cable_terminal_66_F2_B2,,0.980099401770466,23.00050513567099,,,,nr
off_peak,sub_bio_os_cable_terminal_66_F2_B3,,0.9728822208995762,22.75384655489709,,,,nr
off_peak,sub_bio_os_cable_terminal_66_F2_B4,,0.9679045774623489,22.581645632640647,,,,nr
off_peak,sub_bio_os_cable_terminal_66_F2_B5,,0.9670392152572026,22.551514565577506,,,,nr
off_peak,sub_bio_os_cable_terminal_66_F3_B0,,0.9904157381896486,23.34772649429955,,,,nr
off_peak,sub_bio_os_cable_terminal_66_F3_B1,,0.9895298371657903,23.31806617100745,,,,nr
off_peak,sub_bio_os_cable_terminal_66_F3_B2,,0.978929826000483,22.95974587673129,,,,nr
off_peak,sub_bio_os_cable_terminal_66_F3_B3,,0.9749209832490229,22.822120445255905,,,,nr
off_peak,sub_bio_os_cable_terminal_66_F3_B4,,0.9736188690895978,22.77718304224062,,,,nr
off_peak,sub_bio_os_cable_terminal_66_F3_B5,,0.9713299146558477,22.69797158238067,,,,nr
off_peak,sub_amlan_substation_33_F0_B0,,0.9927986847170781,23.73150362420588,,,,nr
off_peak,sub_amlan_substation_33_F1_B0,,0.9916529444147154,23.610895984344225,,,,nr
off_peak,sub_amlan_substation_33_F1_B1,,0.988766621113624,23.514146336920557,,,,nr
off_peak,sub_amlan_substation_33_F1_B2,,0.980629565834569,23.238725230633264,,,,nr
off_peak,sub_amlan_substation_33_F1_B3,,0.9774485831764452,23.129803115482407,,,,nr
off_peak,sub_amlan_substation_33_F1_B4,,0.9747245130875621,23.036016573584703,,,,nr
off_peak,sub_amlan_substation_33_F1_B5,,0.9730868856516203,22.979402635222947,,,,nr
off_peak,sub_amlan_substation_33_F2_B0,,0.9916560892889452,23.611006451909837,,,,nr
off_peak,sub_amlan_substation_33_F2_B1,,0.9901808847330659,23.56155193472306,,,,nr
off_peak,sub_amlan_substation_33_F2_B2,,0.9855263197762504,23.404906527241472,,,,nr
off_peak,sub_amlan_substation_33_F2_B3,,0.97747075697021,23.130643981656387,,,,nr
off_peak,sub_amlan_substation_33_F2_B4,,0.974844242208896,23.040214826937508,,,,nr
off_peak,sub_amlan_substation_33_F2_B5,,0.9732356352775245,22.98461069011409,,,,nr
off_peak,sub_amlan_substation_33_F3_B0,,0.9916563646022286,23.611016122632723,,,,nr
off_peak,sub_amlan_substation_33_F3_B1,,0.9850531396931913,23.388267885860788,,,,nr
off_peak,sub_amlan_substation_33_F3_B2,,0.9827154917704265,23.30869950445707,,,,nr
off_peak,sub_amlan_substation_33_F3_B3,,0.9792280601717624,23.189361147687396,,,,nr
off_peak,sub_amlan_substation_33_F3_B4,,0.9775918555584765,23.133075365423316,,,,nr
off_peak,sub_amlan_substation_33_F3_B5,,0.9771037479581344,23.11624720007907,,,,nr
off_peak,v1_06mabinay_F0_B0,,0.9791505330519392,22.716119348998717,,,,nr
off_peak,v1_06mabinay_F0_B1,,0.9783692228883423,22.689390539675674,,,,nr
off_peak,v1_06mabinay_F0_B2,,0.975487248067963,22.590514262887435,,,,nr
off_peak,v1_06mabinay_F0_B3,,0.974665419709412,22.562227517069992,,,,nr
off_peak,v1_06mabinay_F0_B4,,0.9714080197156608,22.4497689259414,,,,nr
off_peak,v1_06mabinay_F0_B5,,0.9697839833390082,22.3934330777352,,,,nr
off_peak,v1_06mabinay_F1_B0,,0.9791422374742891,22.715824230188943,,,,nr
off_peak,v1_06mabinay_F1_B1,,0.974404254814648,22.553724262488917,,,,nr
off_peak,v1_06mabinay_F1_B2,,0.9730203696922118,22.506092238331824,,,,nr
off_peak,v1_06mabinay_F1_B3,,0.9698532705889922,22.396657913887047,,,,nr
off_peak,v1_06mabinay_F1_B4,,0.968203116371512,22.33936333443272,,,,nr
off_peak,v1_06mabinay_F1_B5,,0.9672308058431943,22.305519514686416,,,,nr
off_peak,v1_06mabinay_F2_B0,,0.9791402075773066,22.715752015852093,,,,nr
off_peak,v1_06mabinay_F2_B1,,0.9775075954396961,22.660166581107784,,,,nr
off_peak,v1_06mabinay_F2_B2,,0.9721279834148503,22.47595405168965,,,,nr
off_peak,v1_06mabinay_F2_B3,,0.9696778690747561,22.3914316893916,,,,nr
off_peak,v1_06mabinay_F2_B4,,0.9656935248476649,22.253229930493468,,,,nr
off_peak,v1_06mabinay_F2_B5,,0.9636310747406798,22.181268445285053,,,,nr
off_peak,v1_06mabinay_F3_B0,,0.9791271752861169,22.71528838855743,,,,nr
off_peak,v1_06mabinay_F3_B1,,0.9754671295248234,22.591278550633046,,,,nr
off_peak,v1_06mabinay_F3_B2,,0.9680285103308673,22.33683000557118,,,,nr
off_peak,v1_06mabinay_F3_B3,,0.9636085232868689,22.183908768756844,,,,nr
off_peak,v1_06mabinay_F3_B4,,0.9588865373507688,22.0191762143578,,,,nr
off_peak,v1_06mabinay_F3_B5,,0.95628186280477,21.9276598580835,,,,nr
off_peak,v1_06pgpp1_F0_B0,,0.9985911795896046,24.79695160005931,,,,nr
off_peak,v1_06pgpp1_F0_B1,,0.9926563551114744,24.599149077668912,,,,nr
off_peak,v1_06pgpp1_F0_B2,,0.9891024461174917,24.47971834771777,,,,nr
off_peak,v1_06pgpp1_F0_B3,,0.9816211491452352,24.225819949851775,,,,nr
off_peak,v1_06pgpp1_F0_B4,,0.9796363087928917,24.157792280360173,,,,nr
off_peak,v1_06pgpp1_F0_B5,,0.9774232578968141,24.081676751319815,,,,nr
off_peak,v1_06pgpp1_F1_B0,,0.9986049052562042,24.79743038025591,,,,nr
off_peak,v1_06pgpp1_F1_B1,,0.9978103450270296,24.770900846859895,,,,nr
off_peak,v1_06pgpp1_F1_B2,,0.9936070744870598,24.63010806789755,,,,nr
off_peak,v1_06pgpp1_F1_B3,,0.9910462381109393,24.54386687847271,,,,nr
off_peak,v1_06pgpp1_F1_B4,,0.9848132015701994,24.33248364930259,,,,nr
off_peak,v1_06pgpp1_F1_B5,,0.9821809282353725,24.242431754361718,,,,nr
off_peak,v1_06pgpp1_F2_B0,,0.9985872613604679,24.796814924401254,,,,nr
off_peak,v1_06pgpp1_F2_B1,,0.9912776064033904,24.553338374914027,,,,nr
off_peak,v1_06pgpp1_F2_B2,,0.9857188651586516,24.36591749828155,,,,nr
off_peak,v1_06pgpp1_F2_B3,,0.9817967964193374,24.232517451902037,,,,nr
off_peak,v1_06pgpp1_F2_B4,,0.9774018317903499,24.081892873432786,,,,nr
off_peak,v1_06pgpp1_F2_B5,,0.9760006182595995,24.033582564630095,,,,nr
off_peak,v1_06pgpp1_F3_B0,,0.9986018441254676,24.79732360135381,,,,nr
off_peak,v1_06pgpp1_F3_B1,,0.9950616720035457,24.67894690911236,,,,nr
off_peak,v1_06pgpp1_F3_B2,,0.9927141860457562,24.600079368298985,,,,nr
off_peak,v1_06pgpp1_F3_B3,,0.9871613886268581,24.412263491767707,,,,nr
off_peak,v1_06pgpp1_F3_B4,,0.9841602736574007,24.309868310434045,,,,nr
off_peak,v1_06pgpp1_F3_B5,,0.9838125723249751,24.297960545134032,,,,nr
off_peak,v1_06pgpp2_F0_B0,,0.9985938397087161,24.674286670186568,,,,nr
off_peak,v1_06pgpp2_F0_B1,,0.9982095384675557,24.661542112753914,,,,nr
off_peak,v1_06pgpp2_F0_B2,,0.9896520143288825,24.376000327265515,,,,nr
off_peak,v1_06pgpp2_F0_B3,,0.9827694702826759,24.14293496810205,,,,nr
off_peak,v1_06pgpp2_F0_B4,,0.9782385076329186,23.987758530971945,,,,nr
off_peak,v1_06pgpp2_F0_B5,,0.9772876582983092,23.95500106989541,,,,nr
off_peak,v1_06pgpp2_F1_B0,,0.9985872329014148,24.674056211442288,,,,nr
off_peak,v1_06pgpp2_F1_B1,,0.992810996348547,24.482006291297477,,,,nr
off_peak,v1_06pgpp2_F1_B2,,0.9862973778252208,24.263053636173407,,,,nr
off_peak,v1_06pgpp2_F1_B3,,0.9812791404722638,24.092547534154054,,,,nr
off_peak,v1_06pgpp2_F1_B4,,0.9778950270523922,23.97669210456906,,,,nr
off_peak,v1_06pgpp2_F1_B5,,0.9739051064083406,23.839261828599255,,,,nr
off_peak,v1_06pgpp2_F2_B0,,0.9985908828533039,24.67418352904662,,,,nr
off_peak,v1_06pgpp2_F2_B1,,0.9950182489738802,24.555460916727693,,,,nr
off_peak,v1_06pgpp2_F2_B2,,0.9859065064144131,24.249253588158492,,,,nr
off_peak,v1_06pgpp2_F2_B3,,0.9810991034048155,24.085363076519254,,,,nr
off_peak,v1_06pgpp2_F2_B4,,0.979196613466063,24.020049314897353,,,,nr
off_peak,v1_06pgpp2_F2_B5,,0.9786084150950127,23.999803974912293,,,,nr
off_peak,v1_06pgpp2_F3_B0,,0.9986094767830727,24.674832125031777,,,,nr
off_peak,v1_06pgpp2_F3_B1,,0.9971273398428523,24.62517527468538,,,,nr
off_peak,v1_06pgpp2_F3_B2,,0.9957074486189719,24.577526849045803,,,,nr
off_peak,v1_06pgpp2_F3_B3,,0.9901129358437927,24.38867218163395,,,,nr
off_peak,v1_06pgpp2_F3_B4,,0.9890076679124572,24.351099804911424,,,,nr
off_peak,v1_06pgpp2_F3_B5,,0.9871591515932615,24.28812024683727,,,,nr
off_peak,,line_0008,,,0.0,0.0,0.0,nr
off_peak,,line_0009,,,95.71159671144316,257.7314845876623,-255.9427006175047,nr
off_peak,,line_0013,,,23.467821471019278,38.178715534506956,-38.16539353448499,nr
off_peak,,line_0014,,,0.0,0.0,0.0,nr
off_peak,,line_0017,,,35.23792918899796,-117.44551522357558,118.0202852767168,nr
off_peak,,line_0018,,,35.23792918899796,-117.44551522357558,118.0202852767168,nr
off_peak,,line_0019,,,2.3467839813690806e-11,-1.5773718946022043e-12,1.5773718946023976e-12,nr
off_peak,,line_0029,,,0.0,0.0,0.0,nr
off_peak,,line_0031,,,77.53163362687441,-126.23575975702079,127.0123435934478,nr
off_peak,,line_0032,,,24.292245037179764,-82.60250465257103,83.25313604797118,nr
off_peak,,line_0033,,,24.292245037179764,-82.60250465257103,83.25313604797118,nr
off_peak,,line_0034,,,24.292245037179764,-82.60250465257103,83.25313604797118,nr
off_peak,,line_0035,,,12.812364129229625,21.16769533820317,-20.98921845059647,nr
off_peak,,line_0036,,,12.812364129229625,21.16769533820317,-20.98921845059647,nr
off_peak,,line_0037,,,12.812364129229625,21.16769533820317,-20.98921845059647,nr
off_peak,,line_0042,,,45.418751816742066,-69.07986569896916,69.36525188946345,nr
off_peak,,line_0043,,,13.031513746395035,-21.34822941388588,21.529759066868063,nr
off_peak,,line_0044,,,13.031513746395035,-21.34822941388588,21.529759066868063,nr
off_peak,,line_0045,,,13.031513746395035,-21.34822941388588,21.529759066868063,nr
off_peak,,line_0046,,,1.6240245232541213,2.4238746232485577,-2.421931842953189,nr
off_peak,,line_0047,,,1.6240245232541213,2.4238746232485577,-2.421931842953189,nr
off_peak,,line_0050,,,0.0,0.0,0.0,nr
off_peak,,line_0051,,,42.04190636662002,-68.77596803250691,68.86837162615146,nr
off_peak,,line_0057,,,28.194979698331323,-46.52762276156657,46.71830587844176,nr
off_peak,,line_0058,,,28.194979698331323,-46.52762276156657,46.71830587844176,nr
off_peak,,line_0059,,,8.585899763810412,-12.726130697666537,12.766066100782552,nr
off_peak,,line_0060,,,8.585899763810412,-12.726130697666537,12.766066100782552,nr
off_peak,,line_0062,,,0.0,0.0,0.0,nr
off_peak,,line_0068,,,0.0,0.0,0.0,nr
off_peak,,line_0069,,,0.0,0.0,0.0,nr
off_peak,,line_0072,,,17.17179952762098,25.570239335537444,-25.53213220156528,nr
off_peak,,line_0073,,,118.72572794904866,180.1958142540173,-177.09725143253064,nr
off_peak,,line_0074,,,33.08220529528179,-116.45839235163027,116.49760124985488,nr
off_peak,,line_0075,,,2.7178934311342577e-13,-3.9213376632425506e-13,3.9213376632425506e-13,nr
off_peak,,line_0076,,,8.735395742725021e-12,5.367724325314386e-13,-5.367724325314378e-13,nr
off_peak,,line_0077,,,34.92483193066885,-115.94111564986979,115.94772364207843,nr
off_peak,,line_0081,,,0.0,0.0,0.0,nr
off_peak,,line_0082,,,63.85164358239408,-86.53376676993653,87.13951568207987,nr
off_peak,,line_0083,,,63.85164358239408,-86.53376676993653,87.13951568207987,nr
off_peak,,line_0088,,,9.714206668874628,5.139458915521176,-5.120247142648956,nr
off_peak,,line_0089,,,34.471039236832,-55.954695387744955,56.31506904355023,nr
off_peak,,line_0090,,,34.471039236832,-55.954695387744955,56.31506904355023,nr
off_peak,,line_0097,,,4.482464678295578e-12,7.119481995449188e-13,-7.119481995449186e-13,nr
off_peak,,line_0098,,,50.25923729384109,122.12747022111574,-121.39207321917672,nr
off_peak,,line_0099,,,50.25923729384109,122.12747022111574,-121.39207321917672,nr
off_peak,,line_0100,,,11.987297687476044,-17.461717326703965,17.496715645381236,nr
off_peak,,line_0101,,,111.0511710804259,181.49154260223264,-180.81343459743408,nr
off_peak,,line_0106,,,5.820074431415108,7.75543664249319,-7.7551418854515655,nr
off_peak,,line_0107,,,45.21781606822456,-68.77425152054089,69.05837514248121,nr
off_peak,,line_0108,,,22.276509500137273,-36.58377180106574,36.721392601531385,nr
off_peak,,line_0109,,,22.276509500137273,-36.58377180106574,36.721392601531385,nr
off_peak,,line_0110,,,9.665041840284873,15.726209706727351,-15.718123892209473,nr
off_peak,,line_0111,,,38.12968234013306,-61.85027418503822,62.01030717452116,nr
off_peak,,line_0112,,,33.13286331130475,-53.94366439803814,54.09094753829935,nr
off_peak,,line_0114,,,116.0701044420751,-168.28666399002168,168.64510491862882,nr
off_peak,,line_0115,,,9.741053425837462,5.147952178506972,-5.1248926308907965,nr
off_peak,,line_0118,,,0.0,0.0,0.0,nr
off_peak,,line_0119,,,0.0,0.0,0.0,nr
off_peak,,line_0121,,,34.93057943314887,-115.96019582328167,115.966804902953,nr
off_peak,,line_0122,,,69.85541136382139,-231.64744443686612,231.90131147317268,nr
off_peak,,line_0124,,,0.0,0.0,0.0,nr
off_peak,,line_0125,,,0.0,0.0,0.0,nr
off_peak,,line_0128,,,0.1827505707110727,-1.0952911866848378,1.095333076424544,nr
off_peak,,line_0129,,,0.1827505707110727,-1.0952911866848378,1.095333076424544,nr
off_peak,,line_0130,,,0.1827505707110727,-1.0952911866848378,1.095333076424544,nr
off_peak,,line_0131,,,0.1827505707110727,-1.0952911866848378,1.095333076424544,nr
off_peak,,line_0132,,,0.1827505707110727,-1.0952911866848378,1.095333076424544,nr
off_peak,,line_0133,,,0.16476389848872727,1.0436346144783397,-1.043513624400195,nr
off_peak,,line_0134,,,0.16476389848872727,1.0436346144783397,-1.043513624400195,nr
off_peak,,line_0135,,,0.16476389848872727,1.0436346144783397,-1.043513624400195,nr
off_peak,,line_0136,,,0.16476389848872727,1.0436346144783397,-1.043513624400195,nr
off_peak,,line_0137,,,0.16476389848872727,1.0436346144783397,-1.043513624400195,nr
off_peak,,line_0138,,,0.16476389848872727,1.0436346144783397,-1.043513624400195,nr
off_peak,,line_0139,,,0.16476389848872727,1.0436346144783397,-1.043513624400195,nr
off_peak,,line_0140,,,2.174356687302736e-12,-4.4940455008756233e-13,4.4940455008756243e-13,nr
off_peak,,line_0149,,,87.79937455571473,216.93085237601082,-215.05035805736975,nr
off_peak,,line_0152,,,3.3513376730859474,5.360499869025027,-5.360149848281562,nr
off_peak,,line_0177,,,0.0,0.0,0.0,nr
off_peak,,line_0179,,,20.959271162799194,-10.89978986968575,10.921958018837907,nr
off_peak,,line_0181,,,52.57857582278002,-184.89691962514422,185.0441347855383,nr
off_peak,,line_0183,,,42.649951732832776,-70.62640270756074,70.69241417982968,nr
off_peak,,line_0184,,,43.90688585585589,-72.70782910882829,72.77578600116534,nr
off_peak,,line_0185,,,11.987297687476335,17.539389703129533,-17.49671564538147,nr
off_peak,,line_0194,,,1.6756688365420456,-2.680249934512767,2.681175916537945,nr
off_peak,,line_0195,,,1.6756688365420456,-2.680249934512767,2.681175916537945,nr
off_peak,,line_0198,,,3.2960872097731673,5.457556659385416,-5.4570702576724095,nr
off_peak,,line_0203,,,43.992431295916944,-151.8497133192387,152.02870816849645,nr
off_peak,,line_0204,,,63.78466661595732,-158.5194346783297,159.520539174069,nr
off_peak,,line_0205,,,47.444792968554076,-165.91619350972272,165.94488095475728,nr
off_peak,,line_0206,,,17.526191940926815,-61.45280978556106,61.632306541715224,nr
off_peak,,line_0207,,,17.526191940926815,-61.45280978556106,61.632306541715224,nr
off_peak,,line_0208,,,17.526191940926815,-61.45280978556106,61.632306541715224,nr
off_peak,,line_0213,,,31.117946441042655,106.1216235143103,-105.90749039414709,nr
off_peak,,line_0214,,,31.117946441042655,106.1216235143103,-105.90749039414709,nr
off_peak,,line_synth_01113,,,29.58014259515851,1.8969657035834353,-1.8900101891070369,nr
off_peak,,line_synth_01114,,,23.729890764107072,1.5150101891070484,-1.507023635926828,nr
off_peak,,line_synth_01115,,,17.836112619356328,1.132023635926815,-1.1295779139368436,nr
off_peak,,line_synth_01116,,,11.924465119913664,0.7545779139368441,-0.7513088012428354,nr
off_peak,,line_synth_01117,,,5.976765599284181,0.37630880124283894,-0.375,nr
off_peak,,line_synth_01119,,,29.652513324843007,1.9002690951852004,-1.89159170361245,nr
off_peak,,line_synth_01120,,,23.79484237900788,1.5165917036124583,-1.5105263912642308,nr
off_peak,,line_synth_01121,,,17.904167900150913,1.1355263912642644,-1.1296335400353883,nr
off_peak,,line_synth_01122,,,11.97037395708433,0.7546335400353614,-0.7510819572479916,nr
off_peak,,line_synth_01123,,,5.997249853340249,0.37608195724799276,-0.37499999999999545,nr
off_peak,,line_synth_01125,,,29.575764606841577,1.8967657816760426,-1.8858343143542518,nr
off_peak,,line_synth_01126,,,23.708173583326637,1.510834314354315,-1.5069528956727736,nr
off_peak,,line_synth_01127,,,17.819401476125954,1.13195289567276,-1.1271385038401327,nr
off_peak,,line_synth_01128,,,11.895366925135583,0.752138503840109,-0.7505237040278887,nr
off_peak,,line_synth_01129,,,5.9534886401813205,0.37552370402788454,-0.3749999999999727,nr
off_peak,,line_synth_01131,,,29.770132605999077,1.9056321494336994,-1.8890128099724501,nr
off_peak,,line_synth_01132,,,23.877934993444114,1.5140128099724364,-1.5081750767877924,nr
off_peak,,line_synth_01133,,,17.953740969748424,1.1331750767878555,-1.1305532173207717,nr
off_peak,,line_synth_01134,,,12.010309739432369,0.7555532173207048,-0.7508737236351992,nr
off_peak,,line_synth_01135,,,6.014930460223599,0.3758737236352035,-0.37499999999999567,nr
off_peak,,line_synth_01971,,,30.473974676395876,1.9941224236105548,-1.9906894271953517,nr
off_peak,,line_synth_01972,,,24.46918750026073,1.5967500332559164,-1.5806932469718207,nr
off_peak,,line_synth_01973,,,18.378616114999232,1.1867538530324429,-1.1843274657017115,nr
off_peak,,line_synth_01974,,,12.270570254250437,0.7903880717622475,-0.7880822611202627,nr
off_peak,,line_synth_01975,,,6.137500539261637,0.39414286718092234,-0.3939393939394206,nr
off_peak,,line_synth_01977,,,30.115990082832774,1.9773678154083616,-1.9753174397007245,nr
off_peak,,line_synth_01978,,,24.11676861440689,1.5813780457620756,-1.581064410244728,nr
off_peak,,line_synth_01979,,,18.115892250194246,1.1871250163050995,-1.1867235863037497,nr
off_peak,,line_synth_01980,,,12.11219734031035,0.792784192364438,-0.7888712520788035,nr
off_peak,,line_synth_01981,,,6.0667579164633185,0.39493185813942544,-0.3939393939393917,nr
off_peak,,line_synth_01983,,,30.494979690439354,1.995103459466339,-1.988055729668314,nr
off_peak,,line_synth_01984,,,24.47484504078627,1.5941163357289365,-1.5811088333130838,nr
off_peak,,line_synth_01985,,,18.385109854211,1.1871694393736127,-1.1855690070381173,nr
off_peak,,line_synth_01986,,,12.28387115578484,0.7916296130987508,-0.7885581281149279,nr
off_peak,,line_synth_01987,,,6.149337220199386,0.39461873417551485,-0.3939393939393777,nr
off_peak,,line_synth_02013,,,18.87592474997841,1.2164297192804752,-1.2135109051306523,nr
off_peak,,line_synth_02014,,,15.124496604256677,0.9719001668755227,-0.9699429167350527,nr
off_peak,,line_synth_02015,,,11.362463911903605,0.7283321784801102,-0.7271765047177728,nr
off_peak,,line_synth_02016,,,7.592062428529478,0.48556576646266913,-0.4834923835806694,nr
off_peak,,line_synth_02017,,,3.799006216178929,0.24188164532564074,-0.24161073825504287,nr
off_peak,,line_synth_02019,,,18.835801576997014,1.2145850549488022,-1.2118760805287518,nr
off_peak,,line_synth_02020,,,15.085265173940446,0.970265342273808,-0.9681492512328802,nr
off_peak,,line_synth_02021,,,11.323246643649309,0.726538512977853,-0.7255265947587421,nr
off_peak,,line_synth_02022,,,7.553883827169594,0.48391585650368724,-0.48342944041545827,nr
off_peak,,line_synth_02023,,,3.7792144118350164,0.24181870216038195,-0.24161073825501314,nr
off_peak,,line_synth_02025,,,18.89145490875105,1.2171433604509703,-1.2137267856476852,nr
off_peak,,line_synth_02026,,,15.137877036463257,0.9721160473926584,-0.9703896911674046,nr
off_peak,,line_synth_02027,,,11.374946956597377,0.7287789529123395,-0.7265494566817325,nr
off_peak,,line_synth_02028,,,7.595836607135206,0.4849387184267019,-0.4836118166771318,nr
off_peak,,line_synth_02029,,,3.802206291179808,0.2420010784221069,-0.24161073825503726,nr
off_peak,,line_synth_02031,,,18.83828191271368,1.216670523139896,-1.2104659825709858,nr
off_peak,,line_synth_02032,,,15.081128695948564,0.9688552443160671,-0.9680875591970135,nr
off_peak,,line_synth_02033,,,11.31980614135537,0.7264768209418435,-0.7259372651549152,nr
off_peak,,line_synth_02034,,,7.554572377581478,0.48432652689986894,-0.48338159281373433,nr
off_peak,,line_synth_02035,,,3.7790361149248275,0.24177085455869138,-0.2416107382550438,nr
off_peak,,line_synth_02037,,,18.9043187893354,1.2197103188965042,-1.215691821497003,nr
off_peak,,line_synth_02038,,,15.156704200312237,0.9740810832419997,-0.9702100326648482,nr
off_peak,,line_synth_02039,,,11.388115636864491,0.7285992944097777,-0.726062817782034,nr
off_peak,,line_synth_02040,,,7.60107770209945,0.48445207952698655,-0.4834194471916549,nr
off_peak,,line_synth_02041,,,3.802715695499095,0.24180870893659298,-0.24161073825502205,nr
off_peak,,line_synth_02043,,,18.983248100626678,1.2233388928475897,-1.2173399750250347,nr
off_peak,,line_synth_02044,,,15.22714306387209,0.9757292367699633,-0.9705935020148455,nr
off_peak,,line_synth_02045,,,11.443138298200802,0.728982763759797,-0.7258490565279587,nr
off_peak,,line_synth_02046,,,7.636233719939038,0.4842383182729428,-0.4837074089360457,nr
off_peak,,line_synth_02047,,,3.8234826252851066,0.2420966706809832,-0.24161073825502488,nr
off_peak,,line_synth_02049,,,18.89423223660024,1.2192462492454352,-1.2130721321211062,nr
off_peak,,line_synth_02050,,,15.137260515944334,0.9714613938660213,-0.9692286189809339,nr
off_peak,,line_synth_02051,,,11.36816278737073,0.7276178807260039,-0.7264490878939754,nr
off_peak,,line_synth_02052,,,7.59057523743379,0.4848383496389384,-0.4836269510958125,nr
off_peak,,line_synth_02053,,,3.79973868232786,0.24201621284074631,-0.24161073825503276,nr
off_peak,,line_synth_02055,,,20.271978540420154,1.2207013541875869,-1.2185289877042564,nr
off_peak,,line_synth_02056,,,16.266382008387822,0.9769182494492622,-0.974465103244944,nr
off_peak,,line_synth_02057,,,12.246663606272724,0.7328543649898871,-0.7279649900479982,nr
off_peak,,line_synth_02058,,,8.189031190893909,0.486354251792969,-0.48367542181795886,nr
off_peak,,line_synth_02059,,,4.099891259020381,0.24206468356293773,-0.24161073825503682,nr
off_peak,,line_synth_02061,,,3.986979924505598,0.24164963614046966,-0.2416107382551463,nr
off_peak,,line_synth_02063,,,20.139204315327515,1.2150173398852846,-1.2128794920367578,nr
off_peak,,line_synth_02064,,,16.133787595159234,0.9712687537818097,-0.9693525308280739,nr
off_peak,,line_synth_02065,,,12.11727953903436,0.7277417925729054,-0.72687036158342,nr
off_peak,,line_synth_02066,,,8.09403369790231,0.48525962332845407,-0.4835090805273165,nr
off_peak,,line_synth_02067,,,4.0503839563493615,0.24189834227224377,-0.24161073825502088,nr
off_peak,,line_synth_02069,,,20.169707075887157,1.2163242908995802,-1.2153184994017565,nr
off_peak,,line_synth_02070,,,16.16951554789693,0.9737077611466541,-0.9695511809925564,nr
off_peak,,line_synth_02071,,,12.145268938865303,0.7279404427375078,-0.7260031542818204,nr
off_peak,,line_synth_02072,,,8.105980195499447,0.48439241602684596,-0.48375220161201476,nr
off_peak,,line_synth_02073,,,4.059210586504445,0.2421414633569506,-0.24161073825503898,nr
off_peak,,line_synth_02184,,,25.279839050247382,1.6427828706908867,-1.6407830712691003,nr
off_peak,,line_synth_02185,,,20.258929762173306,1.314252459023998,-1.311145963889425,nr
off_peak,,line_synth_02186,,,15.221351031429304,0.9846153516446706,-0.9821298956552915,nr
off_peak,,line_synth_02187,,,10.165913283011156,0.6555992834103572,-0.6537931089104098,nr
off_peak,,line_synth_02188,,,5.09091684174728,0.3272624966655254,-0.32653061224489727,nr
off_peak,,line_synth_02190,,,15.051511169359323,0.980652059790379,-0.9800440675435584,nr
off_peak,,line_synth_02191,,,10.037578668997337,0.6535134552987858,-0.6531057675596809,nr
off_peak,,line_synth_02192,,,5.019268022623653,0.3265751553148068,-0.32653061224492475,nr
off_peak,,line_synth_02194,,,5.007436288985943,0.3265570631993023,-0.32653061224482144,nr
off_peak,,line_synth_02196,,,25.299037984850276,1.643671926892369,-1.6427181658242211,nr
off_peak,,line_synth_02197,,,20.2826220726596,1.3161875535793672,-1.311926224643323,nr
off_peak,,line_synth_02198,,,15.243358733341006,0.9853956123984043,-0.9810527641662704,nr
off_peak,,line_synth_02199,,,10.172823774825398,0.654522151921415,-0.653777323445207,nr
off_peak,,line_synth_02200,,,5.094205821992433,0.3272467112002928,-0.3265306122448987,nr
off_peak,,line_synth_02202,,,25.451888776438924,1.6470817342526154,-1.6427569463999219,nr
off_peak,,line_synth_02203,,,20.405332166516253,1.3162263341550977,-1.309077007364028,nr
off_peak,,line_synth_02204,,,15.320106270526724,0.9825463951191352,-0.9802697796793323,nr
off_peak,,line_synth_02205,,,10.218343841433697,0.6537391674343639,-0.6533161750348196,nr
off_peak,,line_synth_02206,,,5.111960517886696,0.32678556278997906,-0.32653061224486224,nr
off_peak,,line_synth_02209,,,25.36074503246647,1.6428764335550732,-1.636501927794498,nr
off_peak,,line_synth_02210,,,20.305283941833284,1.3099713155495663,-1.3080652749256763,nr
off_peak,,line_synth_02211,,,15.239509421836061,0.9815346626808574,-0.9799047246921989,nr
off_peak,,line_synth_02212,,,10.161941405509431,0.653374112447254,-0.65321499731878,nr
off_peak,,line_synth_02213,,,5.08264352943502,0.3266843850739179,-0.32653061224495716,nr
off_peak,,line_synth_spur_001,,,3.484574643087556,-5.122274418445216,5.122836052744012,nr
off_peak,,line_synth_spur_005,,,5.349081926242743,-7.763881647905551,7.765039136200447,nr
off_peak,,line_synth_spur_006,,,83.8103722666153,293.5041149100349,-292.2583980657429,nr
off_peak,,line_synth_spur_007,,,9.370008254731637,-14.271741998208798,14.279301160970059,nr
off_peak,,line_synth_spur_008,,,1.0034632873024152,-2.9764285268113544,2.97650190210033,nr
off_peak,,line_synth_spur_012,,,11.987297687479144,-17.461492477054467,17.461717326710108,nr
off_peak,,line_synth_spur_013,,,56.38995939667274,93.45735511139274,-93.43661175689674,nr
off_peak,,line_synth_spur_014,,,44.55301900028135,73.45583641569876,-73.44278520307849,nr
off_peak,,line_handcoded_kabankalan_mabinay,,,7.519661688650459,-10.914774925344863,10.936801730944824,nr
off_peak,,line_osm_inferred_0001,,,23.467821471016617,38.18502681229581,-38.178715534501805,nr
off_peak,,line_osm_inferred_0002,,,33.132863311303886,53.943664398036404,-53.91123651902774,nr
off_peak,,line_osm_inferred_0003,,,3.898846084678137,5.827844925094536,-5.818473876716123,nr
off_peak,,line_osm_inferred_0004,,,3.898846084678137,5.827844925094536,-5.818473876716123,nr
off_peak,,line_osm_inferred_0005,,,1.9448037440560684e-12,9.195133475612774e-13,-9.195133475612774e-13,nr
off_peak,,line_v1_samar_01,,,4.254176127331441e-13,1.0897609992053625e-13,-1.0897609992053622e-13,nr
off_peak,,line_v1_samar_02,,,3.045526628139676e-13,-1.399418804275915e-13,1.3994188042759154e-13,nr
off_peak,,line_v1_samar_03,,,1.9025254017939805e-13,-1.1393844062309782e-13,1.1393844062309782e-13,nr
off_peak,,line_v1_samar_04,,,0.0,0.0,0.0,nr
off_peak,,line_v1_samar_05,,,4.902695741885789e-13,1.8018762530997238e-13,-1.801876253099723e-13,nr
off_peak,,line_v1_samar_06,,,5.056030608375397e-13,1.9442993038785954e-13,-1.944299303878595e-13,nr
off_peak,,line_v1_samar_07,,,0.3788657211044973,0.21923077330955879,-0.21922115906701609,nr
off_peak,,line_v1_samar_08,,,0.3788657211040296,0.21922115906686246,-0.21917917787723187,nr
off_peak,,line_v1_samar_09,,,0.3788657211039307,0.21917917787720084,-0.21913871685264866,nr
off_peak,,line_v1_samar_10,,,0.3788657211044365,0.21913871685285696,-0.219111583888015,nr
off_peak,,line_v1_samar_11,,,2.351007081348106,1.3418903920304601,-1.339178417927115,nr
off_peak,,line_v1_samar_12,,,9.947521635248732,5.201167584465079,-5.164362402933369,nr
off_peak,,line_v1_samar_13,,,9.947521635248906,5.1643624029333965,-5.107592708822921,nr
off_peak,,line_v1_samar_14,,,9.947521635248874,5.107592708822913,-5.038052976111516,nr
off_peak,,line_v1_samar_17,,,7.105372596649745,-5.0380470389563,5.038052976147501,nr
off_peak,,line_v1_leyte_01,,,9.618193501739935,5.243718285460568,-5.220467064620477,nr
off_peak,,line_v1_leyte_02,,,4.126830473757538,2.2386441259763723,-2.236376924697155,nr
off_peak,,line_v1_leyte_03,,,5.483855089254963,2.994211223516348,-2.9857401259155236,nr
off_peak,,line_v1_leyte_04,,,12.673602463994655,-5.910802124937285,5.959744774097891,nr
off_peak,,line_v1_leyte_05,,,17.814478884115626,-8.436744597465935,8.512894652654055,nr
off_peak,,line_v1_leyte_06,,,22.337610594248765,-10.724823628989494,10.782464869665692,nr
off_peak,,line_v1_leyte_07,,,6.004852350756966,2.957255463664672,-2.9478910215401455,nr
off_peak,,line_v1_leyte_08,,,32.81614159689012,-15.952290307896249,16.400984031741583,nr
off_peak,,line_v1_leyte_09,,,37.367894612474096,-18.787946369027985,19.10679749944962,nr
off_peak,,line_v1_leyte_10,,,3.091603777915218e-13,6.732682133952814e-14,-6.732682133952812e-14,nr
off_peak,,line_v1_leyte_11,,,9.512627008969902e-14,5.634109096250533e-14,-5.634109096250533e-14,nr
off_peak,,line_v1_leyte_12,,,0.0,0.0,0.0,nr
off_peak,,line_v1_leyte_13,,,5.644766365681123,2.9775741535679474,-2.970372335001024,nr
off_peak,,line_v1_leyte_14,,,2.1139171131044228e-13,1.0848599039186956e-13,-1.0848599039186956e-13,nr
off_peak,,line_v1_leyte_15,,,0.0,0.0,0.0,nr
off_peak,,line_synth_redist_00045,,,16.078813346610747,1.0239113063550063,-1.0229508144286308,nr
off_peak,,line_synth_redist_00046,,,12.870412599891889,0.8186954952796375,-0.8182775244162808,nr
off_peak,,line_synth_redist_00047,,,9.659719227747084,0.6140222052675544,-0.6135053641574065,nr
off_peak,,line_synth_redist_00048,,,6.445241105864487,0.40925004500848366,-0.4086412736284628,nr
off_peak,,line_synth_redist_00049,,,3.2240614081177017,0.2043859544795141,-0.204255319148941,nr
off_peak,,line_synth_redist_00051,,,16.158291788018968,1.0275199579659537,-1.0254668870716708,nr
off_peak,,line_synth_redist_00052,,,12.945111058227553,0.8212115679227348,-0.8196169262017905,nr
off_peak,,line_synth_redist_00053,,,9.723173370726235,0.6153616070527648,-0.6143657594407096,nr
off_peak,,line_synth_redist_00054,,,6.493924297059333,0.4101104402917932,-0.4086099821151899,nr
off_peak,,line_synth_redist_00055,,,3.2480662042449953,0.2043546629662353,-0.20425531914893555,nr
off_peak,,line_synth_redist_00057,,,16.223354419715548,1.030469568289083,-1.0271779732915722,nr
off_peak,,line_synth_redist_00058,,,13.0047735107096,0.822922654142608,-0.8207346984057784,nr
off_peak,,line_synth_redist_00059,,,9.774166382040613,0.6164793792568858,-0.6138566987299051,nr
off_peak,,line_synth_redist_00060,,,6.524209671333697,0.40960137958097825,-0.40898109902935903,nr
off_peak,,line_synth_redist_00061,,,3.2673544549280975,0.20472577988041515,-0.20425531914893585,nr
off_peak,,line_synth_redist_00063,,,16.124123873669536,1.0259693400879548,-1.0233815096984225,nr
off_peak,,line_synth_redist_00064,,,12.908577616668438,0.8191261905495374,-0.8180146130291587,nr
off_peak,,line_synth_redist_00065,,,9.68691456738628,0.6137592938802626,-0.6132870452606137,nr
off_peak,,line_synth_redist_00066,,,6.461780421893757,0.40903172611159605,-0.40861262395416137,nr
off_peak,,line_synth_redist_00067,,,3.232018011557879,0.20435730480532674,-0.20425531914899062,nr
off_peak,,line_synth_redist_00070,,,15.861520295185786,1.0284530601302302,-1.0248094334921314,nr
off_peak,,line_synth_redist_00071,,,12.704517082556146,0.8205541143431254,-0.8187683762594937,nr
off_peak,,line_synth_redist_00072,,,9.537868802560164,0.6145130571105244,-0.6139167564537512,nr
off_peak,,line_synth_redist_00073,,,6.36691665442749,0.4096614373049106,-0.40894534406292554,nr
off_peak,,line_synth_redist_00074,,,3.1881923114819846,0.20469002491401203,-0.2042553191489389,nr
off_peak,,line_synth_redist_00076,,,15.77125782307148,1.0242737380866969,-1.0234429647983532,nr
off_peak,,line_synth_redist_00077,,,12.62634620735994,0.8191876456494773,-0.818741707898047,nr
off_peak,,line_synth_redist_00078,,,9.479038732533922,0.6144863887491517,-0.6142211131695766,nr
off_peak,,line_synth_redist_00079,,,6.329832469130057,0.4099657940205915,-0.40865724528466546,nr
off_peak,,line_synth_redist_00080,,,3.166504254533987,0.204401926135728,-0.20425531914892878,nr
off_peak,,line_synth_redist_00082,,,16.41700407477714,1.028803412425727,-1.0256265203703403,nr
off_peak,,line_synth_redist_00083,,,13.153089308183628,0.8213712012214083,-0.8186409792442426,nr
off_peak,,line_synth_redist_00084,,,9.87391816006827,0.6143856600953151,-0.613474934309019,nr
off_peak,,line_synth_redist_00085,,,6.58793262200492,0.4092196151601012,-0.40863487687178024,nr
off_peak,,line_synth_redist_00086,,,3.2953669644835935,0.20437955772284164,-0.20425531914896708,nr
off_peak,,line_synth_redist_00088,,,16.482556743953708,1.0317344674184958,-1.030017232169055,nr
off_peak,,line_synth_redist_00089,,,13.225210829789729,0.8257619130201117,-0.8206066611573521,nr
off_peak,,line_synth_redist_00090,,,9.939124147993915,0.616351342008453,-0.6142492349332881,nr
off_peak,,line_synth_redist_00091,,,6.6372762409177515,0.409993915784322,-0.4086259498154348,nr
off_peak,,line_synth_redist_00092,,,3.319947887546309,0.20437063066653383,-0.20425531914900266,nr
off_peak,,line_synth_redist_00094,,,16.344800709000822,1.0255704017468705,-1.0236732814560625,nr
off_peak,,line_synth_redist_00095,,,13.086547188917494,0.8194179623071964,-0.8183412501319205,nr
off_peak,,line_synth_redist_00096,,,9.822292123313835,0.6140859309830292,-0.6131856120707385,nr
off_peak,,line_synth_redist_00097,,,6.551328756918517,0.40893029292188476,-0.4086505773421652,nr
off_peak,,line_synth_redist_00098,,,3.2772332310878576,0.20439525819319085,-0.204255319148919,nr
off_peak,,line_synth_redist_00100,,,16.413472194544607,1.0286453797394066,-1.0258563468644217,nr
off_peak,,line_synth_redist_00101,,,13.151284955050505,0.8216010277154648,-0.8206433326897096,nr
off_peak,,line_synth_redist_00102,,,9.883771586806192,0.6163880135407971,-0.6139435911382345,nr
off_peak,,line_synth_redist_00103,,,6.598022035887005,0.4096882719892695,-0.40868992752557565,nr
off_peak,,line_synth_redist_00104,,,3.3010352188453456,0.20443460837668453,-0.20425531914895698,nr
off_peak,,line_synth_redist_00106,,,16.331611167897314,1.025719820734072,-1.0250885327210362,nr
off_peak,,line_synth_redist_00107,,,13.082283875853829,0.8208332135723388,-0.8187174732540144,nr
off_peak,,line_synth_redist_00108,,,9.821191858622559,0.6144621541050299,-0.6137549605225053,nr
off_peak,,line_synth_redist_00109,,,6.554840890415933,0.40949964137358474,-0.4086686621623312,nr
off_peak,,line_synth_redist_00110,,,3.2791929431030735,0.204413343013395,-0.20425531914894798,nr
off_peak,,line_synth_redist_00112,,,16.392001746026615,1.0284164368852404,-1.0265308262537018,nr
off_peak,,line_synth_redist_00113,,,13.13708463864611,0.82227550710479,-0.8184871794789218,nr
off_peak,,line_synth_redist_00114,,,9.861041724327272,0.6142318603300356,-0.6133372736815382,nr
off_peak,,line_synth_redist_00115,,,6.578310432075398,0.4090819545325105,-0.4086112039118174,nr
off_peak,,line_synth_redist_00116,,,3.290287371129605,0.2043558847629371,-0.2042553191489043,nr
off_peak,,line_synth_redist_00118,,,16.43197251709803,1.0301993699069376,-1.02752776392987,nr
off_peak,,line_synth_redist_00119,,,13.17356151810572,0.8232724447808898,-0.8215440585147993,nr
off_peak,,line_synth_redist_00120,,,9.905548498807109,0.6172887393658861,-0.6136168674209578,nr
off_peak,,line_synth_redist_00121,,,6.610103925593465,0.40936154827198545,-0.4085945690702165,nr
off_peak,,line_synth_redist_00122,,,3.306001437647679,0.20433924992128874,-0.20425531914892558,nr
off_peak,,line_synth_redist_00124,,,16.358770861858254,1.0269330058121624,-1.0237917551913596,nr
off_peak,,line_synth_redist_00125,,,13.098261048917479,0.8195364360424651,-0.8178555440758183,nr
off_peak,,line_synth_redist_00126,,,9.828367786266359,0.6136002249268011,-0.6131151883150128,nr
off_peak,,line_synth_redist_00127,,,6.554855121368932,0.4088598691661346,-0.4085475424066771,nr
off_peak,,line_synth_redist_00128,,,3.277841584596629,0.2042922232576511,-0.20425531914884226,nr
off_peak,,line_synth_redist_00130,,,16.52201773230192,1.0331629956972983,-1.0317036176058991,nr
off_peak,,line_synth_redist_00131,,,13.264380821815285,0.8274482984570088,-0.8228740841967446,nr
off_peak,,line_synth_redist_00132,,,9.981306711142711,0.6186187650477907,-0.6146153904798527,nr
off_peak,,line_synth_redist_00133,,,6.668213661218444,0.41036007133093194,-0.4088697161345276,nr
off_peak,,line_synth_redist_00134,,,3.3382027813924346,0.20461439698559175,-0.20425531914894188,nr
off_peak,,line_synth_redist_00136,,,16.399376856132427,1.0277032090987703,-1.027357576219621,nr
off_peak,,line_synth_redist_00137,,,13.146673049603768,0.8231022570707833,-0.8198019227348416,nr
off_peak,,line_synth_redist_00138,,,9.875603136996903,0.6155466035859141,-0.6138080547481198,nr
off_peak,,line_synth_redist_00139,,,6.591553789017102,0.40955273559924393,-0.4086438539587521,nr
off_peak,,line_synth_redist_00140,,,3.2972795580624883,0.20438853480982655,-0.20425531914893108,nr
off_peak,,line_synth_redist_00142,,,16.402200988538404,1.027829092033711,-1.027046398281082,nr
off_peak,,line_synth_redist_00143,,,13.147553143575163,0.8227910791323462,-0.8195182554800918,nr
off_peak,,line_synth_redist_00144,,,9.874676965423616,0.6152629363311501,-0.6135483138434568,nr
off_peak,,line_synth_redist_00145,,,6.588989060148363,0.40929299469450786,-0.4087120259786296,nr
off_peak,,line_synth_redist_00146,,,3.2967650300448272,0.20445670682968217,-0.20425531914892714,nr
off_peak,,line_synth_redist_00148,,,16.40050933167825,1.0277536889831422,-1.0256906291078545,nr
off_peak,,line_synth_redist_00149,,,13.14015976304719,0.8214353099589073,-0.818587957298125,nr
off_peak,,line_synth_redist_00150,,,9.863914892887147,0.6143326381492028,-0.6133711777930742,nr
off_peak,,line_synth_redist_00151,,,6.58048114682178,0.40911585864407224,-0.4087895866633192,nr
off_peak,,line_synth_redist_00152,,,3.2933810505934,0.20453426751442505,-0.20425531914895192,nr
off_peak,,line_synth_redist_00154,,,16.40508621170122,1.0271541215816082,-1.0259886362940998,nr
off_peak,,line_synth_redist_00155,,,13.14515540192766,0.8217333171450768,-0.8205286451932159,nr
off_peak,,line_synth_redist_00156,,,9.878524557432325,0.6162733260442789,-0.6137482819287279,nr
off_peak,,line_synth_redist_00157,,,6.593055708887367,0.40949296277975555,-0.4088580337767341,nr
off_peak,,line_synth_redist_00158,,,3.300445958127153,0.2046027146277606,-0.2042553191489283,nr
off_peak,,line_synth_redist_00160,,,16.359364137287603,1.0251089647800937,-1.0245075700131605,nr
off_peak,,line_synth_redist_00161,,,13.101927651660633,0.8202522508643059,-0.8199405065481948,nr
off_peak,,line_synth_redist_00162,,,9.842763429218463,0.6156851873992504,-0.6134794770184401,nr
off_peak,,line_synth_redist_00163,,,6.567179965538969,0.4092241578694943,-0.4086048719863649,nr
off_peak,,line_synth_redist_00164,,,3.284649069902191,0.20434955283742884,-0.2042553191489704,nr
off_peak,,line_synth_redist_00232,,,16.46907461484917,1.0289112289102362,-1.0263407011281722,nr
off_peak,,line_synth_redist_00233,,,13.198003257101263,0.822085381979252,-0.8198227063030679,nr
off_peak,,line_synth_redist_00234,,,9.91427840114279,0.6155673871541183,-0.6133612696616866,nr
off_peak,,line_synth_redist_00235,,,6.614005376856786,0.40910595051274595,-0.40864375060338204,nr
off_peak,,line_synth_redist_00236,,,3.3085093006716977,0.2043884314545063,-0.20425531914898215,nr
off_peak,,line_synth_redist_00238,,,16.415838122749005,1.026537562553599,-1.023832902495315,nr
off_peak,,line_synth_redist_00239,,,13.14413828327046,0.8195775833459493,-0.8194617774109564,nr
off_peak,,line_synth_redist_00240,,,9.871796123687602,0.6152064582622965,-0.6142369835473259,nr
off_peak,,line_synth_redist_00241,,,6.592223414303112,0.40998166439838835,-0.40878120693882847,nr
off_peak,,line_synth_redist_00242,,,3.299163320909077,0.20452588778986347,-0.2042553191489431,nr
off_peak,,line_synth_redist_00244,,,16.4494760942069,1.0280376899036643,-1.025242057190344,nr
off_peak,,line_synth_redist_00245,,,13.177385572646877,0.820986738041397,-0.8195028702038238,nr
off_peak,,line_synth_redist_00246,,,9.896996769660621,0.6152475510548985,-0.6143045995733067,nr
off_peak,,line_synth_redist_00247,,,6.6095590787759475,0.410049280424346,-0.40876419582712886,nr
off_peak,,line_synth_redist_00248,,,3.3076468939191592,0.2045088766781795,-0.20425531914893924,nr
off_peak,,line_synth_redist_00250,,,16.352894675961085,1.023727688971972,-1.0226103454472237,nr
off_peak,,line_synth_redist_00251,,,13.088282218475019,0.8183550262983148,-0.81794966889388,nr
off_peak,,line_synth_redist_00252,,,9.821406312796803,0.6136943497448497,-0.6132513142861622,nr
off_peak,,line_synth_redist_00253,,,6.551228249114185,0.4089959951373048,-0.40856797400035494,nr
off_peak,,line_synth_redist_00254,,,3.2762569911515604,0.20431265485135017,-0.20425531914888118,nr
off_peak,,line_synth_redist_00256,,,16.154252486486772,1.0271090472073383,-1.0248513763794624,nr
off_peak,,line_synth_redist_00257,,,12.939169672441661,0.8205960572305647,-0.818132511169699,nr
off_peak,,line_synth_redist_00258,,,9.710522976440421,0.6138771920207857,-0.6129463426407836,nr
off_peak,,line_synth_redist_00259,,,6.475014196790246,0.4086910234918438,-0.4085379192930037,nr
off_peak,,line_synth_redist_00260,,,3.237809438266585,0.20428260014411456,-0.20425531914872283,nr
off_peak,,line_synth_redist_00262,,,16.122470523430753,1.0256669188444147,-1.0223614665541865,nr
off_peak,,line_synth_redist_00263,,,12.902762160282776,0.8181061474050637,-0.8176784497287265,nr
off_peak,,line_synth_redist_00264,,,9.680697596641034,0.6134231305798696,-0.6131868534853774,nr
off_peak,,line_synth_redist_00265,,,6.456896359427889,0.408931534336264,-0.40879697904498563,nr
off_peak,,line_synth_redist_00266,,,3.2316113009282175,0.20454165989605147,-0.20425531914894832,nr
off_peak,,line_synth_redist_00268,,,16.175275534805387,1.0280624501285254,-1.0264288964303954,nr
off_peak,,line_synth_redist_00269,,,12.962945599996873,0.8221735772814801,-0.8189299583609041,nr
off_peak,,line_synth_redist_00270,,,9.73277599150785,0.6146746392119949,-0.6139660766278526,nr
off_peak,,line_synth_redist_00271,,,6.497389210096012,0.40971075747890834,-0.4088120393644542,nr
off_peak,,line_synth_redist_00272,,,3.2520448898003513,0.2045567202155433,-0.20425531914895628,nr
off_peak,,line_synth_redist_00274,,,16.18837136877716,1.0286561378889874,-1.026415596716929,nr
off_peak,,line_synth_redist_00275,,,12.973382212188621,0.8221602775679645,-0.8212786800442784,nr
off_peak,,line_synth_redist_00276,,,9.753568427807654,0.6170233608953587,-0.6142392669336249,nr
off_peak,,line_synth_redist_00277,,,6.51328977714517,0.4099839477846552,-0.40878307548055015,nr
off_peak,,line_synth_redist_00278,,,3.259680775740274,0.20452775633161266,-0.20425531914894138,nr
off_peak,,line_synth_redist_00304,,,25.285995519583164,1.581551256088131,-1.5707576524757223,nr
off_peak,,line_synth_redist_00305,,,20.261414072751492,1.2580540694138593,-1.2547782855274185,nr
off_peak,,line_synth_redist_00306,,,15.218449895232661,0.9420747024654282,-0.9401408796810532,nr
off_peak,,line_synth_redist_00307,,,10.160958892870593,0.6274372966191938,-0.625947244051656,nr
off_peak,,line_synth_redist_00308,,,5.0866113143721705,0.3132436609897369,-0.3127035830618919,nr
off_peak,,line_synth_redist_00310,,,25.279459049271253,1.5812595762257464,-1.5756947489114028,nr
off_peak,,line_synth_redist_00311,,,20.278264788987013,1.2629911658495985,-1.2568481025183624,nr
off_peak,,line_synth_redist_00312,,,15.242759659684719,0.9441445194564407,-0.9396756838828094,nr
off_peak,,line_synth_redist_00313,,,10.173677153059971,0.6269721008209749,-0.6257709586904188,nr
off_peak,,line_synth_redist_00314,,,5.090974915429466,0.31306737562849446,-0.3127035830619173,nr
off_peak,,line_synth_redist_00316,,,25.289773384642096,1.5817198259960803,-1.5803429748153377,nr
off_peak,,line_synth_redist_00317,,,20.30723177918389,1.2676393917535431,-1.2577288014485442,nr
off_peak,,line_synth_redist_00318,,,15.269489075775008,0.9450252183866402,-0.9399803987438724,nr
off_peak,,line_synth_redist_00319,,,10.19382279827106,0.6272768156819422,-0.6261545416623876,nr
off_peak,,line_synth_redist_00320,,,5.105422392255574,0.31345095860054156,-0.3127035830618956,nr
off_peak,,line_synth_redist_00322,,,25.382470326007443,1.5858533841527662,-1.5775828460186307,nr
off_peak,,line_synth_redist_00323,,,20.36934610879216,1.264879262956775,-1.2573711603260909,nr
off_peak,,line_synth_redist_00324,,,15.314176498932586,0.9446675772641614,-0.9404909214151647,nr
off_peak,,line_synth_redist_00325,,,10.227526757808644,0.6277873383532494,-0.6258923279867428,nr
off_peak,,line_synth_redist_00326,,,5.119308163987882,0.3131887449248244,-0.3127035830618995,nr
off_peak,,line_synth_redist_00328,,,25.305437128785318,1.5806381836580652,-1.5716634966248817,nr
off_peak,,line_synth_redist_00329,,,20.281058406414264,1.2589599135629768,-1.2543256272413659,nr
off_peak,,line_synth_redist_00330,,,15.230651683104874,0.9416220441794316,-0.9395215762964807,nr
off_peak,,line_synth_redist_00331,,,10.164432397185289,0.6268179932346739,-0.6257120481155821,nr
off_peak,,line_synth_redist_00332,,,5.085679791511553,0.31300846505369534,-0.3127035830619146,nr
off_peak,,line_synth_redist_00334,,,25.44703770709762,1.5869424732367416,-1.5767013047884235,nr
off_peak,,line_synth_redist_00335,,,20.417208428152232,1.263997721726514,-1.2586717376631353,nr
off_peak,,line_synth_redist_00336,,,15.357510965585156,0.945968154601269,-0.9400095999824827,nr
off_peak,,line_synth_redist_00337,,,10.252807831982116,0.627306016920563,-0.6258519764992889,nr
off_peak,,line_synth_redist_00338,,,5.131500322835834,0.3131483934373905,-0.3127035830618708,nr
off_peak,,line_synth_redist_00340,,,25.18375858533203,1.575211437476952,-1.5711834924077428,nr
off_peak,,line_synth_redist_00341,,,20.181395383422466,1.25847990934601,-1.2569332269405211,nr
off_peak,,line_synth_redist_00342,,,15.170421162815748,0.9442296438785878,-0.9400716234409348,nr
off_peak,,line_synth_redist_00343,,,10.12837106930901,0.6273680403790134,-0.6259315291933171,nr
off_peak,,line_synth_redist_00344,,,5.070119988358765,0.3132279461314442,-0.31270358306190665,nr
off_peak,,line_synth_redist_00347,,,25.290772094154384,1.5816502567138975,-1.5731564488419998,nr
off_peak,,line_synth_redist_00348,,,20.275993564994987,1.2604528657801175,-1.2547665031837536,nr
off_peak,,line_synth_redist_00349,,,15.229334204408552,0.9420629201218537,-0.9395221978782218,nr
off_peak,,line_synth_redist_00350,,,10.163557848115698,0.6268186148164283,-0.6263967406843547,nr
off_peak,,line_synth_redist_00351,,,5.093011633935323,0.3136931576224372,-0.31270358306188234,nr
off_peak,,line_synth_redist_00353,,,25.556784687494943,1.5934804914736198,-1.581136329507071,nr
off_peak,,line_synth_redist_00354,,,20.525195308907303,1.268432746445151,-1.263394190151495,nr
off_peak,,line_synth_redist_00355,,,15.465457615656177,0.9506906070895831,-0.9433753000776998,nr
off_peak,,line_synth_redist_00356,,,10.350581126796477,0.6306717170157946,-0.6263903001153165,nr
off_peak,,line_synth_redist_00357,,,5.186655597348688,0.3136867170534382,-0.3127035830618962,nr
off_peak,,line_synth_redist_00359,,,25.10722484838229,1.5734631828002343,-1.570538871292767,nr
off_peak,,line_synth_redist_00360,,,20.11719199486417,1.2578352882307944,-1.2565309954257315,nr
off_peak,,line_synth_redist_00361,,,15.119915474990881,0.9438274123639644,-0.9408179678477517,nr
off_peak,,line_synth_redist_00362,,,10.100236644272687,0.6281143847858172,-0.6254653083000848,nr
off_peak,,line_synth_redist_00363,,,5.0507748455084105,0.31276172523823453,-0.31270358306195833,nr
off_peak,,line_synth_redist_00365,,,25.233539397224625,1.5790995708051745,-1.5774102584514602,nr
off_peak,,line_synth_redist_00366,,,20.249062469239863,1.264706675389428,-1.2567727580647186,nr
off_peak,,line_synth_redist_00367,,,15.22038586098492,0.9440691750028205,-0.9405157916249184,nr
off_peak,,line_synth_redist_00368,,,10.165076292725029,0.6278122085630439,-0.6261546293490968,nr
off_peak,,line_synth_redist_00369,,,5.091026133484524,0.31345104628723003,-0.31270358306189416,nr
off_peak,,line_synth_redist_00371,,,19.887590283647206,1.2538808301047413,-1.2518130571800021,nr
off_peak,,line_synth_redist_00372,,,14.921240671126842,0.9391094741180414,-0.9388620438525461,nr
off_peak,,line_synth_redist_00373,,,9.95306064903008,0.6261584607908358,-0.6254433888354012,nr
off_peak,,line_synth_redist_00374,,,4.97693338961683,0.31273980577315924,-0.3127035830616402,nr
off_peak,,line_synth_redist_00376,,,25.084856695177066,1.5773228457538429,-1.571494310519573,nr
off_peak,,line_synth_redist_00377,,,20.10352159920867,1.258790727457661,-1.2570412398773,nr
off_peak,,line_synth_redist_00378,,,15.112485100243479,0.9443376568153495,-0.9400192681535671,nr
off_peak,,line_synth_redist_00379,,,10.089298802200775,0.6273156850917067,-0.6257200302347301,nr
off_peak,,line_synth_redist_00380,,,5.04817737149123,0.3130164471728015,-0.31270358306189144,nr
off_peak,,line_synth_redist_00382,,,24.948814518599058,1.580396235628466,-1.5780488680537208,nr
off_peak,,line_synth_redist_00383,,,20.0233859557551,1.2653452849920162,-1.257916667919752,nr
off_peak,,line_synth_redist_00384,,,15.057100226340964,0.9452130848578276,-0.9388296068445826,nr
off_peak,,line_synth_redist_00385,,,10.043441983687805,0.626126023782659,-0.6255134016366052,nr
off_peak,,line_synth_redist_00386,,,5.02291376313195,0.3128098185748759,-0.31270358306199936,nr
off_peak,,line_synth_redist_00388,,,24.99917215261247,1.5826681316201456,-1.5756011496714786,nr
off_peak,,line_synth_redist_00389,,,20.053015812616145,1.2628975666095863,-1.2544758512834768,nr
off_peak,,line_synth_redist_00390,,,15.060234419156018,0.9417722682216448,-0.9390421447083767,nr
off_peak,,line_synth_redist_00391,,,10.047120864601697,0.6263385616463856,-0.6256684068172115,nr
off_peak,,line_synth_redist_00392,,,5.026494126397003,0.312964823755299,-0.3127035830618526,nr
off_peak,,line_synth_redist_00394,,,24.87285897406542,1.5818022595335275,-1.5725325314280494,nr
off_peak,,line_synth_redist_00395,,,19.938198663394687,1.2598289483666365,-1.2595069729719774,nr
off_peak,,line_synth_redist_00396,,,15.001810169336686,0.9468033899100055,-0.9414665423775598,nr
off_peak,,line_synth_redist_00397,,,10.026151110274256,0.628762959315664,-0.6263674207130446,nr
off_peak,,line_synth_redist_00398,,,5.0238284329447875,0.31366383765118694,-0.3127035830618931,nr
off_peak,,line_synth_redist_00400,,,24.91608153068195,1.5837599742370347,-1.5754956718884363,nr
off_peak,,line_synth_redist_00401,,,19.985900987586955,1.2627920888265918,-1.2558829888072702,nr
off_peak,,line_synth_redist_00402,,,15.01764446252185,0.9431794057453848,-0.9399933437437077,nr
off_peak,,line_synth_redist_00403,,,10.02578907985975,0.627289760681899,-0.626634118118071,nr
off_peak,,line_synth_redist_00404,,,5.026629404775098,0.3139305350561472,-0.3127035830618805,nr
off_peak,,line_synth_redist_00406,,,24.71416257197628,1.574604451409273,-1.5697648884333133,nr
off_peak,,line_synth_redist_00407,,,19.798853501879666,1.257061305371508,-1.2565324565153349,nr
off_peak,,line_synth_redist_00408,,,14.880662914608154,0.9438288734533459,-0.9408271817316703,nr
off_peak,,line_synth_redist_00409,,,9.940481643549017,0.6281235986697455,-0.626066269780092,nr
off_peak,,line_synth_redist_00410,,,4.97756075167823,0.313362686718199,-0.31270358306188,nr
off_peak,,line_synth_redist_00412,,,25.337585032714465,1.582122145673306,-1.577097948142016,nr
off_peak,,line_synth_redist_00413,,,20.33116139050442,1.2643943650801932,-1.2586782966221828,nr
off_peak,,line_synth_redist_00414,,,15.292824583705467,0.9459747135602903,-0.9402090489810819,nr
off_peak,,line_synth_redist_00415,,,10.211133124361467,0.627505465919196,-0.6257970129110411,nr
off_peak,,line_synth_redist_00416,,,5.110015332958804,0.3130934298491465,-0.3127035830618782,nr
off_peak,,line_synth_redist_00418,,,25.261350216631723,1.57872451975474,-1.5769978901149373,nr
off_peak,,line_synth_redist_00419,,,20.269544294002767,1.2642943070529253,-1.2554232909583216,nr
off_peak,,line_synth_redist_00420,,,15.22818987232738,0.942719707896473,-0.9389355658049549,nr
off_peak,,line_synth_redist_00421,,,10.158363561063952,0.6262319827431477,-0.6256819911608583,nr
off_peak,,line_synth_redist_00422,,,5.082302150287481,0.31297840809899596,-0.3127035830619101,nr
off_peak,,line_synth_redist_00424,,,25.30580823396025,1.5807063363380445,-1.5775530723504814,nr
off_peak,,line_synth_redist_00425,,,20.307692341453496,1.2648494892885298,-1.2564858754914245,nr
off_peak,,line_synth_redist_00426,,,15.262839807819972,0.9437822924295401,-0.9413006008734393,nr
off_peak,,line_synth_redist_00427,,,10.199353376009611,0.6285970178115354,-0.6257151459298751,nr
off_peak,,line_synth_redist_00428,,,5.1031874821689,0.3130115628680164,-0.3127035830619427,nr
off_peak,,line_synth_redist_00430,,,25.17709947125473,1.5749656326035886,-1.5732091044340628,nr
off_peak,,line_synth_redist_00431,,,20.18509514433297,1.2605055213722003,-1.2594316131223293,nr
off_peak,,line_synth_redist_00432,,,15.18715867946816,0.9467280300605634,-0.9404383032142075,nr
off_peak,,line_synth_redist_00433,,,10.142302790073924,0.6277347201522774,-0.6258074606695079,nr
off_peak,,line_synth_redist_00434,,,5.075688548607596,0.31310387760766895,-0.31270358306193674,nr
off_peak,,line_synth_redist_00460,,,24.933906771259366,1.577026843535952,-1.5720158871607752,nr
off_peak,,line_synth_redist_00461,,,19.98485259690913,1.2593123040988659,-1.2568993379415763,nr
off_peak,,line_synth_redist_00462,,,15.022491550643055,0.9441957548797313,-0.9425390613241581,nr
off_peak,,line_synth_redist_00463,,,10.04792610114884,0.6298354782622864,-0.6259354097300744,nr
off_peak,,line_synth_redist_00464,,,5.0298939137551475,0.31323182666817223,-0.3127035830618765,nr
off_peak,,line_synth_redist_00467,,,24.89752072361898,1.5753866144238418,-1.5744905880185889,nr
off_peak,,line_synth_redist_00468,,,19.966592792815348,1.2617870049571311,-1.2538216230959585,nr
off_peak,,line_synth_redist_00469,,,14.99169406323918,0.9411180400341486,-0.9392266090842767,nr
off_peak,,line_synth_redist_00470,,,10.002767367437976,0.6265230260223326,-0.6254802951523906,nr
off_peak,,line_synth_redist_00471,,,5.002201452122999,0.3127767120903581,-0.3127035830617822,nr
off_peak,,line_synth_redist_00473,,,24.8888393056716,1.5749951486038882,-1.5717824825114777,nr
off_peak,,line_synth_redist_00474,,,19.94770080907655,1.2590788994497395,-1.2571485582730684,nr
off_peak,,line_synth_redist_00475,,,14.99594275950041,0.9444449752110233,-0.9400052155989539,nr
off_peak,,line_synth_redist_00476,,,10.011389189048542,0.6273016325370772,-0.6260472528962938,nr
off_peak,,line_synth_redist_00477,,,5.012854180451059,0.31334366983438333,-0.31270358306188245,nr
off_peak,,line_synth_redist_00479,,,25.333198486893384,1.578496259099104,-1.571398682811994,nr
off_peak,,line_synth_redist_00480,,,20.302118241311813,1.2586950997500128,-1.2525318067412723,nr
off_peak,,line_synth_redist_00481,,,15.236323507542194,0.9398282236798238,-0.9395742418594192,nr
off_peak,,line_synth_redist_00482,,,10.168615343243188,0.6268706587975453,-0.6256267994852994,nr
off_peak,,line_synth_redist_00483,,,5.086804058974225,0.3129232164233759,-0.31270358306188256,nr
off_peak,,line_synth_redist_00485,,,25.562215138220505,1.5886473297463248,-1.5833005545021264,nr
off_peak,,line_synth_redist_00486,,,20.539249221566564,1.2705969714401881,-1.259035836578699,nr
off_peak,,line_synth_redist_00487,,,15.451375888887393,0.9463322535168276,-0.9411479541162995,nr
off_peak,,line_synth_redist_00488,,,10.32417633306594,0.6284443710543894,-0.6260176484303177,nr
off_peak,,line_synth_redist_00489,,,5.169130184184138,0.31331406536839645,-0.31270358306187795,nr
off_peak,,line_synth_redist_00491,,,25.383763271935532,1.580740155980538,-1.5793376366691976,nr
off_peak,,line_synth_redist_00492,,,20.378220908379106,1.2666340536072618,-1.2602008815888635,nr
off_peak,,line_synth_redist_00493,,,15.33679419949653,0.9474972985270335,-0.9405199603776421,nr
off_peak,,line_synth_redist_00494,,,10.242852324341472,0.627816377315737,-0.6256491726944549,nr
off_peak,,line_synth_redist_00495,,,5.124196861787338,0.31294558963267327,-0.31270358306192614,nr
off_peak,,line_synth_redist_00497,,,25.28193921128976,1.5762199977235773,-1.5737764211463332,nr
off_peak,,line_synth_redist_00498,,,20.271685367223125,1.2610728380845138,-1.2570796412781249,nr
off_peak,,line_synth_redist_00499,,,15.239115157308646,0.944376058216242,-0.9416538396934899,nr
off_peak,,line_synth_redist_00500,,,10.186158977370104,0.628950256631619,-0.626072519885797,nr
off_peak,,line_synth_redist_00501,,,5.100651406713297,0.3133689368239643,-0.31270358306190377,nr
off_peak,,line_synth_redist_00503,,,25.371755222673404,1.5801454516778082,-1.5763732104501125,nr
off_peak,,line_synth_redist_00504,,,20.355338384150905,1.263669627388308,-1.259339648023828,nr
off_peak,,line_synth_redist_00505,,,15.314731575373472,0.9466360649619225,-0.9423656119605304,nr
off_peak,,line_synth_redist_00506,,,10.242083244268622,0.6296620288986725,-0.6266325478248078,nr
off_peak,,line_synth_redist_00507,,,5.13505486630052,0.3139289647629219,-0.3127035830618715,nr
off_peak,,line_synth_redist_00509,,,25.327465753326468,1.5781798729936853,-1.571766853113213,nr
off_peak,,line_synth_redist_00510,,,20.299177330674222,1.2590632700513928,-1.2569385353488345,nr
off_peak,,line_synth_redist_00511,,,15.258988111036048,0.9442349522869876,-0.9397430507554712,nr
off_peak,,line_synth_redist_00512,,,10.185018130539513,0.6270394676935901,-0.6261057716785711,nr
off_peak,,line_synth_redist_00513,,,5.100458221826021,0.3134021886166674,-0.31270358306186197,nr
off_peak,,line_synth_redist_00515,,,25.302927049180184,1.577090338620082,-1.5675884875861414,nr
off_peak,,line_synth_redist_00516,,,20.260725336231825,1.254884904524306,-1.2535633659313836,nr
off_peak,,line_synth_redist_00517,,,15.211083315639481,0.9408597828695157,-0.9387281062352533,nr
off_peak,,line_synth_redist_00518,,,10.14538602809918,0.6260245231733867,-0.6255246725868348,nr
off_peak,,line_synth_redist_00519,,,5.0740257065196115,0.3128210895250055,-0.31270358306187807,nr
off_peak,,line_synth_redist_00521,,,25.356018815637515,1.579447198313882,-1.5764781452224759,nr
off_peak,,line_synth_redist_00522,,,20.343182541424838,1.263774562160511,-1.260032982153623,nr
off_peak,,line_synth_redist_00523,,,15.3094813073508,0.9473293990917586,-0.9407392495998639,nr
off_peak,,line_synth_redist_00524,,,10.22627216754246,0.6280356665380009,-0.6255434818691662,nr
off_peak,,line_synth_redist_00525,,,5.114694394960262,0.3128398988073444,-0.3127035830618787,nr
off_peak,,line_synth_redist_00527,,,24.968404949962856,1.5734894491617202,-1.5726716000447534,nr
off_peak,,line_synth_redist_00528,,,20.015403716898746,1.259968016983078,-1.2572313668535542,nr
off_peak,,line_synth_redist_00529,,,15.047298611331511,0.9445277837915877,-0.9401156727922675,nr
off_peak,,line_synth_redist_00530,,,10.046497852388574,0.6274120897303701,-0.6257820921135724,nr
off_peak,,line_synth_redist_00531,,,5.02745851200699,0.31307850905177853,-0.3127035830618927,nr
off_peak,,line_synth_redist_00533,,,25.040988198826653,1.576747582232464,-1.5699604103333151,nr
off_peak,,line_synth_redist_00534,,,20.06154772460204,1.2572568272713427,-1.2544919213935977,nr
off_peak,,line_synth_redist_00535,,,15.06673173244123,0.9417883383317813,-0.9400120201833935,nr
off_peak,,line_synth_redist_00536,,,10.058699148953663,0.6273084371215756,-0.6256156144542543,nr
off_peak,,line_synth_redist_00537,,,5.031693249112027,0.3129120313924471,-0.31270358306190776,nr
off_peak,,line_synth_redist_00539,,,25.218063896723287,1.5846828347763606,-1.5784514256471465,nr
off_peak,,line_synth_redist_00540,,,20.241266340350585,1.2657478425853064,-1.2618846354613964,nr
off_peak,,line_synth_redist_00541,,,15.243116327763198,0.9491810523995372,-0.9411637660408504,nr
off_peak,,line_synth_redist_00542,,,10.185142276095238,0.6284601829789841,-0.6257771888805087,nr
off_peak,,line_synth_redist_00543,,,5.096783027429465,0.31307360581861415,-0.3127035830618503,nr
off_peak,,line_synth_redist_00545,,,25.120643806001286,1.5803194972484584,-1.579902676388815,nr
off_peak,,line_synth_redist_00546,,,20.169481348369626,1.2671990933269837,-1.2579720827477492,nr
off_peak,,line_synth_redist_00547,,,15.16726983273019,0.9452684996858994,-0.9398026667669669,nr
off_peak,,line_synth_redist_00548,,,10.124246361540171,0.6270990837051047,-0.6259929833343149,nr
off_peak,,line_synth_redist_00549,,,5.068749998546266,0.31328940027244273,-0.3127035830618922,nr
off_peak,,line_synth_redist_00551,,,25.047169107187177,1.5702701765724456,-1.568110500243944,nr
off_peak,,line_synth_redist_00552,,,20.058260987176897,1.2554069171820765,-1.251866233662206,nr
off_peak,,line_synth_redist_00553,,,15.049589033386141,0.9391626505998654,-0.9389696731307018,nr
off_peak,,line_synth_redist_00554,,,10.03947788331291,0.6262660900692874,-0.6256187786948236,nr
off_peak,,line_synth_redist_00555,,,5.022113638581304,0.31291519563281406,-0.3127035830618465,nr
off_peak,,line_synth_redist_00557,,,25.111978805140538,1.5731711735707739,-1.5677459150491548,nr
off_peak,,line_synth_redist_00558,,,20.108531986707018,1.2550423319873305,-1.2529054844556837,nr
off_peak,,line_synth_redist_00559,,,15.093135907281793,0.9402019013936317,-0.9390909290473608,nr
off_peak,,line_synth_redist_00560,,,10.06943568707351,0.6263873459857271,-0.6259516284994573,nr
off_peak,,line_synth_redist_00561,,,5.0408437818310015,0.31324804543743606,-0.3127035830618537,nr
off_peak,,line_synth_redist_00563,,,19.9550655647374,1.252573929424244,-1.25219122364285,nr
off_peak,,line_synth_redist_00564,,,14.97397187462785,0.9394876405812804,-0.9387852141691988,nr
off_peak,,line_synth_redist_00565,,,9.987663487707929,0.6260816311072585,-0.6254764004071116,nr
off_peak,,line_synth_redist_00566,,,4.994604793306339,0.31277281734515316,-0.3127035830618222,nr
off_peak,,line_synth_redist_00568,,,25.203897475145286,1.5774579449667732,-1.5745716075253453,nr
off_peak,,line_synth_redist_00569,,,20.212652817989802,1.2618680244636096,-1.2605373012016412,nr
off_peak,,line_synth_redist_00570,,,15.214062727824288,0.9478337181397615,-0.9413043786947797,nr
off_peak,,line_synth_redist_00571,,,10.166786623000121,0.6286007956329182,-0.6258139296843005,nr
off_peak,,line_synth_redist_00572,,,5.0880148859256975,0.31311034662241544,-0.3127035830618888,nr
off_peak,,line_synth_redist_00574,,,20.070164441429093,1.2578723571337012,-1.2527739419302821,nr
off_peak,,line_synth_redist_00575,,,15.063601925825267,0.9400703588683909,-0.9385612946597668,nr
off_peak,,line_synth_redist_00576,,,10.045772401030158,0.6258577115978549,-0.6254111792474647,nr
off_peak,,line_synth_redist_00577,,,5.022931273707378,0.3127075961842099,-0.31270358306015883,nr
off_peak,,line_synth_redist_00579,,,25.174882188628317,1.5761609529327139,-1.5731884276138042,nr
off_peak,,line_synth_redist_00580,,,20.18322536745939,1.260484844551929,-1.2543798619287032,nr
off_peak,,line_synth_redist_00581,,,15.157485623150704,0.9416762788669009,-0.9391163199186409,nr
off_peak,,line_synth_redist_00582,,,10.112557730867518,0.6264127368567083,-0.6255983151867085,nr
off_peak,,line_synth_redist_00583,,,5.058439584781221,0.3128947321248694,-0.31270358306192936,nr
off_peak,,line_synth_redist_00585,,,25.229109634076575,1.5785845290091642,-1.5723027494738018,nr
off_peak,,line_synth_redist_00586,,,20.2227439284956,1.2595991664119093,-1.2557034528958853,nr
off_peak,,line_synth_redist_00587,,,15.194603023711602,0.9429998698339337,-0.9410037297282493,nr
off_peak,,line_synth_redist_00588,,,10.151524459000907,0.6283001466664293,-0.6264091323329782,nr
off_peak,,line_synth_redist_00589,,,5.087121979049053,0.31370554927109595,-0.31270358306187723,nr
off_peak,,line_synth_redist_00591,,,25.04065495807485,1.5752948231507564,-1.5722860090591937,nr
off_peak,,line_synth_redist_00592,,,20.07161119502711,1.259582425997229,-1.2535828647745118,nr
off_peak,,line_synth_redist_00593,,,15.06921165416043,0.9408792817126864,-0.9391574574512864,nr
off_peak,,line_synth_redist_00594,,,10.053971847651733,0.6264538743891875,-0.6262896600048686,nr
off_peak,,line_synth_redist_00595,,,5.036896298355987,0.31358607694298124,-0.3127035830618749,nr
off_peak,,line_synth_redist_00597,,,25.125586150529227,1.5791054907719055,-1.576685313150342,nr
off_peak,,line_synth_redist_00598,,,20.1592237440757,1.2639817300883047,-1.262695728419623,nr
off_peak,,line_synth_redist_00599,,,15.185832129842092,0.9499921453577457,-0.94298056741736,nr
off_peak,,line_synth_redist_00600,,,10.16048304924231,0.630276984355496,-0.6265149367296786,nr
off_peak,,line_synth_redist_00601,,,5.09281046631972,0.3138113536677856,-0.31270358306186996,nr
off_peak,,line_synth_redist_00772,,,25.350412221278646,1.579607753756404,-1.572379514315916,nr
off_peak,,line_synth_redist_00773,,,20.320320451012176,1.259675931253915,-1.2570027139874396,nr
off_peak,,line_synth_redist_00774,,,15.275243004271758,0.9442991309256391,-0.9407693901267524,nr
off_peak,,line_synth_redist_00775,,,10.20362976158938,0.6280658070648769,-0.6254510389378938,nr
off_peak,,line_synth_redist_00776,,,5.102315357889984,0.31274745587590835,-0.31270358306193646,nr
off_peak,,line_synth_redist_00778,,,25.29875626778701,1.5773139260062408,-1.5719892367439328,nr
off_peak,,line_synth_redist_00779,,,20.27716475704357,1.2592856536820884,-1.2556844552051873,nr
off_peak,,line_synth_redist_00780,,,15.235385802048699,0.9429808721433368,-0.9398439100419844,nr
off_peak,,line_synth_redist_00781,,,10.170025517833846,0.6271403269800798,-0.6260250280904849,nr
off_peak,,line_synth_redist_00782,,,5.092033430430095,0.31332144502862436,-0.31270358306188756,nr
off_peak,,line_synth_redist_00784,,,25.34153696005768,1.5792137524206515,-1.5782123938339538,nr
off_peak,,line_synth_redist_00785,,,20.339305995124445,1.265508810772069,-1.2564280534157972,nr
off_peak,,line_synth_redist_00786,,,15.286273738400036,0.9437244703539387,-0.9400810501305568,nr
off_peak,,line_synth_redist_00787,,,10.205790179194244,0.6273774670686314,-0.6264891887630046,nr
off_peak,,line_synth_redist_00788,,,5.115226979792956,0.3137856057011658,-0.31270358306186724,nr
off_peak,,line_synth_redist_00790,,,25.320787886670264,1.5782924527019526,-1.572239986441481,nr
off_peak,,line_synth_redist_00791,,,20.295948350783526,1.2595364033795104,-1.257069218175021,nr
off_peak,,line_synth_redist_00792,,,15.257296073227328,0.9443656351132792,-0.9421642388162179,nr
off_peak,,line_synth_redist_00793,,,10.20215602509626,0.6294606557542467,-0.6258446261289808,nr
off_peak,,line_synth_redist_00794,,,5.106065480586751,0.3131410430671401,-0.3127035830618931,nr
off_peak,,line_synth_redist_00796,,,25.11900468652229,1.5793277686746863,-1.571086621821846,nr
off_peak,,line_synth_redist_00797,,,20.129072197074272,1.258383038760003,-1.2550070833088236,nr
off_peak,,line_synth_redist_00798,,,15.120327497238614,0.9423035002469184,-0.9412527132390547,nr
off_peak,,line_synth_redist_00799,,,10.103762032333126,0.6285491301771651,-0.6258930372672796,nr
off_peak,,line_synth_redist_00800,,,5.0573667069159045,0.31318945420543426,-0.31270358306188417,nr
off_peak,,line_synth_redist_00802,,,25.06811863521832,1.5770575540461247,-1.5737411052495012,nr
off_peak,,line_synth_redist_00803,,,20.100082142820465,1.261037522187656,-1.2547571932272326,nr
off_peak,,line_synth_redist_00804,,,15.097154799271248,0.9420536101653745,-0.939787854271503,nr
off_peak,,line_synth_redist_00805,,,10.077333340066359,0.6270842712096856,-0.625876047153155,nr
off_peak,,line_synth_redist_00806,,,5.043946784788149,0.31317246409123456,-0.312703583061863,nr
off_peak,,line_synth_redist_00808,,,25.19873512685158,1.582881670396443,-1.5758962331921866,nr
off_peak,,line_synth_redist_00809,,,20.214406967357068,1.2631926501303403,-1.2551706189291585,nr
off_peak,,line_synth_redist_00810,,,15.185347007386852,0.9424670358672147,-0.9399757319515271,nr
off_peak,,line_synth_redist_00811,,,10.137614936528095,0.6272721488896613,-0.6258484607208076,nr
off_peak,,line_synth_redist_00812,,,5.0738068052742396,0.313144877658925,-0.3127035830618776,nr
off_peak,,line_synth_redist_00814,,,25.332723282788127,1.5817305304891534,-1.5760599679803882,nr
off_peak,,line_synth_redist_00815,,,20.322624002244243,1.2633563849184524,-1.2584689245066563,nr
off_peak,,line_synth_redist_00816,,,15.285225946615109,0.9457653414448147,-0.9420395297832693,nr
off_peak,,line_synth_redist_00817,,,10.219891239418855,0.629335946721352,-0.6256596231281876,nr
off_peak,,line_synth_redist_00818,,,5.112829453210247,0.31295604006627153,-0.3127035830618516,nr
off_peak,,line_synth_redist_00820,,,4.98295374822736,0.3127367437696275,-0.3127035830620695,nr
off_peak,,line_synth_redist_00822,,,25.07643791156127,1.570295115801944,-1.5675367573965007,nr
off_peak,,line_synth_redist_00823,,,20.079138447462004,1.2548331743344485,-1.2544611407732071,nr
off_peak,,line_synth_redist_00824,,,15.07977090827111,0.9417575577116514,-0.9396313355755405,nr
off_peak,,line_synth_redist_00825,,,10.064559969147174,0.6269277525136595,-0.6256403208815902,nr
off_peak,,line_synth_redist_00826,,,5.0349029018449345,0.31293673781984377,-0.3127035830619164,nr
off_peak,,line_synth_redist_00828,,,25.417360199262877,1.5854984828676875,-1.5806033271186877,nr
off_peak,,line_synth_redist_00829,,,20.410843373123054,1.2678997440568367,-1.2608762297913731,nr
off_peak,,line_synth_redist_00830,,,15.365148645427315,0.9481726467294811,-0.9413266416496806,nr
off_peak,,line_synth_redist_00831,,,10.267918731466889,0.6286230585878365,-0.6256142488440506,nr
off_peak,,line_synth_redist_00832,,,5.136336118469581,0.3129106657821775,-0.31270358306189244,nr
off_peak,,line_synth_redist_01181,,,25.336595161426605,1.5832148833428143,-1.5789845685380786,nr
off_peak,,line_synth_redist_01182,,,20.33878140073803,1.2662809854763086,-1.2564103486956328,nr
off_peak,,line_synth_redist_01183,,,15.285779579143826,0.9437067656337542,-0.9392998970062911,nr
off_peak,,line_synth_redist_01184,,,10.19954286208732,0.6265963139444047,-0.6258554975009235,nr
off_peak,,line_synth_redist_01185,,,5.104881474046491,0.31315191443906015,-0.3127035830618626,nr
off_peak,,line_synth_redist_01187,,,25.41010161399709,1.58648510275808,-1.5784362332620634,nr
off_peak,,line_synth_redist_01188,,,20.395337394192158,1.265732650200167,-1.2610556259447947,nr
off_peak,,line_synth_redist_01189,,,15.354484577829172,0.9483520428829275,-0.9420820999671364,nr
off_peak,,line_synth_redist_01190,,,10.266521030730253,0.629378516905254,-0.6257757620803457,nr
off_peak,,line_synth_redist_01191,,,5.137489693311096,0.3130721790185056,-0.31270358306191237,nr
off_peak,,line_synth_redist_01193,,,25.31761800365529,1.5823700971550931,-1.5727623006863996,nr
off_peak,,line_synth_redist_01194,,,20.29574974842991,1.2600587176245046,-1.2564036761041333,nr
off_peak,,line_synth_redist_01195,,,15.2534012155157,0.9437000930421966,-0.9410994434988619,nr
off_peak,,line_synth_redist_01196,,,10.191529403320432,0.6283958604370151,-0.6261405620312444,nr
off_peak,,line_synth_redist_01197,,,5.10411474438626,0.31343697896937617,-0.31270358306187085,nr
off_peak,,line_synth_redist_01199,,,25.040055205908807,1.569989562060378,-1.5680574102479987,nr
off_peak,,line_synth_redist_01200,,,20.05232741929793,1.25535382718611,-1.2524017103480836,nr
off_peak,,line_synth_redist_01201,,,15.04813306239262,0.9396981272862407,-0.9385577905310046,nr
off_peak,,line_synth_redist_01202,,,10.035430181488568,0.6258542074689014,-0.6255123606169796,nr
off_peak,,line_synth_redist_01203,,,5.0188952330196,0.3128087775551275,-0.3127035830617522,nr
off_peak,,line_synth_redist_01205,,,24.492848965438288,1.5738979411374856,-1.5716804064577687,nr
off_peak,,line_synth_redist_01206,,,19.629882541419914,1.2589768233958871,-1.2555380360335509,nr
off_peak,,line_synth_redist_01207,,,14.748247699149527,0.9428344529716696,-0.9391300911175274,nr
off_peak,,line_synth_redist_01208,,,9.839628886237607,0.6264265080556485,-0.6256432398091871,nr
off_peak,,line_synth_redist_01209,,,4.922410836246868,0.3129396567472934,-0.31270358306184415,nr
off_peak,,line_synth_redist_01211,,,4.848646352550014,0.3127252927544376,-0.3127035830615815,nr
off_peak,,line_synth_redist_01213,,,24.570693747529752,1.5774611919212813,-1.5766194711244308,nr
off_peak,,line_synth_redist_01214,,,19.7137270143054,1.2639158880623544,-1.2579570877489077,nr
off_peak,,line_synth_redist_01215,,,14.824464811310195,0.9452535046870335,-0.9427499834537942,nr
off_peak,,line_synth_redist_01216,,,9.917015886221623,0.630046400391893,-0.6259947007545927,nr
off_peak,,line_synth_redist_01217,,,4.965018136203417,0.31329111769269097,-0.3127035830618558,nr
off_peak,,line_synth_redist_01219,,,24.633180192281255,1.5803186678296341,-1.5754403224042524,nr
off_peak,,line_synth_redist_01220,,,19.758737042534342,1.2627367393423783,-1.2559046787982844,nr
off_peak,,line_synth_redist_01221,,,14.847069737341165,0.9432010957363848,-0.939790615332728,nr
off_peak,,line_synth_redist_01222,,,9.91042216282003,0.6270870322708783,-0.6256791819865135,nr
off_peak,,line_synth_redist_01223,,,4.958224182577429,0.31297559892469207,-0.3127035830619058,nr
off_peak,,line_synth_redist_01245,,,9.236434129777345,0.5803589672298013,-0.5791631435060548,nr
off_peak,,line_synth_redist_01246,,,7.394182184425582,0.4635562070899427,-0.4632966775660335,nr
off_peak,,line_synth_redist_01247,,,5.550486591603648,0.34768974114979995,-0.3472614557912015,nr
off_peak,,line_synth_redist_01248,,,3.7036083990442066,0.23165451937500897,-0.23127327089711855,nr
off_peak,,line_synth_redist_01249,,,1.8524693589527828,0.11566633448092692,-0.11560693641619667,nr
off_peak,,line_synth_redist_01251,,,9.243874337877442,0.580692927152459,-0.5795516889114842,nr
off_peak,,line_synth_redist_01252,,,7.40186948081886,0.4639447524952941,-0.46335754570445264,nr
off_peak,,line_synth_redist_01253,,,5.5565966229928865,0.3477506092882695,-0.34721558799424745,nr
off_peak,,line_synth_redist_01254,,,3.7073434635039275,0.2316086515780605,-0.23124151948369065,nr
off_peak,,line_synth_redist_01255,,,1.853981669095392,0.11563458306751007,-0.11560693641620565,nr
off_peak,,line_synth_redist_01257,,,9.238458593081427,0.5804498460369906,-0.5789464601649418,nr
off_peak,,line_synth_redist_01258,,,7.394837173029662,0.46333952374883125,-0.46319977020821973,nr
off_peak,,line_synth_redist_01259,,,5.550438081197652,0.34759283379204303,-0.34708803373391617,nr
off_peak,,line_synth_redist_01260,,,3.7022843721675773,0.23148109731771688,-0.2312300253044009,nr
off_peak,,line_synth_redist_01261,,,1.8513230249777881,0.11562308888812234,-0.11560693641614538,nr
off_peak,,line_synth_redist_01263,,,10.354844263344157,0.5802360188766864,-0.5790220618501948,nr
off_peak,,line_synth_redist_01264,,,8.288815294582278,0.46341512543401836,-0.4628965790278437,nr
off_peak,,line_synth_redist_01265,,,6.219547003659574,0.3472896426117327,-0.34703927186611583,nr
off_peak,,line_synth_redist_01266,,,4.148189991533074,0.2314323354499004,-0.23123254694227294,nr
off_peak,,line_synth_redist_01267,,,2.0743292451403104,0.11562561052610963,-0.1156069364161616,nr
off_peak,,line_synth_redist_01269,,,10.387383478789348,0.5815369813023403,-0.5798535138608903,nr
off_peak,,line_synth_redist_01270,,,8.31902377962118,0.4642465774446962,-0.46325345998057965,nr
off_peak,,line_synth_redist_01271,,,6.244453420503899,0.34764652356448517,-0.34736608264052116,nr
off_peak,,line_synth_redist_01272,,,4.1675396888383,0.23175914622430419,-0.2313145683937768,nr
off_peak,,line_synth_redist_01273,,,2.085038565626513,0.11570763197762893,-0.11560693641615656,nr
off_peak,,line_synth_redist_01275,,,10.356810817372617,0.5803146840554919,-0.5786955900846357,nr
off_peak,,line_synth_redist_01276,,,8.288757419655589,0.46308865366856855,-0.46287360206103617,nr
off_peak,,line_synth_redist_01277,,,6.219359826900954,0.347266665644723,-0.3469504430043878,nr
off_peak,,line_synth_redist_01278,,,4.147323202398291,0.2313435065881919,-0.2312368491846629,nr
off_peak,,line_synth_redist_01279,,,2.073949754380659,0.1156299127686323,-0.11560693641620118,nr
off_peak,,line_synth_redist_01281,,,10.339390828971547,0.5796176791419574,-0.5786215348494552,nr
off_peak,,line_synth_redist_01282,,,8.274446059121907,0.4630145984332405,-0.462740308154554,nr
off_peak,,line_synth_redist_01283,,,6.2077887683189745,0.3471333717384678,-0.3470369248811002,nr
off_peak,,line_synth_redist_01284,,,4.14032815413605,0.2314299884650682,-0.23122496864837674,nr
off_peak,,line_synth_redist_01285,,,2.070303003050905,0.1156180322322292,-0.11560693641616984,nr
off_peak,,line_synth_redist_01287,,,8.838144971335309,0.580632059303155,-0.5794989183671696,nr
off_peak,,line_synth_redist_01288,,,7.076764164934192,0.46389198195097425,-0.4630379843596727,nr
off_peak,,line_synth_redist_01289,,,5.310834488719971,0.3474310479434444,-0.34697426530829883,nr
off_peak,,line_synth_redist_01290,,,3.5416513285456577,0.23136732889220094,-0.2312740862828715,nr
off_peak,,line_synth_redist_01291,,,1.771470466729596,0.11566714986664965,-0.11560693641620455,nr
off_peak,,line_synth_redist_01293,,,8.825187130646233,0.5800235479575412,-0.5794704868108208,nr
off_peak,,line_synth_redist_01294,,,7.066267844676916,0.46386355039471694,-0.4629035443196889,nr
off_peak,,line_synth_redist_01295,,,5.302240591542246,0.34729660790344097,-0.34695768570525365,nr
off_peak,,line_synth_redist_01296,,,3.535802214722598,0.23135074928911267,-0.2312327386179255,nr
off_peak,,line_synth_redist_01297,,,1.7681028243618426,0.11562580220171527,-0.11560693641620211,nr
off_peak,,line_synth_redist_01299,,,8.836202231429887,0.5805408459706197,-0.5801377369886623,nr
off_peak,,line_synth_redist_01300,,,7.077925455115375,0.4645308005724998,-0.46383590255624146,nr
off_peak,,line_synth_redist_01301,,,5.315960220001301,0.34822896614005167,-0.3472656972151069,nr
off_peak,,line_synth_redist_01302,,,3.547148968098647,0.23165876079894263,-0.23131599852740584,nr
off_peak,,line_synth_redist_01303,,,1.7746696722814457,0.11570906211119114,-0.1156069364161689,nr
off_peak,,line_synth_redist_01305,,,8.827800779311504,0.5801463116942854,-0.5794911468443055,nr
off_peak,,line_synth_redist_01306,,,7.068448446200488,0.4638842104281288,-0.46333236738606637,nr
off_peak,,line_synth_redist_01307,,,5.306162750178275,0.3477254309698095,-0.34713050944025714,nr
off_peak,,line_synth_redist_01308,,,3.5396489989122566,0.23152357302412474,-0.23123056577248569,nr
off_peak,,line_synth_redist_01309,,,1.7700031792418387,0.11562362935626148,-0.11560693641613143,nr
off_peak,,line_synth_redist_01311,,,5.282683091483256,0.3469662849070165,-0.3468995925202987,nr
off_peak,,line_synth_redist_01312,,,3.522348010156704,0.23129265610421043,-0.2312156694865154,nr
off_peak,,line_synth_redist_01313,,,1.7611931431606145,0.11560873307124128,-0.11560693641670439,nr
off_peak,,line_synth_redist_01315,,,8.819729543237619,0.5789149178223857,-0.5786373772309045,nr
off_peak,,line_synth_redist_01316,,,7.058353375612262,0.4630304408146186,-0.46268521159889586,nr
off_peak,,line_synth_redist_01317,,,5.2951383301444475,0.34707827518273493,-0.34689682928204274,nr
off_peak,,line_synth_redist_01318,,,3.530633162185278,0.23128989286592955,-0.2312405069527633,nr
off_peak,,line_synth_redist_01319,,,1.7656009360357963,0.11563357053657634,-0.11560693641616915,nr
off_peak,,line_synth_redist_01321,,,8.837989008886064,0.5797706968884211,-0.5789379360598965,nr
off_peak,,line_synth_redist_01322,,,7.0742487114723325,0.4633309996435338,-0.4631885329821441,nr
off_peak,,line_synth_redist_01323,,,5.309749940032341,0.3475815965661205,-0.3470788517080566,nr
off_peak,,line_synth_redist_01324,,,3.541673766732001,0.23147191529188388,-0.23127227063674227,nr
off_peak,,line_synth_redist_01325,,,1.7714622500436623,0.11566533422056557,-0.1156069364161968,nr
off_peak,,line_synth_redist_01327,,,8.83288925269621,0.5795317443913167,-0.57931753207224,nr
off_peak,,line_synth_redist_01328,,,7.071783795968112,0.46371059565621875,-0.46328754467782396,nr
off_peak,,line_synth_redist_01329,,,5.308427657573142,0.3476806082616641,-0.34747715487123315,nr
off_peak,,line_synth_redist_01330,,,3.5436276752532456,0.2318702184550413,-0.23132661099615745,nr
off_peak,,line_synth_redist_01331,,,1.7730215956082442,0.1157196745799912,-0.11560693641619063,nr
off_peak,,line_synth_redist_01333,,,9.175154325743657,0.5812735074731542,-0.5809474533659784,nr
off_peak,,line_synth_redist_01334,,,7.352999008969828,0.4653405169498241,-0.46385894451347237,nr
off_peak,,line_synth_redist_01335,,,5.5226849249058905,0.34825200809728146,-0.3472897889218118,nr
off_peak,,line_synth_redist_01336,,,3.6852673796968003,0.23168285250564064,-0.23132946692078887,nr
off_peak,,line_synth_redist_01337,,,1.843921529771159,0.11572253050460825,-0.1156069364161957,nr
off_peak,,line_synth_redist_01339,,,9.143590647456602,0.5798441607751057,-0.5793406540241378,nr
off_peak,,line_synth_redist_01340,,,7.320639311553754,0.46373371760773324,-0.46363893014251784,nr
off_peak,,line_synth_redist_01341,,,5.497168336867212,0.3480319937263141,-0.34725746122591244,nr
off_peak,,line_synth_redist_01342,,,3.668001894829551,0.23165052480975334,-0.23128440781711682,nr
off_peak,,line_synth_redist_01343,,,1.8347832025706001,0.11567747140088779,-0.11560693641617384,nr
off_peak,,line_synth_redist_01345,,,9.141965132343541,0.5797705044530657,-0.5796994168876726,nr
off_peak,,line_synth_redist_01346,,,7.3209178725580015,0.46409248047050994,-0.4631478191136781,nr
off_peak,,line_synth_redist_01347,,,5.494668752008909,0.3475408826974687,-0.34731036811393057,nr
off_peak,,line_synth_redist_01348,,,3.6667239378713914,0.23170343169785598,-0.231276023800945,nr
off_peak,,line_synth_redist_01349,,,1.8340510193998127,0.11566908738475391,-0.11560693641618663,nr
off_peak,,line_synth_redist_01351,,,9.17532698776428,0.5812813217829021,-0.5797802315579001,nr
off_peak,,line_synth_redist_01352,,,7.347991138092334,0.46417329514168854,-0.46322501057183335,nr
off_peak,,line_synth_redist_01353,,,5.515416071866046,0.34761807415569246,-0.34741533105665745,nr
off_peak,,line_synth_redist_01354,,,3.6813452859991593,0.23180839464050051,-0.23132251501094597,nr
off_peak,,line_synth_redist_01355,,,1.8418817676680503,0.11571557859474706,-0.11560693641618017,nr
off_peak,,line_synth_redist_01576,,,8.829996433736701,0.5798488897991879,-0.5792686336313012,nr
off_peak,,line_synth_redist_01577,,,7.069259607111614,0.4636616972150948,-0.4631655268062458,nr
off_peak,,line_synth_redist_01578,,,5.305882619392388,0.3475585903900742,-0.3471719901725483,nr
off_peak,,line_synth_redist_01579,,,3.5397574988736378,0.23156505375634007,-0.23130140757228412,nr
off_peak,,line_synth_redist_01580,,,1.7708155491453492,0.11569447115610816,-0.11560693641619244,nr
off_peak,,line_synth_redist_01582,,,8.815975074837375,0.5791911175841821,-0.578948399169388,nr
off_peak,,line_synth_redist_01583,,,7.056672468744958,0.46334146275324467,-0.4632501873407603,nr
off_peak,,line_synth_redist_01584,,,5.2968856545242184,0.34764325092448384,-0.34733129387603523,nr
off_peak,,line_synth_redist_01585,,,3.534887180871581,0.2317243574598954,-0.2312635682659146,nr
off_peak,,line_synth_redist_01586,,,1.7679747594245712,0.11565663184976548,-0.11560693641620859,nr
off_peak,,line_synth_redist_01588,,,8.824560787510233,0.579593934577872,-0.5792880727768804,nr
off_peak,,line_synth_redist_01589,,,7.0649905481097495,0.4636811363606772,-0.46334697498971306,nr
off_peak,,line_synth_redist_01590,,,5.303644733476958,0.34774003857356844,-0.34716615442848264,nr
off_peak,,line_synth_redist_01591,,,3.5382229860323413,0.23155921801230323,-0.23129791928824234,nr
off_peak,,line_synth_redist_01592,,,1.770010580207008,0.11569098287204047,-0.11560693641618777,nr
off_peak,,line_synth_redist_01616,,,8.826450225295467,0.5786166386519296,-0.5783292278046578,nr
off_peak,,line_synth_redist_01617,,,7.062417579458051,0.4627222913881,-0.4626051654385038,nr
off_peak,,line_synth_redist_01618,,,5.297760206256038,0.34699822902253347,-0.34684100741127116,nr
off_peak,,line_synth_redist_01619,,,3.5319839527823307,0.23123407099472915,-0.23122732170697594,nr
off_peak,,line_synth_redist_01620,,,1.7661356216230586,0.11562038529155844,-0.11560693641637555,nr
off_peak,,line_synth_redist_01622,,,8.875670573883367,0.5809192460872749,-0.5797865033104165,nr
off_peak,,line_synth_redist_01623,,,7.108040363490148,0.46417956689424833,-0.46330853351476137,nr
off_peak,,line_synth_redist_01624,,,5.335756053108932,0.3477015970985507,-0.34696466162240225,nr
off_peak,,line_synth_redist_01625,,,3.558202016148091,0.23135772520618172,-0.2312477920317537,nr
off_peak,,line_synth_redist_01626,,,1.7794659609697043,0.1156408556156044,-0.1156069364161884,nr
off_peak,,line_synth_redist_01628,,,8.841580646123903,0.5793249331102015,-0.5791797914609815,nr
off_peak,,line_synth_redist_01629,,,7.078155141015842,0.46357285504479057,-0.46293417973826184,nr
off_peak,,line_synth_redist_01630,,,5.311323986518836,0.34732724332226567,-0.34724587820356195,nr
off_peak,,line_synth_redist_01631,,,3.543914174983356,0.23163894178721578,-0.23134132472443317,nr
off_peak,,line_synth_redist_01632,,,1.7733225246432793,0.11573438830827709,-0.11560693641619965,nr
off_peak,,line_synth_redist_01634,,,8.833799973788025,0.578960751865513,-0.5787415725868756,nr
off_peak,,line_synth_redist_01635,,,7.070058325639428,0.4631346361707434,-0.4627579929903525,nr
off_peak,,line_synth_redist_01636,,,5.304307940855208,0.3471510565742172,-0.3469221071741835,nr
off_peak,,line_synth_redist_01637,,,3.536927314447716,0.23131517075818725,-0.23127916434095042,nr
off_peak,,line_synth_redist_01638,,,1.7691618956999289,0.11567222792455373,-0.11560693641618071,nr
off_peak,,line_synth_redist_01640,,,9.164310205899222,0.5799454259693376,-0.5793210076921046,nr
off_peak,,line_synth_redist_01641,,,7.337141242809151,0.4637140712759566,-0.4632068165926268,nr
off_peak,,line_synth_redist_01642,,,5.507171482411699,0.3475998801764692,-0.3469815242293378,nr
off_peak,,line_synth_redist_01643,,,3.6726368309278015,0.23137458781311152,-0.23131946451761806,nr
off_peak,,line_synth_redist_01644,,,1.8374908203871918,0.115712528101517,-0.11560693641618065,nr
off_peak,,line_synth_redist_01646,,,9.169352741485506,0.5801734075178985,-0.5792245151224851,nr
off_peak,,line_synth_redist_01647,,,7.340751861780935,0.46361757870629144,-0.4631327711730739,nr
off_peak,,line_synth_redist_01648,,,5.509471728149254,0.3475258347569421,-0.34716352469451894,nr
off_peak,,line_synth_redist_01649,,,3.675517002297937,0.23155658827832143,-0.23125004788479075,nr
off_peak,,line_synth_redist_01650,,,1.8381605560596803,0.11564311146858508,-0.11560693641617809,nr
off_peak,,line_synth_redist_01652,,,9.185349218984783,0.5808963519776373,-0.5798428057702181,nr
off_peak,,line_synth_redist_01653,,,7.356294011355621,0.46423586935402633,-0.46279601624186945,nr
off_peak,,line_synth_redist_01654,,,5.519267334672566,0.347189079825674,-0.34706124192663496,nr
off_peak,,line_synth_redist_01655,,,3.6812941681595523,0.23145430551038448,-0.23130568410620203,nr
off_peak,,line_synth_redist_01656,,,1.8416689264628743,0.11569874768996567,-0.11560693641617269,nr
off_peak,,line_synth_redist_01658,,,9.165885383758557,0.5800166470308072,-0.5789879307422997,nr
off_peak,,line_synth_redist_01659,,,7.33693004755592,0.4633809943261452,-0.46286346747786417,nr
off_peak,,line_synth_redist_01660,,,5.505112582843213,0.347256531061725,-0.34692974255574294,nr
off_peak,,line_synth_redist_01661,,,3.670880878064379,0.23132280613939635,-0.23130839417039756,nr
off_peak,,line_synth_redist_01662,,,1.8364894598299424,0.11570145775429745,-0.11560693641618684,nr
off_peak,,line_synth_redist_01664,,,9.026925094698138,0.5810037646611906,-0.5796381910759038,nr
off_peak,,line_synth_redist_01665,,,7.228527276762517,0.46403125465970263,-0.4631349793101119,nr
off_peak,,line_synth_redist_01666,,,5.425255583673412,0.3475280428939109,-0.34709770192944583,nr
off_peak,,line_synth_redist_01667,,,3.618854851545668,0.2314907655132511,-0.23122318020037647,nr
off_peak,,line_synth_redist_01668,,,1.8095292825116664,0.11561624378413177,-0.11560693641613602,nr
off_peak,,line_synth_redist_01670,,,9.010056577840702,0.580228263796072,-0.579699494540046,nr
off_peak,,line_synth_redist_01671,,,7.215285374464021,0.46409255812391675,-0.46282746348120574,nr
off_peak,,line_synth_redist_01672,,,5.413642930388124,0.34722052706527523,-0.34710665304247823,nr
off_peak,,line_synth_redist_01673,,,3.611173810653075,0.23149971662606555,-0.231276288215274,nr
off_peak,,line_synth_redist_01674,,,1.8062684033676841,0.11566935179911277,-0.11560693641617849,nr
off_peak,,line_synth_redist_01676,,,9.010445280278137,0.5802461393034174,-0.5793574844921783,nr
off_peak,,line_synth_redist_01677,,,7.214112136588311,0.46375054807582644,-0.46371603315109666,nr
off_peak,,line_synth_redist_01678,,,5.417594252396073,0.34810909673533463,-0.3473852711943952,nr
off_peak,,line_synth_redist_01679,,,3.61583437669623,0.23177833477819337,-0.2313170090613344,nr
off_peak,,line_synth_redist_01680,,,1.8090446267248845,0.11571007264515747,-0.11560693641619156,nr
off_peak,,line_synth_redist_01682,,,9.00755152031826,0.5801130557760427,-0.5794421505062635,nr
off_peak,,line_synth_redist_01683,,,7.212162800041144,0.4638352140900947,-0.4634043846436182,nr
off_peak,,line_synth_redist_01684,,,5.414437996765528,0.34779744822740244,-0.347499215761375,nr
off_peak,,line_synth_redist_01685,,,3.6145546669227144,0.23189227934517576,-0.23134572520362642,nr
off_peak,,line_synth_redist_01686,,,1.8087180528395943,0.11573878878745965,-0.11560693641619164,nr
off_peak,,line_synth_redist_01688,,,8.933373772248594,0.5794843461648947,-0.5781945777863488,nr
off_peak,,line_synth_redist_01689,,,7.1473900100067755,0.46258764137015135,-0.46250455952687414,nr
off_peak,,line_synth_redist_01690,,,5.360957528832971,0.34689762311048555,-0.34687522080095523,nr
off_peak,,line_synth_redist_01691,,,3.574363698799433,0.2312682843848129,-0.23122615166357,nr
off_peak,,line_synth_redist_01692,,,1.7873145716468646,0.11561921524725116,-0.11560693641616761,nr
off_peak,,line_synth_redist_01694,,,8.962863459462277,0.5808477178027793,-0.5796995935689577,nr
off_peak,,line_synth_redist_01695,,,7.177493384655695,0.46409265715268233,-0.46357871116954935,nr
off_peak,,line_synth_redist_01696,,,5.389352719249017,0.3479717747534387,-0.3471730070594731,nr
off_peak,,line_synth_redist_01697,,,3.595450953309989,0.231566070643274,-0.23122080693826583,nr
off_peak,,line_synth_redist_01698,,,1.7978008709608682,0.11561387052198376,-0.11560693641614149,nr
off_peak,,line_synth_redist_01700,,,8.944876261041726,0.5800163152654915,-0.5796410323557243,nr
off_peak,,line_synth_redist_01701,,,7.1628369396854,0.4640340959396909,-0.46326443863894823,nr
off_peak,,line_synth_redist_01702,,,5.376651867304079,0.3476575022226939,-0.3473388811499643,nr
off_peak,,line_synth_redist_01703,,,3.58817402240993,0.23173194473379333,-0.23134179134247293,nr
off_peak,,line_synth_redist_01704,,,1.7954745608511617,0.11573485492629362,-0.11560693641619287,nr
off_peak,,line_synth_redist_01706,,,8.932898560271038,0.5794623633851893,-0.579299670165348,nr
off_peak,,line_synth_redist_01707,,,7.151776288931553,0.4636927337495322,-0.46354037054324393,nr
off_peak,,line_synth_redist_01708,,,5.369836105538865,0.3479334341267419,-0.3470954242750314,nr
off_peak,,line_synth_redist_01709,,,3.5818715028025956,0.2314884878588872,-0.23122448297651543,nr
off_peak,,line_synth_redist_01710,,,1.7910506782129985,0.11561754656030045,-0.11560693641618681,nr
off_peak,,line_synth_redist_01712,,,8.999543225961368,0.5791435808891114,-0.5785171580748513,nr
off_peak,,line_synth_redist_01713,,,7.201734051566813,0.46291022165858997,-0.4627139225754111,nr
off_peak,,line_synth_redist_01714,,,5.402857905474813,0.3471069861592119,-0.3469284322303086,nr
off_peak,,line_synth_redist_01715,,,3.602686614794877,0.2313214958140486,-0.2312243811207019,nr
off_peak,,line_synth_redist_01716,,,1.8014577924233353,0.1156174447047037,-0.11560693641626323,nr
off_peak,,line_synth_redist_01718,,,9.041264087444386,0.5810566910239475,-0.5799163737936524,nr
off_peak,,line_synth_redist_01719,,,7.2412202679970745,0.464309437377551,-0.4640033026948087,nr
off_peak,,line_synth_redist_01720,,,5.439516243028752,0.3483963662785254,-0.34751696624770245,nr
off_peak,,line_synth_redist_01721,,,3.6314256949145833,0.2319100298315306,-0.23133384412075134,nr
off_peak,,line_synth_redist_01722,,,1.817029909385302,0.11572690770456669,-0.11560693641618068,nr
off_peak,,line_synth_redist_01724,,,9.010205333980458,0.5796327825824098,-0.5787840427868794,nr
off_peak,,line_synth_redist_01725,,,7.211427647517079,0.4631771063707659,-0.46277598758301236,nr
off_peak,,line_synth_redist_01726,,,5.4104681966634605,0.3471690511667536,-0.34696993795286957,nr
off_peak,,line_synth_redist_01727,,,3.608062896393093,0.23136300153667133,-0.23134386425609169,nr
off_peak,,line_synth_redist_01728,,,1.8054492901227115,0.11573692783999023,-0.11560693641618738,nr
off_peak,,line_synth_redist_01730,,,9.011182232189016,0.5796775948612728,-0.5787827954452299,nr
off_peak,,line_synth_redist_01731,,,7.21220409330192,0.463175859029084,-0.4626655645077953,nr
off_peak,,line_synth_redist_01732,,,5.410449268212205,0.34705862809163845,-0.3468559223750477,nr
off_peak,,line_synth_redist_01733,,,3.6072215011988527,0.2312489859589286,-0.23122057739499355,nr
off_peak,,line_synth_redist_01734,,,1.803683887787408,0.1156136409786291,-0.11560693641607947,nr
off_peak,,line_synth_redist_01736,,,9.039842162810888,0.580218613017101,-0.5792548788157619,nr
off_peak,,line_synth_redist_01737,,,7.237201307401269,0.4636479423995962,-0.4632636122620062,nr
off_peak,,line_synth_redist_01738,,,5.432467604878114,0.3476566758458668,-0.34696795831908256,nr
off_peak,,line_synth_redist_01739,,,3.6227191318773277,0.23136102190288402,-0.23132157604075204,nr
off_peak,,line_synth_redist_01740,,,1.8125391545130007,0.11571463962454222,-0.1156069364161896,nr
off_peak,,line_synth_redist_01742,,,9.048531258090305,0.5806161990020747,-0.5792223756037028,nr
off_peak,,line_synth_redist_01743,,,7.2440159039947325,0.4636154391875411,-0.4633855498107774,nr
off_peak,,line_synth_redist_01744,,,5.438248509703098,0.34777861339460225,-0.3472529599963302,nr
off_peak,,line_synth_redist_01745,,,3.628654629577778,0.2316460235801402,-0.23130362166903246,nr
off_peak,,line_synth_redist_01746,,,1.8153119252598764,0.11569668525283933,-0.11560693641617725,nr
off_peak,,line_synth_redist_01748,,,9.02116326403141,0.5793634780767909,-0.5790075558551957,nr
off_peak,,line_synth_redist_01749,,,7.2211711137099535,0.4634006194390457,-0.462726546650023,nr
off_peak,,line_synth_redist_01750,,,5.41750875344347,0.3471196102339541,-0.3470429314569389,nr
off_peak,,line_synth_redist_01751,,,3.613289061682693,0.23143599504070883,-0.23125612557012218,nr
off_peak,,line_synth_redist_01752,,,1.8071061753159308,0.11564918915390557,-0.11560693641614615,nr
off_peak,,line_synth_redist_01754,,,9.00304529486418,0.580536048936227,-0.5800888852538796,nr
off_peak,,line_synth_redist_01755,,,7.211357655786478,0.46448194883762933,-0.4633501950780053,nr
off_peak,,line_synth_redist_01756,,,5.413539114162875,0.3477432586618038,-0.3472204900653563,nr
off_peak,,line_synth_redist_01757,,,3.611931555276964,0.2316135536491668,-0.23127816754694536,nr
off_peak,,line_synth_redist_01758,,,1.806667939096477,0.11567123113075836,-0.11560693641617832,nr
off_peak,,line_synth_redist_01760,,,9.010084980658602,0.5808596604723779,-0.5802442395534356,nr
off_peak,,line_synth_redist_01761,,,7.217669393964258,0.4646373031371872,-0.4632455208856155,nr
off_peak,,line_synth_redist_01762,,,5.417707918598358,0.34763858446948787,-0.3473024928318461,nr
off_peak,,line_synth_redist_01763,,,3.615308913934151,0.2316955564156337,-0.2313230609552398,nr
off_peak,,line_synth_redist_01764,,,1.808847857377585,0.11571612453905006,-0.11560693641617957,nr
off_peak,,line_synth_redist_01766,,,8.989058527352839,0.5798928243271263,-0.5793977946042795,nr
off_peak,,line_synth_redist_01767,,,7.197163703544374,0.46379085818817645,-0.46354598728908775,nr
off_peak,,line_synth_redist_01768,,,5.403945208388544,0.34793905087288307,-0.3470397686257402,nr
off_peak,,line_synth_redist_01769,,,3.6042197017387756,0.2314328322095705,-0.23129089879234138,nr
off_peak,,line_synth_redist_01770,,,1.8029492228508046,0.11568396237613161,-0.11560693641618248,nr
off_peak,,line_synth_redist_01772,,,9.012079500312211,0.5809513319567249,-0.5795171769469531,nr
off_peak,,line_synth_redist_01773,,,7.216114023844372,0.46391024053078156,-0.4631134714334316,nr
off_peak,,line_synth_redist_01774,,,5.415821970756345,0.3475065350172008,-0.3470264959704658,nr
off_peak,,line_synth_redist_01775,,,3.6120445161149135,0.23141955955427745,-0.23122909189523763,nr
off_peak,,line_synth_redist_01776,,,1.806188494124585,0.11562215547897936,-0.1156069364161034,nr
off_peak,,line_synth_redist_01778,,,10.195432581240347,0.5812397292869611,-0.5802870843729603,nr
off_peak,,line_synth_redist_01779,,,8.167420580475044,0.4646801479567613,-0.4636652900336218,nr
off_peak,,line_synth_redist_01780,,,6.133190039451981,0.3480583536174362,-0.3473552465201938,nr
off_peak,,line_synth_redist_01781,,,4.0931935547135065,0.23174831010401856,-0.2313182953786605,nr
off_peak,,line_synth_redist_01782,,,2.0478889720936264,0.11571135896249263,-0.11560693641615703,nr
off_peak,,line_synth_redist_01784,,,10.163232759575278,0.5799312180144528,-0.5791682169069791,nr
off_peak,,line_synth_redist_01785,,,8.136151161845929,0.4635612804906646,-0.4634103463640781,nr
off_peak,,line_synth_redist_01786,,,6.108146857936057,0.34780340994806197,-0.34752893530235196,nr
off_peak,,line_synth_redist_01787,,,4.077902011510438,0.23192199888612186,-0.2312801292287933,nr
off_peak,,line_synth_redist_01788,,,2.0397679347649684,0.11567319281263995,-0.11560693641618235,nr
off_peak,,line_synth_redist_01790,,,2.0211036143913743,0.11561909158487826,-0.11560693641624308,nr
off_peak,,line_synth_redist_01792,,,10.171262326966193,0.5802576510110735,-0.5800343388957084,nr
off_peak,,line_synth_redist_01793,,,8.146822068411549,0.4644274024792653,-0.4634686637429385,nr
off_peak,,line_synth_redist_01794,,,6.116515832166833,0.3478617273267874,-0.3471724775841842,nr
off_peak,,line_synth_redist_01795,,,4.080565961123215,0.23156554116802106,-0.23135170559640314,nr
off_peak,,line_synth_redist_01796,,,2.041983188123791,0.1157447691802387,-0.11560693641616789,nr
off_peak,,line_synth_redist_01798,,,10.035857143405192,0.5817069725413135,-0.5797852288470937,nr
off_peak,,line_synth_redist_01799,,,8.037164338061134,0.46417829243091024,-0.46353691800658664,nr
off_peak,,line_synth_redist_01800,,,6.0345995275238735,0.34792998159042465,-0.34719266783609953,nr
off_peak,,line_synth_redist_01801,,,4.02607989324078,0.23158573141988645,-0.23125453146993769,nr
off_peak,,line_synth_redist_01802,,,2.0135349262293705,0.1156475950537534,-0.11560693641615877,nr
off_peak,,line_synth_redist_01804,,,10.010856748936922,0.5806741144184611,-0.5796205145906285,nr
off_peak,,line_synth_redist_01805,,,8.016348983823665,0.46401357817440053,-0.4630399319371128,nr
off_peak,,line_synth_redist_01806,,,6.015967893188686,0.34743299552091655,-0.3469782196161242,nr
off_peak,,line_synth_redist_01807,,,4.011917602478982,0.23137128319995082,-0.23124667196847423,nr
off_peak,,line_synth_redist_01808,,,2.006356703535572,0.11563973555231746,-0.11560693641620902,nr
off_peak,,line_synth_redist_01810,,,10.006714086952881,0.5805028802357391,-0.579364988666663,nr
off_peak,,line_synth_redist_01811,,,8.011799794584967,0.46375805225043515,-0.4632182990773152,nr
off_peak,,line_synth_redist_01812,,,6.013631570838623,0.3476113626611416,-0.34739094507915974,nr
off_peak,,line_synth_redist_01813,,,4.013689943601433,0.23178400866298038,-0.2313394404420521,nr
off_peak,,line_synth_redist_01814,,,2.008368554622474,0.11573250402587926,-0.11560693641618035,nr
off_peak,,line_synth_redist_01816,,,9.905721406411388,0.5804825370675764,-0.5794408768802516,nr
off_peak,,line_synth_redist_01817,,,7.931303031234413,0.4638339404640304,-0.4633058504863128,nr
off_peak,,line_synth_redist_01818,,,5.953734362792631,0.34769891407033615,-0.34761780509661644,nr
off_peak,,line_synth_redist_01819,,,3.9755223201019643,0.23201086868040569,-0.23130126735268253,nr
off_peak,,line_synth_redist_01820,,,1.988811600332199,0.11569433093649836,-0.11560693641618042,nr
off_peak,,line_synth_redist_01822,,,9.898305832780926,0.5801728224709252,-0.5791180412786185,nr
off_peak,,line_synth_redist_01823,,,7.923825032940249,0.4635111048624572,-0.4632119398729528,nr
off_peak,,line_synth_redist_01824,,,5.9475600053619075,0.3476050034568285,-0.34712173016901254,nr
off_peak,,line_synth_redist_01825,,,3.967443883714029,0.23151479375281103,-0.23125267857693552,nr
off_peak,,line_synth_redist_01826,,,1.9841874864144002,0.11564574216074153,-0.11560693641617642,nr
off_peak,,line_synth_redist_01828,,,9.903675649613835,0.5803971031549378,-0.5793774770531246,nr
off_peak,,line_synth_redist_01829,,,7.9293624586706715,0.46377054063700573,-0.4632775134870821,nr
off_peak,,line_synth_redist_01830,,,5.952108299932481,0.3476705770708627,-0.34728808710673365,nr
off_peak,,line_synth_redist_01831,,,3.971806436326011,0.23168115069059217,-0.2312658207227445,nr
off_peak,,line_synth_redist_01832,,,1.9865270877458165,0.11565888430656339,-0.11560693641619331,nr
off_peak,,line_synth_redist_01834,,,9.94110184313697,0.579529914339657,-0.5793108850807982,nr
off_peak,,line_synth_redist_01835,,,7.959008606687772,0.46370394866501446,-0.46367923217636636,nr
off_peak,,line_synth_redist_01836,,,5.9767700151411685,0.34807229576041987,-0.3469673775791852,nr
off_peak,,line_synth_redist_01837,,,3.985690358246903,0.23136044116300838,-0.23124926764832035,nr
off_peak,,line_synth_redist_01838,,,1.9932717605750119,0.11564233123213963,-0.11560693641618335,nr
off_peak,,line_synth_redist_01840,,,9.969196275463755,0.5806965892337096,-0.5804072368225078,nr
off_peak,,line_synth_redist_01841,,,7.986761404867994,0.46480030040625075,-0.46330374955639475,nr
off_peak,,line_synth_redist_01842,,,5.995352256542584,0.347696813140213,-0.347124143203609,nr
off_peak,,line_synth_redist_01843,,,3.9993441188273757,0.23151720678740684,-0.23129771029518628,nr
off_peak,,line_synth_redist_01844,,,2.000685794251206,0.11569077387896724,-0.11560693641617903,nr
off_peak,,line_synth_redist_01846,,,9.965774497783073,0.580554554156684,-0.5798907222916648,nr
off_peak,,line_synth_redist_01847,,,7.98154499471225,0.4642837858754376,-0.46298446934120097,nr
off_peak,,line_synth_redist_01848,,,5.989514836219535,0.3473775329252445,-0.3473329575050344,nr
off_peak,,line_synth_redist_01849,,,3.9971280047345426,0.23172602108872728,-0.2312964272766119,nr
off_peak,,line_synth_redist_01850,,,1.9995616739673285,0.11568949086044981,-0.11560693641619671,nr
off_peak,,line_synth_redist_01852,,,9.960737914764163,0.580345459300971,-0.5790415094992633,nr
off_peak,,line_synth_redist_01853,,,7.97343565751821,0.4634345730830735,-0.4630890169929963,nr
off_peak,,line_synth_redist_01854,,,5.984058273656318,0.34748208057680324,-0.3472035345188057,nr
off_peak,,line_synth_redist_01855,,,3.9924477341731937,0.2315965981026586,-0.23125598610292306,nr
off_peak,,line_synth_redist_01856,,,1.996732270513195,0.1156490496867784,-0.11560693641620279,nr
off_peak,,line_synth_redist_01858,,,9.393990703364913,0.5802527291352252,-0.5796801928357175,nr
off_peak,,line_synth_redist_01859,,,7.5226538843175845,0.46407325641954716,-0.4636587047855294,nr
off_peak,,line_synth_redist_01860,,,5.648975816730057,0.3480517683693309,-0.3472065428158148,nr
off_peak,,line_synth_redist_01861,,,3.7689100119851973,0.23159960639961424,-0.23127539074053036,nr
off_peak,,line_synth_redist_01862,,,1.8851560463879597,0.11566845432437436,-0.1156069364161968,nr
off_peak,,line_synth_redist_01864,,,9.377837138630444,0.5795412364622597,-0.5791792030191601,nr
off_peak,,line_synth_redist_01865,,,7.5074542983955315,0.46357226660290946,-0.46293408105598294,nr
off_peak,,line_synth_redist_01866,,,5.633462016727387,0.34732714463982656,-0.34697949694752794,nr
off_peak,,line_synth_redist_01867,,,3.756842451825974,0.23137256053141061,-0.231250935012101,nr
off_peak,,line_synth_redist_01868,,,1.8788422535305542,0.115643998595857,-0.11560693641614786,nr
off_peak,,line_synth_redist_01871,,,9.39420208735763,0.5802620368578668,-0.5796527641924198,nr
off_peak,,line_synth_redist_01872,,,7.522699084405474,0.46404582777628445,-0.46324011126672426,nr
off_peak,,line_synth_redist_01873,,,5.646637822090259,0.3476331748505377,-0.3470908791722266,nr
off_peak,,line_synth_redist_01874,,,3.766473632219875,0.23148394275602047,-0.23130996170576795,nr
off_peak,,line_synth_redist_01875,,,1.8843309991870043,0.11570302528960677,-0.11560693641619366,nr
off_peak,,line_synth_redist_01877,,,10.370914622211034,0.5818845125946868,-0.5813439450658145,nr
off_peak,,line_synth_redist_01878,,,8.313256544577095,0.4657370086496228,-0.46389013647340016,nr
off_peak,,line_synth_redist_01879,,,6.244109446959949,0.3482832000572207,-0.34754804041981274,nr
off_peak,,line_synth_redist_01880,,,4.1688327439285695,0.23194110400366524,-0.23133315829182463,nr
off_peak,,line_synth_redist_01881,,,2.0859197027775873,0.11572622187568063,-0.11560693641615731,nr
off_peak,,line_synth_redist_01883,,,10.327936148668556,0.580165670477737,-0.5787332451864047,nr
off_peak,,line_synth_redist_01884,,,8.265836256147303,0.46312630877022326,-0.4627847507452269,nr
off_peak,,line_synth_redist_01885,,,6.2016067814966105,0.3471778143290617,-0.346996423897572,nr
off_peak,,line_synth_redist_01886,,,4.135867746668799,0.23138948748140523,-0.23123548927255608,nr
off_peak,,line_synth_redist_01887,,,2.068204223718235,0.1156285528564506,-0.11560693641621277,nr
off_peak,,line_synth_redist_01889,,,10.297873891945438,0.5789619190505079,-0.5788385602723406,nr
off_peak,,line_synth_redist_01890,,,8.24229989508913,0.46323162385624356,-0.4626845705929464,nr
off_peak,,line_synth_redist_01891,,,6.183324581899745,0.34707763417685217,-0.3469848572881323,nr
off_peak,,line_synth_redist_01892,,,4.123579246985941,0.2313779208718159,-0.2312354093954364,nr
off_peak,,line_synth_redist_01893,,,2.0620581746439934,0.11562847297939256,-0.11560693641620282,nr
off_peak,,line_synth_redist_01895,,,10.319820704471084,0.5798408321716985,-0.5797217321318624,nr
off_peak,,line_synth_redist_01896,,,8.264259638501832,0.46411479571566405,-0.4632691457308427,nr
off_peak,,line_synth_redist_01897,,,6.203443888832881,0.3476622093146925,-0.3469719212735907,nr
off_peak,,line_synth_redist_01898,,,4.136888772088916,0.2313649848574253,-0.23124280467469405,nr
off_peak,,line_synth_redist_01899,,,2.0688063096049882,0.1156358682584674,-0.11560693641613647,nr
off_peak,,line_synth_redist_01901,,,9.279595383601054,0.580979710545144,-0.5796299048696423,nr
off_peak,,line_synth_redist_01902,,,7.430822055378925,0.4640229684534461,-0.4634888452949582,nr
off_peak,,line_synth_redist_01903,,,5.57906635749741,0.3478819088788075,-0.3471170072709281,nr
off_peak,,line_synth_redist_01904,,,3.721597147465553,0.23151007085472983,-0.231271646801379,nr
off_peak,,line_synth_redist_01905,,,1.8614486914724515,0.11566471038522613,-0.11560693641619584,nr
off_peak,,line_synth_redist_01907,,,9.246428382216841,0.5794985512673226,-0.5790782916922953,nr
off_peak,,line_synth_redist_01908,,,7.4018046259382615,0.4634713552760685,-0.4631832996048007,nr
off_peak,,line_synth_redist_01909,,,5.555575816041308,0.3475763631885377,-0.34703490463602066,nr
off_peak,,line_synth_redist_01910,,,3.7053150917186426,0.23142796821988193,-0.23129872003170637,nr
off_peak,,line_synth_redist_01911,,,1.8536080605850886,0.11569178361549996,-0.115606936416192,nr
off_peak,,line_synth_redist_01913,,,9.310733295049776,0.5805161922770796,-0.5797282240347775,nr
off_peak,,line_synth_redist_01914,,,7.456197146292309,0.4641212876186224,-0.463627473118184,nr
off_peak,,line_synth_redist_01915,,,5.598896268164607,0.3480205367020101,-0.34735170000149507,nr
off_peak,,line_synth_redist_01916,,,3.7365877601461137,0.2317447635853099,-0.23131330655785146,nr
off_peak,,line_synth_redist_01917,,,1.8694171564440185,0.11570637014165967,-0.11560693641616436,nr
off_peak,,line_synth_redist_01919,,,9.32111230948562,0.5809774210374871,-0.5795828130914317,nr
off_peak,,line_synth_redist_01920,,,7.46385616338434,0.4639758766752753,-0.463489319785134,nr
off_peak,,line_synth_redist_01921,,,5.6038710559747225,0.34788238336893706,-0.34721301953537614,nr
off_peak,,line_synth_redist_01922,,,3.738865503037199,0.2316060831191859,-0.23124947525367834,nr
off_peak,,line_synth_redist_01923,,,1.8698352626257704,0.115642538837521,-0.11560693641619631,nr
off_peak,,line_synth_redist_01925,,,9.286088943469402,0.5794203215304369,-0.5790669442825442,nr
off_peak,,line_synth_redist_01926,,,7.433502241571166,0.4634600078663541,-0.4631971348447007,nr
off_peak,,line_synth_redist_01927,,,5.579444649634835,0.3475901984284012,-0.3473591216609995,nr
off_peak,,line_synth_redist_01928,,,3.7236616712415773,0.23175218524481186,-0.23132866084770562,nr
off_peak,,line_synth_redist_01929,,,1.8631230216440982,0.11572172443153544,-0.11560693641619486,nr
off_peak,,line_synth_redist_01931,,,9.276010398668678,0.5789718646996217,-0.5786208054852024,nr
off_peak,,line_synth_redist_01932,,,7.4234367545091215,0.46301386906899783,-0.46255450498593864,nr
off_peak,,line_synth_redist_01933,,,5.568288827081756,0.34694756856981157,-0.3468863259876074,nr
off_peak,,line_synth_redist_01934,,,3.7126828152414437,0.23127938957138097,-0.23125529255323302,nr
off_peak,,line_synth_redist_01935,,,1.8568064003389795,0.11564835613716377,-0.11560693641617373,nr
off_peak,,line_synth_redist_01937,,,35.426003171466164,2.231827001469914,-2.2259922646596575,nr
off_peak,,line_synth_redist_01938,,,28.425900523083424,1.7846129543149682,-1.767118293756249,nr
off_peak,,line_synth_redist_01939,,,21.328430864222565,1.3257389834114188,-1.3246792173287811,nr
off_peak,,line_synth_redist_01940,,,14.22301682573964,0.883299906984137,-0.8829856520106975,nr
off_peak,,line_synth_redist_01941,,,7.114065689638546,0.4416063416657198,-0.4413793103447632,nr
off_peak,,line_synth_redist_01943,,,35.59878874688015,2.239582169437182,-2.231648240420378,nr
off_peak,,line_synth_redist_01944,,,28.589625666450697,1.7902689300755652,-1.7780281337971793,nr
off_peak,,line_synth_redist_01945,,,21.512628030837877,1.3366488234523555,-1.3287295976741595,nr
off_peak,,line_synth_redist_01946,,,14.376430162730799,0.8873502873293859,-0.8834797925375674,nr
off_peak,,line_synth_redist_01947,,,7.196422868020824,0.4421004821927491,-0.4413793103448251,nr
off_peak,,line_synth_redist_01949,,,35.46255521602808,2.2334686219419964,-2.227495128674024,nr
off_peak,,line_synth_redist_01950,,,28.46187995104396,1.7861158183291546,-1.7750223924873534,nr
off_peak,,line_synth_redist_01951,,,21.399740659341912,1.3336430821425862,-1.3273942866143253,nr
off_peak,,line_synth_redist_01952,,,14.29097779580521,0.8860149762694889,-0.8830078591057661,nr
off_peak,,line_synth_redist_01953,,,7.148309681715307,0.4416285487609929,-0.4413793103448478,nr
off_peak,,line_synth_redist_01955,,,35.94520278957541,2.255093147374216,-2.2379556463168817,nr
off_peak,,line_synth_redist_01956,,,28.895940837919014,1.7965763359721019,-1.788427525799287,nr
off_peak,,line_synth_redist_01957,,,21.801619950918198,1.3470482154544476,-1.3309874325726487,nr
off_peak,,line_synth_redist_01958,,,14.586766710728478,0.8896081222278398,-0.8850164512182543,nr
off_peak,,line_synth_redist_01959,,,7.319425287502877,0.4436371408734366,-0.4413793103448166,nr
off_peak,,line_synth_redist_01961,,,35.691815130631724,2.2320799242979703,-2.224787151532118,nr
off_peak,,line_synth_redist_01962,,,28.633815877773422,1.783407841187376,-1.7770960931350985,nr
off_peak,,line_synth_redist_01963,,,21.540655218821055,1.33571678279014,-1.3328462303230364,nr
off_peak,,line_synth_redist_01964,,,14.426126591433752,0.8914669199783735,-0.884430480874472,nr
off_peak,,line_synth_redist_01965,,,7.232142879728576,0.44305117052962595,-0.4413793103447919,nr
off_peak,,line_synth_redist_01967,,,35.94917109676346,2.2435173482244637,-2.223171768592933,nr
off_peak,,line_synth_redist_01968,,,28.8330182428377,1.7817924582481202,-1.7782597327108127,nr
off_peak,,line_synth_redist_01969,,,21.69707833526967,1.3368804223660171,-1.3307848899994168,nr
off_peak,,line_synth_redist_01970,,,14.51528679549107,0.8894055796545918,-0.8849613229376204,nr
off_peak,,line_synth_redist_01971,,,7.282926056804147,0.44358201259282487,-0.44137931034481614,nr
off_peak,,line_synth_redist_01973,,,35.64549653169597,2.2300184967101675,-2.2187551739842486,nr
off_peak,,line_synth_redist_01974,,,28.569722319234263,1.7773758636394013,-1.7713399622015267,nr
off_peak,,line_synth_redist_01975,,,21.46014276166143,1.3299606518566751,-1.3263909658025086,nr
off_peak,,line_synth_redist_01976,,,14.323760145790532,0.8850116554577884,-0.8833584890410441,nr
off_peak,,line_synth_redist_01977,,,7.168682901570186,0.44197917869614367,-0.44137931034475714,nr
off_peak,,line_synth_redist_01979,,,7.018519598229486,0.44156367107820854,-0.44137931034487093,nr
off_peak,,line_synth_redist_01981,,,36.197346968449956,2.2440782794409007,-2.2339204081141517,nr
off_peak,,line_synth_redist_01982,,,29.080544806524255,1.7925410977693486,-1.7824142449671536,nr
off_peak,,line_synth_redist_01983,,,21.906930786276817,1.3410349346223547,-1.3344073079019099,nr
off_peak,,line_synth_redist_01984,,,14.683328151424476,0.8930279975571297,-0.884185917255297,nr
off_peak,,line_synth_redist_01985,,,7.3582461813127535,0.442806606910483,-0.4413793103448167,nr
off_peak,,line_synth_redist_01987,,,35.547635991834625,2.2155250020088797,-2.213539525294693,nr
off_peak,,line_synth_redist_01988,,,28.467959125507342,1.7721602149495836,-1.7713805684997836,nr
off_peak,,line_synth_redist_01989,,,21.383930996264095,1.3300012581551004,-1.3250049073914072,nr
off_peak,,line_synth_redist_01990,,,14.262477214775164,0.8836255970466944,-0.8830181954731401,nr
off_peak,,line_synth_redist_01991,,,7.134170492265514,0.44163888512812544,-0.44137931034478317,nr
off_peak,,line_synth_redist_01993,,,36.16316925766378,2.2425806794300915,-2.2300927365165966,nr
off_peak,,line_synth_redist_01994,,,29.035887593155536,1.7887134261717499,-1.773759485315744,nr
off_peak,,line_synth_redist_01995,,,21.824121673055473,1.332380174970944,-1.3260676966865137,nr
off_peak,,line_synth_redist_01996,,,14.564223627133515,0.8846883863416362,-0.8837679410003397,nr
off_peak,,line_synth_redist_01997,,,7.293746554193936,0.4423886306555682,-0.44137931034481553,nr
off_peak,,line_synth_redist_01999,,,36.04550945566772,2.2374213616969887,-2.230533523085219,nr
off_peak,,line_synth_redist_02000,,,28.94339383696452,1.7891542127405655,-1.7777764016170272,nr
off_peak,,line_synth_redist_02001,,,21.77739959529627,1.3363970912721859,-1.33151157366979,nr
off_peak,,line_synth_redist_02002,,,14.574545463509333,0.8901322633249382,-0.884666905645063,nr
off_peak,,line_synth_redist_02003,,,7.309270484021696,0.4432875953002433,-0.44137931034481953,nr
off_peak,,line_synth_redist_02005,,,34.58536384459887,2.221124776565902,-2.2153374778212163,nr
off_peak,,line_synth_redist_02006,,,27.70516796873741,1.7739581674763858,-1.769305106073539,nr
off_peak,,line_synth_redist_02007,,,20.79961994982272,1.3279257957286785,-1.326900159928419,nr
off_peak,,line_synth_redist_02008,,,13.88660565326901,0.8855208495838979,-0.8828501912119826,nr
off_peak,,line_synth_redist_02009,,,6.944309982975246,0.4414708808670587,-0.44137931034480066,nr
off_peak,,line_synth_redist_02011,,,34.945839792911016,2.237576409136199,-2.2292519031494353,nr
off_peak,,line_synth_redist_02012,,,28.054819812709002,1.7878725928046617,-1.7784639572876237,nr
off_peak,,line_synth_redist_02013,,,21.112598462051995,1.337084646942839,-1.3306402069236083,nr
off_peak,,line_synth_redist_02014,,,14.123204519989443,0.8892608965787322,-0.8849669773781378,nr
off_peak,,line_synth_redist_02015,,,7.086265032857467,0.44358766703333485,-0.4413793103448164,nr
off_peak,,line_synth_redist_02017,,,35.0122022528852,2.2405988654709152,-2.2196970221504966,nr
off_peak,,line_synth_redist_02018,,,28.06627868586145,1.7783177118058766,-1.7755031812560818,nr
off_peak,,line_synth_redist_02019,,,21.10494583361149,1.3341238709111614,-1.3279026078093585,nr
off_peak,,line_synth_redist_02020,,,14.097871399333679,0.8865232974645652,-0.8844803298600995,nr
off_peak,,line_synth_redist_02021,,,7.068136346844923,0.44310101951530334,-0.4413793103448241,nr
off_peak,,line_synth_redist_02023,,,34.759954559886566,2.2291000723052115,-2.2207472153742502,nr
off_peak,,line_synth_redist_02024,,,27.868651843089193,1.7793679050294462,-1.775299488401024,nr
off_peak,,line_synth_redist_02025,,,20.955223200135677,1.3339201780561851,-1.3292328201030663,nr
off_peak,,line_synth_redist_02026,,,14.007619060216198,0.887853509758298,-0.8848408155101993,nr
off_peak,,line_synth_redist_02027,,,7.026875273151824,0.4434615051653683,-0.4413793103448171,nr
off_peak,,line_synth_redist_02053,,,35.88867453060141,2.246225987795318,-2.238363050708753,nr
off_peak,,line_synth_redist_02054,,,28.852306185269427,1.7969837403640072,-1.787374928964879,nr
off_peak,,line_synth_redist_02055,,,21.76281281544036,1.3459956186200341,-1.3322013982668506,nr
off_peak,,line_synth_redist_02056,,,14.570018949433116,0.8908220879220409,-0.8854115070465279,nr
off_peak,,line_synth_redist_02057,,,7.315563523720351,0.4440321967017138,-0.44137931034481726,nr
off_peak,,line_synth_redist_02059,,,35.74616973582646,2.239864940635539,-2.235360359054973,nr
off_peak,,line_synth_redist_02060,,,28.724456213227135,1.7939810487099876,-1.7779905966775715,nr
off_peak,,line_synth_redist_02061,,,21.61387201456278,1.3366112863327169,-1.3276009658769168,nr
off_peak,,line_synth_redist_02062,,,14.435543283967741,0.8862216555321164,-0.8832313498864739,nr
off_peak,,line_synth_redist_02063,,,7.223175007127212,0.4418520395416027,-0.4413793103448076,nr
off_peak,,line_synth_redist_02065,,,6.9978881155917785,0.4414343639729586,-0.44137931034480143,nr
off_peak,,line_synth_redist_02067,,,35.55450636461428,2.2314128505123416,-2.228171500009455,nr
off_peak,,line_synth_redist_02068,,,28.538677011825342,1.7867921896645667,-1.7720599455757273,nr
off_peak,,line_synth_redist_02069,,,21.440868091102203,1.3306806352310108,-1.3294368340107332,nr
off_peak,,line_synth_redist_02070,,,14.333780968059258,0.8880575236657064,-0.8829175029603611,nr
off_peak,,line_synth_redist_02071,,,7.168694162043973,0.44153819261555693,-0.44137931034481664,nr
off_peak,,line_synth_redist_02073,,,35.52758554769326,2.2302080236309543,-2.2262399119804805,nr
off_peak,,line_synth_redist_02074,,,28.50850880489166,1.7848606016357345,-1.7762239377198012,nr
off_peak,,line_synth_redist_02075,,,21.44151769700017,1.334844627375003,-1.324719522673458,nr
off_peak,,line_synth_redist_02076,,,14.298733621294692,0.8833402123286533,-0.8829885932323297,nr
off_peak,,line_synth_redist_02077,,,7.151971001579784,0.4416092828875542,-0.4413793103447348,nr
off_peak,,line_synth_redist_02079,,,36.09335832182018,2.2554658417794617,-2.2340825220495217,nr
off_peak,,line_synth_redist_02080,,,28.997727361417002,1.7927032117047272,-1.782698791155994,nr
off_peak,,line_synth_redist_02081,,,21.84615021607235,1.3413194808111406,-1.33280373855079,nr
off_peak,,line_synth_redist_02082,,,14.630398194608354,0.8914244282059951,-0.8840073862253497,nr
off_peak,,line_synth_redist_02083,,,7.3296567434832705,0.4426280758805172,-0.441379310344811,nr
off_peak,,line_synth_redist_02085,,,6.99970662141179,0.4415394276886824,-0.4413793103449762,nr
off_peak,,line_synth_redist_02159,,,35.053633065362334,2.244338649631795,-2.2294171395150046,nr
off_peak,,line_synth_redist_02160,,,28.142078405976477,1.7880378291701002,-1.7785105099945981,nr
off_peak,,line_synth_redist_02161,,,21.178520969370616,1.3371311996498234,-1.330897292066218,nr
off_peak,,line_synth_redist_02162,,,14.169204570823945,0.8895179817213664,-0.8835857390370886,nr
off_peak,,line_synth_redist_02163,,,7.093879425789871,0.442206428692251,-0.44137931034479144,nr
off_peak,,line_synth_redist_02165,,,34.91190510001179,2.2378660320688923,-2.227434328363199,nr
off_peak,,line_synth_redist_02166,,,28.019669159885886,1.7860550180183365,-1.7751015658122122,nr
off_peak,,line_synth_redist_02167,,,21.067689284752394,1.3337222554674661,-1.3290664747070118,nr
off_peak,,line_synth_redist_02168,,,14.081571273652887,0.8876871643621275,-0.8835344813833597,nr
off_peak,,line_synth_redist_02169,,,7.049434378388661,0.44215517103860563,-0.44137931034482636,nr
off_peak,,line_synth_redist_02171,,,34.9047857872588,2.2375406694795488,-2.217751256056465,nr
off_peak,,line_synth_redist_02172,,,27.971643830583776,1.776371945711627,-1.770889625296198,nr
off_peak,,line_synth_redist_02173,,,21.00841499349448,1.329510314951249,-1.327137181040088,nr
off_peak,,line_synth_redist_02174,,,14.027751940443197,0.8857578706953179,-0.8831160791442659,nr
off_peak,,line_synth_redist_02175,,,7.017846702900544,0.4417367687993367,-0.4413793103447232,nr
off_peak,,line_synth_redist_02177,,,34.759443099188594,2.2308934724833867,-2.2186266421090557,nr
off_peak,,line_synth_redist_02178,,,27.858993027462237,1.777247331764201,-1.7715390750345024,nr
off_peak,,line_synth_redist_02179,,,20.92737084234071,1.3301597646897358,-1.3273404740718344,nr
off_peak,,line_synth_redist_02180,,,13.97512922116885,0.8859611637269007,-0.8835691241020244,nr
off_peak,,line_synth_redist_02181,,,6.996530992016975,0.4421898137572608,-0.441379310344842,nr
off_peak,,line_synth_redist_02203,,,35.92056070838382,2.2408520423846756,-2.226990128315337,nr
off_peak,,line_synth_redist_02204,,,28.82720789447469,1.7856108179705226,-1.7753680891674877,nr
off_peak,,line_synth_redist_02205,,,21.676376410630592,1.333988778822653,-1.330211250476177,nr
off_peak,,line_synth_redist_02206,,,14.497093449292493,0.8888319401314005,-0.8839601521157422,nr
off_peak,,line_synth_redist_02207,,,7.262331267514073,0.4425808417709037,-0.44137931034480066,nr
off_peak,,line_synth_redist_02209,,,35.708271559348745,2.231422513012884,-2.216983572435787,nr
off_peak,,line_synth_redist_02210,,,28.61208723893171,1.7756042620910295,-1.7718168952471944,nr
off_peak,,line_synth_redist_02211,,,21.494651872945177,1.3304375849022885,-1.3273853788204155,nr
off_peak,,line_synth_redist_02212,,,14.354293387185901,0.8860060684756544,-0.883622975380803,nr
off_peak,,line_synth_redist_02213,,,7.186967845450626,0.44224366503600687,-0.4413793103448298,nr
off_peak,,line_synth_redist_02215,,,35.97333412691784,2.2431932594908126,-2.2366381396934316,nr
off_peak,,line_synth_redist_02216,,,28.912691269597595,1.7952588293487308,-1.777975385417939,nr
off_peak,,line_synth_redist_02217,,,21.755424440140086,1.3365960750731016,-1.3274156968870827,nr
off_peak,,line_synth_redist_02218,,,14.528670596178348,0.8860363865422384,-0.8840511320453024,nr
off_peak,,line_synth_redist_02219,,,7.279194866335105,0.44267182170050845,-0.4413793103448141,nr
off_peak,,line_synth_redist_02221,,,35.936768097034225,2.2415711813906816,-2.228336075879222,nr
off_peak,,line_synth_redist_02222,,,28.846245636386698,1.7869567655343688,-1.7785100698617557,nr
off_peak,,line_synth_redist_02223,,,21.70844453654272,1.337130759517004,-1.3312922833836964,nr
off_peak,,line_synth_redist_02224,,,14.526736062287975,0.889912973038841,-0.8840060165209568,nr
off_peak,,line_synth_redist_02225,,,7.277707508830404,0.44262670617614486,-0.44137931034481304,nr
off_peak,,line_synth_redist_02227,,,20.82226217563364,1.3253343288441997,-1.3207248643960054,nr
off_peak,,line_synth_redist_02228,,,16.69863498741806,1.0584297824288147,-1.0534437735815283,nr
off_peak,,line_synth_redist_02229,,,12.547619156004309,0.7911486916142612,-0.7882026581982727,nr
off_peak,,line_synth_redist_02230,,,8.374858999851517,0.5259075762310299,-0.5248307851471734,nr
off_peak,,line_synth_redist_02231,,,4.19011468670679,0.2625357031798814,-0.262295081967233,nr
off_peak,,line_synth_redist_02233,,,20.851661360730024,1.3266678559380267,-1.3216480142116038,nr
off_peak,,line_synth_redist_02234,,,16.72626495200234,1.0593529322443875,-1.055455254366558,nr
off_peak,,line_synth_redist_02235,,,12.57949759687523,0.7931601723993057,-0.7889810626903041,nr
off_peak,,line_synth_redist_02236,,,8.40191684571808,0.5266859807230562,-0.5247579784199212,nr
off_peak,,line_synth_redist_02237,,,4.202837356906749,0.2624628964526666,-0.2622950819672587,nr
off_peak,,line_synth_redist_02239,,,20.78651599304854,1.323712053686374,-1.322865861818595,nr
off_peak,,line_synth_redist_02240,,,16.679330768052587,1.0605707798514934,-1.0524387411415035,nr
off_peak,,line_synth_redist_02241,,,12.527561232486548,0.790143659174271,-0.7878290150687749,nr
off_peak,,line_synth_redist_02242,,,8.35870482884919,0.5255339331014484,-0.5250319750036734,nr
off_peak,,line_synth_redist_02243,,,4.184271974076393,0.26273689303644643,-0.262295081967235,nr
off_peak,,line_synth_redist_02246,,,20.759457636614638,1.3236608112932018,-1.3209064694169053,nr
off_peak,,line_synth_redist_02247,,,16.64906239897061,1.0586113874497383,-1.0523773837923502,nr
off_peak,,line_synth_redist_02248,,,12.504488524501328,0.7900823018250857,-0.7882492342501385,nr
off_peak,,line_synth_redist_02249,,,8.346415713570252,0.5259541522829375,-0.5249057225640335,nr
off_peak,,line_synth_redist_02250,,,4.176717001745206,0.2626106405967645,-0.2622950819672273,nr
off_peak,,line_synth_redist_02252,,,20.731705997294934,1.3223990999484636,-1.3209929398567999,nr
off_peak,,line_synth_redist_02253,,,16.627183187285933,1.058697857889517,-1.0551388379673428,nr
off_peak,,line_synth_redist_02254,,,12.503244140212352,0.7928437560000978,-0.7882059330117753,nr
off_peak,,line_synth_redist_02255,,,8.345265261859982,0.5259108510445193,-0.5249000847593844,nr
off_peak,,line_synth_redist_02256,,,4.1760786310683775,0.26260500279218035,-0.2622950819672572,nr
off_peak,,line_synth_redist_02258,,,20.729277109722013,1.3222886448747173,-1.3159894432356452,nr
off_peak,,line_synth_redist_02259,,,16.60331859417334,1.0536943612685359,-1.0519061829949972,nr
off_peak,,line_synth_redist_02260,,,12.467537384934845,0.7896111010277838,-0.7876066998392728,nr
off_peak,,line_synth_redist_02261,,,8.317016197858049,0.5253116178719809,-0.524683851112069,nr
off_peak,,line_synth_redist_02262,,,4.159546566032504,0.2623887691448384,-0.26229508196728013,nr
off_peak,,line_synth_redist_02399,,,20.865401097181334,1.316492924585017,-1.315741875240833,nr
off_peak,,line_synth_redist_02400,,,16.711253119300466,1.0534467932739329,-1.0512274347400175,nr
off_peak,,line_synth_redist_02401,,,12.544820795220094,0.788932352772825,-0.7884571040595891,nr
off_peak,,line_synth_redist_02402,,,8.374876646218148,0.5261620220924015,-0.5249041699302079,nr
off_peak,,line_synth_redist_02403,,,4.190942116287278,0.26260908796289334,-0.262295081967229,nr
off_peak,,line_synth_redist_02405,,,20.93847632898836,1.3197789090233278,-1.3152107563686966,nr
off_peak,,line_synth_redist_02406,,,16.767420325984247,1.0529156744017152,-1.051846408398398,nr
off_peak,,line_synth_redist_02407,,,12.590429872603423,0.7895513264309216,-0.7877131199952307,nr
off_peak,,line_synth_redist_02408,,,8.399789507280087,0.5254180380280412,-0.5247786773228796,nr
off_peak,,line_synth_redist_02409,,,4.20200485233093,0.26248359535570154,-0.26229508196727025,nr
off_peak,,line_synth_redist_02411,,,20.956370644604732,1.3205829671255367,-1.319008834725808,nr
off_peak,,line_synth_redist_02412,,,16.798599553009062,1.0567137527586612,-1.0525536762023038,nr
off_peak,,line_synth_redist_02413,,,12.617781956994653,0.7902585942350474,-0.7888342323765292,nr
off_peak,,line_synth_redist_02414,,,8.426394155732684,0.5265391504093128,-0.5249914508715294,nr
off_peak,,line_synth_redist_02415,,,4.21770182179967,0.2626963689042551,-0.2622950819672385,nr
off_peak,,line_synth_redist_02417,,,21.07137654066287,1.3257450655550975,-1.3222020218272863,nr
off_peak,,line_synth_redist_02418,,,16.90496609997076,1.0599069398600012,-1.0541243671082188,nr
off_peak,,line_synth_redist_02419,,,12.706465340357575,0.7918292851410519,-0.7892432317847238,nr
off_peak,,line_synth_redist_02420,,,8.488683837175575,0.5269481498174297,-0.5251007939429839,nr
off_peak,,line_synth_redist_02421,,,4.250115679864562,0.2628057119757603,-0.2622950819672453,nr
off_peak,,line_synth_redist_02423,,,20.650726005253883,1.3252893732954991,-1.3196559625660644,nr
off_peak,,line_synth_redist_02424,,,16.556415905949333,1.0573608805988128,-1.0546539208664878,nr
off_peak,,line_synth_redist_02425,,,12.447377978407664,0.7923588388992028,-0.7880700825073961,nr
off_peak,,line_synth_redist_02426,,,8.306978303911615,0.5257750005401921,-0.5250146679888776,nr
off_peak,,line_synth_redist_02427,,,4.158186851643028,0.2627195860216426,-0.26229508196723733,nr
off_peak,,line_synth_redist_02429,,,20.529626375997864,1.3197438976403961,-1.318993283854511,nr
off_peak,,line_synth_redist_02430,,,16.456454485044723,1.0566982018874864,-1.0535146763935184,nr
off_peak,,line_synth_redist_02431,,,12.366027028096473,0.7912195944263709,-0.7897613999452521,nr
off_peak,,line_synth_redist_02432,,,8.265026318956812,0.5274663179779672,-0.5250926008464366,nr
off_peak,,line_synth_redist_02433,,,4.1380446541339735,0.26279751887922836,-0.2622950819672533,nr
off_peak,,line_synth_redist_02435,,,20.685339300634997,1.3268723921276266,-1.3199246194884169,nr
off_peak,,line_synth_redist_02436,,,16.58533887803062,1.0576295375211573,-1.0533871785092201,nr
off_peak,,line_synth_redist_02437,,,12.46217599548332,0.7910920965419539,-0.7888407107077866,nr
off_peak,,line_synth_redist_02438,,,8.322525180544952,0.5265456287405402,-0.5248593727725069,nr
off_peak,,line_synth_redist_02439,,,4.164247914846805,0.2625642908052988,-0.2622950819672504,nr
off_peak,,line_synth_redist_02441,,,20.55661372267266,1.3209806784548246,-1.317631837241866,nr
off_peak,,line_synth_redist_02442,,,16.472172203951406,1.055336755274465,-1.0535565614054991,nr
off_peak,,line_synth_redist_02443,,,12.378066246369295,0.7912614794383029,-0.7880949653926308,nr
off_peak,,line_synth_redist_02444,,,8.260903909725673,0.5257998834253825,-0.5246564481651819,nr
off_peak,,line_synth_redist_02445,,,4.131181745189942,0.26236136619806827,-0.2622950819672536,nr
off_peak,,line_synth_redist_02447,,,20.627237655060853,1.3242146399334218,-1.3238504728820673,nr
off_peak,,line_synth_redist_02448,,,16.555787969527454,1.0615553909157147,-1.0550441318088657,nr
off_peak,,line_synth_redist_02449,,,12.449039104313462,0.7927490498416011,-0.7888043472614558,nr
off_peak,,line_synth_redist_02450,,,8.31348494360595,0.5265092652942536,-0.5247726203109863,nr
off_peak,,line_synth_redist_02451,,,4.1587638040504125,0.26247753834374465,-0.26229508196720713,nr
off_peak,,line_synth_redist_02453,,,20.685590775262312,1.326883889925047,-1.3213949950262152,nr
off_peak,,line_synth_redist_02454,,,16.591949087001257,1.0590999130589926,-1.0541292812593737,nr
off_peak,,line_synth_redist_02455,,,12.471215879980932,0.7918341992921432,-0.788952230816588,nr
off_peak,,line_synth_redist_02456,,,8.329382770565456,0.5266571488493309,-0.5253580275552292,nr
off_peak,,line_synth_redist_02457,,,4.173207957051774,0.2630629455880166,-0.2622950819672399,nr
off_peak,,line_synth_redist_02459,,,20.65334667874574,1.3254092593860833,-1.322019133715237,nr
off_peak,,line_synth_redist_02460,,,16.568798299519045,1.059724051748013,-1.0527793199382658,nr
off_peak,,line_synth_redist_02461,,,12.44641227879295,0.7904842379710751,-0.7877266962181114,nr
off_peak,,line_synth_redist_02462,,,8.303807138321353,0.5254316142509079,-0.5247028869291389,nr
off_peak,,line_synth_redist_02463,,,4.153151022191866,0.26240780496189964,-0.2622950819672753,nr
off_peak,,line_synth_redist_02465,,,20.48934534135621,1.3178968585923376,-1.3164983512876227,nr
off_peak,,line_synth_redist_02466,,,16.41335277899834,1.054203269320724,-1.05312997542665,nr
off_peak,,line_synth_redist_02467,,,12.331548557868706,0.7908348934592075,-0.7876557468006414,nr
off_peak,,line_synth_redist_02468,,,8.226656660213603,0.5253606648333217,-0.5249412701354078,nr
off_peak,,line_synth_redist_02469,,,4.117176579801248,0.26264618816822644,-0.26229508196722934,nr
off_peak,,line_0000,,,23.447627155440614,-34.29842543222723,34.38798401625364,nr
off_peak,,line_0001,,,23.447627155440614,-34.29842543222723,34.38798401625364,nr
off_peak,,line_0010,,,31.50179059923949,-45.960472096300485,46.08232540260509,nr
off_peak,,line_0011,,,31.50179059923949,-45.960472096300485,46.08232540260509,nr
off_peak,,line_0012,,,31.50179059923949,-45.960472096300485,46.08232540260509,nr
off_peak,,line_0027,,,0.12610670355983955,0.07667209798309481,-0.025557159868354176,nr
off_peak,,line_0028,,,0.12610670355983955,0.07667209798309481,-0.025557159868354176,nr
off_peak,,line_0030,,,0.10199392869752963,0.05201458766299055,-3.4905925620900065e-18,nr
off_peak,,line_0040,,,72.27201173745995,-104.50073778027875,104.94037770594673,nr
off_peak,,line_0041,,,0.10025589500460481,0.05025641087669714,-3.5609871971981175e-15,nr
off_peak,,line_0063,,,12.202211793644672,-28.48361971411721,28.557424607461467,nr
off_peak,,line_0064,,,12.202211793644672,-28.48361971411721,28.557424607461467,nr
off_peak,,line_0065,,,12.202211793644672,-28.48361971411721,28.557424607461467,nr
off_peak,,line_0066,,,12.202211793644672,-28.48361971411721,28.557424607461467,nr
off_peak,,line_0067,,,12.202211793644672,-28.48361971411721,28.557424607461467,nr
off_peak,,line_0080,,,119.85609337492762,-342.92292934083025,345.1274907116896,nr
off_peak,,line_0084,,,47.63024565032351,67.16118321202542,-66.94290797758507,nr
off_peak,,line_0085,,,47.63024565032351,67.16118321202542,-66.94290797758507,nr
off_peak,,line_0086,,,47.63024565032351,67.16118321202542,-66.94290797758507,nr
off_peak,,line_0091,,,2.704829884818385,7.162405051939382,-7.1094019328430145,nr
off_peak,,line_0092,,,2.704829884818385,7.162405051939382,-7.1094019328430145,nr
off_peak,,line_0093,,,2.704829884818385,7.162405051939382,-7.1094019328430145,nr
off_peak,,line_0094,,,31.50179059923949,-45.960472096300485,46.08232540260509,nr
off_peak,,line_0095,,,31.50179059923949,-45.960472096300485,46.08232540260509,nr
off_peak,,line_0096,,,31.50179059923949,-45.960472096300485,46.08232540260509,nr
off_peak,,line_0102,,,0.09757897654936444,0.0476084618531712,2.6409762953075814e-14,nr
off_peak,,line_0103,,,0.09757897654936444,0.0476084618531712,2.6409762953075814e-14,nr
off_peak,,line_0104,,,6.057966509725989,7.809945725912583,-7.759921620521298,nr
off_peak,,line_0105,,,6.057966509725989,7.809945725912583,-7.759921620521298,nr
off_peak,,line_0113,,,0.10110855964547258,0.051114895847793815,-5.873628215089921e-15,nr
off_peak,,line_0116,,,7.831268190076185,5.1903993524336824,-5.139458915521126,nr
off_peak,,line_0117,,,7.852737446359131,5.198903643550754,-5.1479521785069355,nr
off_peak,,line_0120,,,0.09744226149795361,0.047475327691499626,-2.7317442205572454e-14,nr
off_peak,,line_0141,,,0.16851328131276294,0.05111431973670901,-5.653808431177806e-13,nr
off_peak,,line_0142,,,2.704829884818385,7.162405051939382,-7.1094019328430145,nr
off_peak,,line_0143,,,2.704829884818385,7.162405051939382,-7.1094019328430145,nr
off_peak,,line_0144,,,2.704829884818385,7.162405051939382,-7.1094019328430145,nr
off_peak,,line_0174,,,3.06109556361625,3.9253541908785334,-3.877421282769571,nr
off_peak,,line_0175,,,3.06109556361625,3.9253541908785334,-3.877421282769571,nr
off_peak,,line_0176,,,0.09817463173311315,0.048191653014518505,1.349455060859928e-13,nr
off_peak,,line_0178,,,8.420891989898891,10.975180561984661,-10.921958018837904,nr
off_peak,,line_0180,,,94.20070758312916,-138.38996543025155,139.10412407249925,nr
off_peak,,line_0182,,,8.895817199637897,5.875314794748944,-5.823880327053922,nr
off_peak,,line_0196,,,0.09729599710343893,0.0473329102558655,-1.6972252223278649e-13,nr
off_peak,,line_0197,,,0.09729599710343893,0.0473329102558655,-1.6972252223278649e-13,nr
off_peak,,line_0199,,,0.09732302616158439,0.0473592122978528,-1.6973407221691872e-13,nr
off_peak,,line_0200,,,0.09732302616158439,0.0473592122978528,-1.6973407221691872e-13,nr
off_peak,,line_0201,,,40.303905420761396,-117.30424414863282,117.59517996419942,nr
off_peak,,line_0202,,,40.303905420761396,-117.30424414863282,117.59517996419942,nr
off_peak,,line_0209,,,3.611906925312584,4.648654756191416,-4.599979733000503,nr
off_peak,,line_0210,,,3.611906925312584,4.648654756191416,-4.599979733000503,nr
off_peak,,line_0211,,,0.10182748945567216,0.0518443824602007,4.877117636206468e-15,nr
off_peak,,line_0215,,,38.2380355456633,110.85054552641142,-110.58361882243337,nr
off_peak,,line_0216,,,38.2380355456633,110.85054552641142,-110.58361882243337,nr
off_peak,,line_synth_01112,,,3.4775850426548303,2.3223379705831015,-2.271965703583441,nr
off_peak,,line_synth_01118,,,3.484543887522731,2.3256427398456005,-2.27526909518517,nr
off_peak,,line_synth_01124,,,3.4771640360741034,2.322137965453325,-2.2717657816760632,nr
off_peak,,line_synth_01130,,,3.4958510795241273,2.3310080409388343,-2.2806321494337323,nr
off_peak,,line_synth_01970,,,0.9350532475034291,2.4401235601629505,-2.388061817550014,nr
off_peak,,line_synth_01976,,,0.926093503481315,2.423367105576382,-2.3713072093477363,nr
off_peak,,line_synth_01982,,,0.9355784542522375,2.441104705040597,-2.389042853405772,nr
off_peak,,line_synth_02012,,,2.2553805903084565,1.5084174749804997,-1.4580404575354806,nr
off_peak,,line_synth_02018,,,2.2515081737877063,1.5065724008731056,-1.456195793203921,nr
off_peak,,line_synth_02024,,,2.2568792699489313,1.5091312750771222,-1.4587540987060268,nr
off_peak,,line_synth_02030,,,2.2511874937662157,1.5088860330549196,-1.4582812613949678,nr
off_peak,,line_synth_02036,,,2.2575595218081994,1.5119265029539897,-1.4613210571515751,nr
off_peak,,line_synth_02042,,,2.2651731571906466,1.5155558868601071,-1.4649496311025878,nr
off_peak,,line_synth_02048,,,2.256586370395704,1.511462330126335,-1.460856987500458,nr
off_peak,,line_synth_02054,,,5.9410043903263405,1.5068794508189622,-1.4623120924426514,nr
off_peak,,line_synth_02060,,,2.0477752727615157,0.5274764709247434,-0.4832603743954252,nr
off_peak,,line_synth_02062,,,5.909470214401714,1.5011916495022997,-1.4566280781403356,nr
off_peak,,line_synth_02068,,,5.916715561140914,1.5024994676866872,-1.4579350291546513,nr
off_peak,,line_synth_02183,,,2.9901092308812847,2.0206690241678005,-1.9693134829355365,nr
off_peak,,line_synth_02189,,,2.0119174731493805,1.35838700342514,-1.307182672035389,nr
off_peak,,line_synth_02193,,,1.0516704297075579,0.7042127942939265,-0.6530876754441585,nr
off_peak,,line_synth_02195,,,2.991958191020701,2.0215583770613947,-1.9702025391374551,nr
off_peak,,line_synth_02201,,,3.0078249004120234,2.0246548515183345,-1.9736123464975799,nr
off_peak,,line_synth_02207,,,0.5745624086424576,0.3773256372747632,-0.3265306122448999,nr
off_peak,,line_synth_02208,,,2.9990486252870063,2.020448132450608,-1.96940704579993,nr
off_peak,,line_synth_spur_000,,,4.015707883818592,5.162099905860354,-5.113551381013061,nr
off_peak,,line_synth_spur_009,,,79.11808209563928,-116.49760124985677,117.01594241021486,nr
off_peak,,line_synth_spur_010,,,46.94343749785622,69.08285823646557,-68.86837162615221,nr
off_peak,,line_osm_inferred_0000,,,0.8959404060478857,2.2934656941312133,-2.241365729775626,nr
off_peak,,line_v1_samar_15,,,0.3896351551489258,0.2694861240989528,-0.2192307733091568,nr
off_peak,,line_v1_samar_16,,,4.667963086282848,2.9009915456515927,-2.8498702468853896,nr
off_peak,,line_v1_leyte_16,,,16.469753765645955,11.284677717094818,-11.22334116462493,nr
off_peak,,line_v1_leyte_17,,,5.155485876737866,-2.9357154810732853,2.9747013101525677,nr
off_peak,,line_v1_leyte_18,,,29.868370655352646,19.190254661953073,-19.10679749944978,nr
off_peak,,line_v1_leyte_19,,,3.438086271409848,4.5124910275063,-4.46413480710258,nr
off_peak,,line_osm_inferred_0006,,,1.5445678149160846,-0.8133684910658505,0.8635457193713921,nr
off_peak,,line_osm_inferred_0007,,,1.5445678149160846,-0.8133684910658505,0.8635457193713921,nr
off_peak,,line_osm_inferred_0008,,,3.1470450478595744,1.9812790093715458,-1.9309945832689859,nr
off_peak,,line_osm_inferred_0009,,,3.1470450478595744,1.9812790093715458,-1.9309945832689859,nr
off_peak,,line_synth_redist_00044,,,1.935501181181262,1.2771358786350444,-1.2281666255040884,nr
off_peak,,line_synth_redist_00050,,,1.9431835394371981,1.2807451692043448,-1.231775277114886,nr
off_peak,,line_synth_redist_00056,,,1.949469977615707,1.283695306112729,-1.2347248874380348,nr
off_peak,,line_synth_redist_00062,,,1.939881296005735,1.279194276056979,-1.2302246592369008,nr
off_peak,,line_synth_redist_00068,,,0.39522681999734843,0.2551101702938518,-0.20425531914893172,nr
off_peak,,line_synth_redist_00069,,,1.9106721498996948,1.2836449569410247,-1.2327083792791595,nr
off_peak,,line_synth_redist_00075,,,1.9019446337585222,1.2794649411353278,-1.2285290572357108,nr
off_peak,,line_synth_redist_00081,,,1.012094304610625,1.280578987442254,-1.233058731574727,nr
off_peak,,line_synth_redist_00087,,,1.0153412203891004,1.2835103296128134,-1.2359897865674572,nr
off_peak,,line_synth_redist_00093,,,1.0085158693785403,1.2773456622831865,-1.2298257208958783,nr
off_peak,,line_synth_redist_00099,,,1.0119193144267205,1.2804209393281163,-1.2329006988883806,nr
off_peak,,line_synth_redist_00105,,,4.8261992770906215,1.2779635021932427,-1.2299751398831915,nr
off_peak,,line_synth_redist_00111,,,4.840513509172984,1.2806613333297303,-1.2326717560341884,nr
off_peak,,line_synth_redist_00117,,,4.849986337500647,1.2824450742826765,-1.234454689055826,nr
off_peak,,line_synth_redist_00123,,,4.832637179809131,1.279177232843244,-1.2311883249610718,nr
off_peak,,line_synth_redist_00129,,,4.872269082374448,1.2852757567278095,-1.237418314846195,nr
off_peak,,line_synth_redist_00135,,,4.8432051751421765,1.2798134771203566,-1.2319585282478194,nr
off_peak,,line_synth_redist_00141,,,4.8438745606712095,1.2799394171459706,-1.23208441118273,nr
off_peak,,line_synth_redist_00147,,,4.843473599016317,1.2798639798961742,-1.2320090081320962,nr
off_peak,,line_synth_redist_00153,,,1.011581054011284,1.2787857164492864,-1.2314094407303955,nr
off_peak,,line_synth_redist_00159,,,1.0093147977129928,1.2767403602716487,-1.2293642839290337,nr
off_peak,,line_synth_redist_00165,,,0.2348805259732436,0.2515849520278094,-0.20425531914876963,nr
off_peak,,line_synth_redist_00231,,,1.9766564034175451,1.2804959274465972,-1.2331665480592071,nr
off_peak,,line_synth_redist_00237,,,1.9715135380934568,1.2781218144030406,-1.230792881702624,nr
off_peak,,line_synth_redist_00243,,,1.974763274273339,1.2796222237507966,-1.2322930090526394,nr
off_peak,,line_synth_redist_00249,,,1.965431045009507,1.2753114154127483,-1.2279830081209235,nr
off_peak,,line_synth_redist_00255,,,1.9428544692975434,1.2803039659390423,-1.2313643663563167,nr
off_peak,,line_synth_redist_00261,,,1.9397827077297547,1.2788615815336355,-1.2299222379933004,nr
off_peak,,line_synth_redist_00267,,,1.9448860750417747,1.2812575386421021,-1.2323177692774367,nr
off_peak,,line_synth_redist_00273,,,1.9461515002448058,1.281851332331677,-1.2329114570379271,nr
off_peak,,line_synth_redist_00303,,,1.5180423854890102,1.9418566542446034,-1.8942548391499605,nr
off_peak,,line_synth_redist_00309,,,1.5177223551373602,1.9415649220890336,-1.8939631592876371,nr
off_peak,,line_synth_redist_00315,,,1.5182273483195698,1.9420252543831915,-1.8944234090579746,nr
off_peak,,line_synth_redist_00321,,,1.5227647985824702,1.9461595558765628,-1.8985569672146765,nr
off_peak,,line_synth_redist_00327,,,1.5192070348159998,1.9407945617973013,-1.8933417667200187,nr
off_peak,,line_synth_redist_00333,,,1.5261378080478751,1.947099989725604,-1.8996460562985504,nr
off_peak,,line_synth_redist_00339,,,1.5132479154392884,1.935366843054641,-1.887915020538828,nr
off_peak,,line_synth_redist_00345,,,0.31480986308357034,0.3600310790137257,-0.31270358306192014,nr
off_peak,,line_synth_redist_00346,,,2.9845613823579327,1.9421458750089022,-1.8943538397756767,nr
off_peak,,line_synth_redist_00352,,,3.0101516135773942,1.9539802909043253,-1.906184074535492,nr
off_peak,,line_synth_redist_00358,,,2.9668927054665675,1.9339559453674136,-1.8861667658620227,nr
off_peak,,line_synth_redist_00364,,,2.9790530703180607,1.9395942960800052,-1.891803153866767,nr
off_peak,,line_synth_redist_00370,,,1.2591605871597946,1.6145442716831635,-1.5665844131666005,nr
off_peak,,line_synth_redist_00375,,,1.5076254962421114,1.9380292437998972,-1.8900264288157207,nr
off_peak,,line_synth_redist_00381,,,2.947080828543473,1.9420832715495993,-1.8930998186903787,nr
off_peak,,line_synth_redist_00387,,,2.9519278288560376,1.9443559379971658,-1.8953717146820064,nr
off_peak,,line_synth_redist_00393,,,2.938219977689228,1.9439065319499285,-1.8945058425954657,nr
off_peak,,line_synth_redist_00399,,,2.9423800950343426,1.9458649040308038,-1.8964635572989057,nr
off_peak,,line_synth_redist_00405,,,2.92294097113151,1.9367063215837825,-1.8873080344710333,nr
off_peak,,line_synth_redist_00411,,,1.520774732117933,1.9422831017139044,-1.8948257287352932,nr
off_peak,,line_synth_redist_00417,,,1.5170421074178335,1.9388848650024133,-1.8914281028167739,nr
off_peak,,line_synth_redist_00423,,,1.519219022360364,1.9408670375346628,-1.8934099193999732,nr
off_peak,,line_synth_redist_00429,,,1.5129155340640237,1.9351253052123563,-1.8876692156657837,nr
off_peak,,line_synth_redist_00459,,,2.9465141937061077,1.9384817607018052,-1.8897304265977986,nr
off_peak,,line_synth_redist_00465,,,0.5627705402648122,0.3612172220027349,-0.3127035830618216,nr
off_peak,,line_synth_redist_00466,,,2.9430108345764703,1.9368409757096487,-1.8880901974861617,nr
off_peak,,line_synth_redist_00472,,,2.942174903547459,1.936449377399753,-1.8876987316658733,nr
off_peak,,line_synth_redist_00478,,,2.9903026572612155,1.9385710724475607,-1.8911998421609997,nr
off_peak,,line_synth_redist_00484,,,3.0123383895253393,1.9487257547578316,-1.9013509128083248,nr
off_peak,,line_synth_redist_00490,,,2.9951692019604526,1.9408157635573176,-1.893443739042712,nr
off_peak,,line_synth_redist_00496,,,2.9853685296080936,1.93629400778414,-1.8889235807856177,nr
off_peak,,line_synth_redist_00502,,,2.9940340213719234,1.9402157133239135,-1.8928490347397895,nr
off_peak,,line_synth_redist_00508,,,2.9897713107531705,1.9382494392377783,-1.8908834560555359,nr
off_peak,,line_synth_redist_00514,,,2.9874093037482314,1.9371595201729839,-1.8897939216819934,nr
off_peak,,line_synth_redist_00520,,,2.9925195094387282,1.939517212718831,-1.8921507813757534,nr
off_peak,,line_synth_redist_00526,,,2.95148514901813,1.9345094410323458,-1.8861930322238474,nr
off_peak,,line_synth_redist_00532,,,2.9584738054509763,1.9377686901777074,-1.889451165294395,nr
off_peak,,line_synth_redist_00538,,,2.9755170906099644,1.9457066812089772,-1.8973864178382656,nr
off_peak,,line_synth_redist_00544,,,2.966141654125485,1.9413418343198334,-1.89302308031004,nr
off_peak,,line_synth_redist_00550,,,0.7784282814879696,1.9304241670887585,-1.8829737596344593,nr
off_peak,,line_synth_redist_00556,,,0.7800605739941169,1.9333254322972315,-1.8858747566325935,nr
off_peak,,line_synth_redist_00562,,,0.6573064128341723,1.6127063340371433,-1.5652775124866438,nr
off_peak,,line_synth_redist_00567,,,0.7823714207351805,1.9376274329405643,-1.8901615280286457,nr
off_peak,,line_synth_redist_00573,,,0.6602273596816579,1.6180199871825574,-1.5705759401955122,nr
off_peak,,line_synth_redist_00578,,,0.781641198075674,1.9363303202841464,-1.8888645359950413,nr
off_peak,,line_synth_redist_00584,,,0.7830058154275444,1.938754121913633,-1.8912881120712632,nr
off_peak,,line_synth_redist_00590,,,1.5054650614536855,1.9359971175800894,-1.887998406212637,nr
off_peak,,line_synth_redist_00596,,,1.5096258687259283,1.9398084573359864,-1.8918090738336897,nr
off_peak,,line_synth_redist_00602,,,0.31395060070327035,0.36057969393731676,-0.31270358306196205,nr
off_peak,,line_synth_redist_00771,,,2.9918447795581655,1.9397117774361745,-1.8923113368181814,nr
off_peak,,line_synth_redist_00777,,,2.986872815974825,1.9374171396858046,-1.890017509068032,nr
off_peak,,line_synth_redist_00783,,,2.9909905762344113,1.939317636796022,-1.8919173354825372,nr
off_peak,,line_synth_redist_00789,,,2.988993485525521,1.9383960116210601,-1.890996035763768,nr
off_peak,,line_synth_redist_00795,,,7.3346322933219925,1.9408651784109732,-1.8920313517365148,nr
off_peak,,line_synth_redist_00801,,,7.322532079875378,1.9385930312585322,-1.8897611371081176,nr
off_peak,,line_synth_redist_00807,,,7.353589092272304,1.9444221173844507,-1.8955852534583448,nr
off_peak,,line_synth_redist_00813,,,1.5205576944730321,1.941876808591664,-1.8944341135510059,nr
off_peak,,line_synth_redist_00819,,,0.5498236900455638,0.6727649109129104,-0.6254403268313192,nr
off_peak,,line_synth_redist_00821,,,1.5080039358863475,1.9304393489474616,-1.8829986988637624,nr
off_peak,,line_synth_redist_00827,,,1.5247003776404624,1.9456454413800233,-1.8982020659295997,nr
off_peak,,line_synth_redist_01180,,,2.9891269180516615,1.9436713231256777,-1.8959184664047377,nr
off_peak,,line_synth_redist_01186,,,2.996199377271795,1.9469426955229436,-1.8991886858199505,nr
off_peak,,line_synth_redist_01192,,,2.9873007774498044,1.9428262398941996,-1.8950736802168697,nr
off_peak,,line_synth_redist_01198,,,2.960579583782467,1.930441389365142,-1.882693145122136,nr
off_peak,,line_synth_redist_01204,,,2.898647857164077,1.936821443740295,-1.8866015241993692,nr
off_peak,,line_synth_redist_01210,,,1.0202923080599664,0.6754335306519625,-0.6254288758164518,nr
off_peak,,line_synth_redist_01212,,,2.906144702292257,1.940385853223195,-1.8901647749829285,nr
off_peak,,line_synth_redist_01218,,,2.9121611464684984,1.9432442623499855,-1.8930222508914616,nr
off_peak,,line_synth_redist_01244,,,0.6027985139609952,0.7435533350801781,-0.6959659036459781,nr
off_peak,,line_synth_redist_01250,,,0.6031753482651521,0.7438873055710387,-0.6962998635686073,nr
off_peak,,line_synth_redist_01256,,,0.6029010553968076,0.7436442167606592,-0.6960567824531082,nr
off_peak,,line_synth_redist_01262,,,1.2679646883519495,0.7337385294684755,-0.6958429552922041,nr
off_peak,,line_synth_redist_01268,,,1.2711209617614512,0.73503962008753,-0.6971439177178419,nr
off_peak,,line_synth_redist_01274,,,1.268155470500525,0.7338172023711007,-0.6959216204710031,nr
off_peak,,line_synth_redist_01280,,,1.2664653701326003,0.7331201291453928,-0.6952246155574648,nr
off_peak,,line_synth_redist_01286,,,0.3234403631096334,0.7482580846495671,-0.696238995719299,nr
off_peak,,line_synth_redist_01292,,,0.32309466563047656,0.747649563540387,-0.6956304843737219,nr
off_peak,,line_synth_redist_01298,,,0.32338854267646006,0.7481668698510273,-0.6961477823867472,nr
off_peak,,line_synth_redist_01304,,,0.32316440585870254,0.7477723292437676,-0.6957532481104737,nr
off_peak,,line_synth_redist_01310,,,0.7684901847801556,0.5144174976223148,-0.46257322132340845,nr
off_peak,,line_synth_redist_01314,,,1.1064237074445058,0.7463788517994441,-0.6945218542385242,nr
off_peak,,line_synth_redist_01320,,,1.1082039279031124,0.7472346654225623,-0.6953776333045651,nr
off_peak,,line_synth_redist_01326,,,1.1077067662771394,0.7469957032454974,-0.695138680807499,nr
off_peak,,line_synth_redist_01332,,,0.5998671075976315,0.7453176751069763,-0.6968804438894012,nr
off_peak,,line_synth_redist_01338,,,0.5982672364786781,0.7438882852896965,-0.6954510971913057,nr
off_peak,,line_synth_redist_01344,,,0.5981848152131973,0.7438146267577185,-0.695377440868857,nr
off_peak,,line_synth_redist_01350,,,0.5998758564417567,0.7453254896536796,-0.6968882581990956,nr
off_peak,,line_synth_redist_01575,,,1.107364052817939,0.7474261646163627,-0.6954558262153528,nr
off_peak,,line_synth_redist_01581,,,1.1059970468855698,0.7467683660136448,-0.6947980540002351,nr
off_peak,,line_synth_redist_01587,,,1.106834136882866,0.7471711991456078,-0.6952008709940222,nr
off_peak,,line_synth_redist_01615,,,1.1071616618610884,0.7459272821909256,-0.694223575068085,nr
off_peak,,line_synth_redist_01621,,,1.1119596278901862,0.7482299840786245,-0.696526182503489,nr
off_peak,,line_synth_redist_01627,,,1.1086368934130695,0.7466356054659404,-0.6949318695265073,nr
off_peak,,line_synth_redist_01633,,,1.107878306600684,0.7462714093784637,-0.6945676882819093,nr
off_peak,,line_synth_redist_01639,,,0.5992766366405423,0.743794590031206,-0.6955523623854751,nr
off_peak,,line_synth_redist_01645,,,0.5995322413737377,0.7440225785083748,-0.6957803439341098,nr
off_peak,,line_synth_redist_01651,,,0.6003429206314869,0.744745545016396,-0.6965032883938646,nr
off_peak,,line_synth_redist_01657,,,0.5993564848643723,0.7438658132559112,-0.6956235834469915,nr
off_peak,,line_synth_redist_01663,,,1.127673638516879,0.7466203844976192,-0.696610701077391,nr
off_peak,,line_synth_redist_01669,,,1.1260306055164462,0.7458448474411221,-0.6958352002123555,nr
off_peak,,line_synth_redist_01675,,,1.1260684699506698,0.7458627237796824,-0.6958530757196455,nr
off_peak,,line_synth_redist_01681,,,1.125786577432105,0.7457296340667978,-0.6957199921922708,nr
off_peak,,line_synth_redist_01687,,,2.71264838371917,0.7458845292203836,-0.6950912825810985,nr
off_peak,,line_synth_redist_01693,,,2.7195835719831156,0.7472480326055477,-0.6964546542189656,nr
off_peak,,line_synth_redist_01699,,,2.7153535757241896,0.7464165494891297,-0.6956232516817876,nr
off_peak,,line_synth_redist_01705,,,2.7125366187037274,0.7458625443329372,-0.6950692998015402,nr
off_peak,,line_synth_redist_01711,,,2.730742951299346,0.7447215776939151,-0.6947505173052891,nr
off_peak,,line_synth_redist_01717,,,2.7405572722937306,0.7466348851465157,-0.696663627440164,nr
off_peak,,line_synth_redist_01723,,,2.7332512628732877,0.7452108294623476,-0.6952397189985926,nr
off_peak,,line_synth_redist_01729,,,2.7334810765286535,0.7452556463413457,-0.6952845312774765,nr
off_peak,,line_synth_redist_01735,,,2.74080463788269,0.7456115070356572,-0.6958255494332515,nr
off_peak,,line_synth_redist_01741,,,2.7428486979991322,0.7460091347672643,-0.6962231354182592,nr
off_peak,,line_synth_redist_01747,,,2.7364102543218825,0.7447562828942081,-0.6949704144929496,nr
off_peak,,line_synth_redist_01753,,,2.730643382847727,0.7464111114772697,-0.6961429853523547,nr
off_peak,,line_synth_redist_01759,,,2.7322991229340636,0.7467347558241445,-0.6964665968884989,nr
off_peak,,line_synth_redist_01765,,,2.727353523592631,0.7457678219903661,-0.6954997607433772,nr
off_peak,,line_synth_redist_01771,,,2.732768225945718,0.7468264366237464,-0.6965582683728988,nr
off_peak,,line_synth_redist_01777,,,3.053833907047905,0.7362448387753859,-0.6968466657027543,nr
off_peak,,line_synth_redist_01783,,,3.04623322506694,0.734936048502891,-0.6955381544302346,nr
off_peak,,line_synth_redist_01789,,,1.1009697778317398,0.27055638521026376,-0.2312260280008415,nr
off_peak,,line_synth_redist_01791,,,3.0481286826165013,0.7352625508778089,-0.6958645874266522,nr
off_peak,,line_synth_redist_01797,,,3.0098446381961343,0.7380554557061895,-0.697313908957294,nr
off_peak,,line_synth_redist_01803,,,3.003946387839647,0.7370223941955399,-0.6962810508344197,nr
off_peak,,line_synth_redist_01809,,,3.002968963076759,0.7368511264326403,-0.696109816651699,nr
off_peak,,line_synth_redist_01815,,,2.975444670885908,0.7376550655036923,-0.6960894734836376,nr
off_peak,,line_synth_redist_01821,,,2.9736954634199284,0.7373452933573946,-0.695779758886968,nr
off_peak,,line_synth_redist_01827,,,2.974962117443936,0.7375696157034936,-0.696004039570984,nr
off_peak,,line_synth_redist_01833,,,2.985933875954365,0.7362208967474578,-0.6951368507556677,nr
off_peak,,line_synth_redist_01839,,,2.9925620882949366,0.7373877948083915,-0.6963035256496363,nr
off_peak,,line_synth_redist_01845,,,2.9917548453103135,0.7372457324651664,-0.6961614905726868,nr
off_peak,,line_synth_redist_01851,,,2.990566626140352,0.737036597518824,-0.6959523957169766,nr
off_peak,,line_synth_redist_01857,,,2.836540622685845,0.7419915178225521,-0.6958596655514206,nr
off_peak,,line_synth_redist_01863,,,2.8327358466402424,0.7412799278501757,-0.6951481728784257,nr
off_peak,,line_synth_redist_01869,,,0.5941708221962544,0.1616900647911501,-0.11560693641617911,nr
off_peak,,line_synth_redist_01870,,,2.8365904097578114,0.7420008268220183,-0.6958689732740403,nr
off_peak,,line_synth_redist_01876,,,3.1012200889862394,0.7356968664885439,-0.6974914490102307,nr
off_peak,,line_synth_redist_01882,,,3.091071545277846,0.7339776289045452,-0.695772606893278,nr
off_peak,,line_synth_redist_01888,,,3.0839717981271813,0.7327736030502487,-0.6945688554660736,nr
off_peak,,line_synth_redist_01894,,,3.089155028083227,0.7336527163378147,-0.6954477685873041,nr
off_peak,,line_synth_redist_01900,,,2.804986722461826,0.7440209990151466,-0.696586646961363,nr
off_peak,,line_synth_redist_01906,,,2.797178246898303,0.7425396545195336,-0.6951054876835447,nr
off_peak,,line_synth_redist_01912,,,2.8137790028468723,0.7431378959685415,-0.6961231286932856,nr
off_peak,,line_synth_redist_01918,,,2.816222732650138,0.7435991844428184,-0.6965843574536645,nr
off_peak,,line_synth_redist_01924,,,2.807976048469715,0.7420418843356518,-0.6950272579464731,nr
off_peak,,line_synth_redist_01930,,,2.8056026838457164,0.7415933702540358,-0.6945788011158354,nr
off_peak,,line_synth_redist_01936,,,2.0984091783973193,2.7216593653861323,-2.6732063118147247,nr
off_peak,,line_synth_redist_01942,,,2.1068139414157407,2.7294166366231045,-2.6809614797818,nr
off_peak,,line_synth_redist_01948,,,2.1001874957303825,2.723301429941512,-2.6748479322866263,nr
off_peak,,line_synth_redist_01954,,,2.1236529736487313,2.744931862210003,-2.696472457719095,nr
off_peak,,line_synth_redist_01960,,,4.174847183255902,2.721591724465059,-2.673459234642838,nr
off_peak,,line_synth_redist_01966,,,4.199566032323309,2.733035388430404,-2.6848966585691283,nr
off_peak,,line_synth_redist_01972,,,4.170397043098536,2.719529178652051,-2.67139780705507,nr
off_peak,,line_synth_redist_01978,,,1.432404596490562,0.9305862507473267,-0.8829429814229515,nr
off_peak,,line_synth_redist_01980,,,10.486833617062324,2.734137027298163,-2.68545758978576,nr
off_peak,,line_synth_redist_01986,,,10.331977240185026,2.7055445984505058,-2.6569043123537264,nr
off_peak,,line_synth_redist_01992,,,10.47869082246086,2.732637349531192,-2.6839599897748405,nr
off_peak,,line_synth_redist_01998,,,10.450655780781101,2.7274708944057475,-2.6788006720418527,nr
off_peak,,line_synth_redist_02004,,,4.054884956063705,2.7129881301231222,-2.6625040869106984,nr
off_peak,,line_synth_redist_02010,,,4.089527983253962,2.729448153851006,-2.6789557194810114,nr
off_peak,,line_synth_redist_02016,,,4.095902973639171,2.7324721647689225,-2.681978175815802,nr
off_peak,,line_synth_redist_02022,,,4.07166686236776,2.7209674787575313,-2.6704793826501243,nr
off_peak,,line_synth_redist_02052,,,2.121823466825556,2.735686028760802,-2.6876052981403435,nr
off_peak,,line_synth_redist_02058,,,2.1148955370445828,2.729323229341339,-2.6812442509800567,nr
off_peak,,line_synth_redist_02064,,,0.7417333378817264,0.930645077560684,-0.8828136743176088,nr
off_peak,,line_synth_redist_02066,,,2.1055566775006955,2.720875766158156,-2.672792160856993,nr
off_peak,,line_synth_redist_02072,,,2.104246956630079,2.71967061081517,-2.6715873339756357,nr
off_peak,,line_synth_redist_02078,,,2.1317527419427242,2.744935384241103,-2.696845152124125,nr
off_peak,,line_synth_redist_02084,,,0.7418071754915484,0.9307571283230628,-0.8829187380331505,nr
off_peak,,line_synth_redist_02158,,,2.076127230058502,2.735966122819708,-2.6857179599764334,nr
off_peak,,line_synth_redist_02164,,,2.0692312137988558,2.7294918181926677,-2.679245342413719,nr
off_peak,,line_synth_redist_02170,,,2.068884740857326,2.729166371040431,-2.678919979824222,nr
off_peak,,line_synth_redist_02176,,,2.061809903681759,2.7225174514816306,-2.672272782828167,nr
off_peak,,line_synth_redist_02202,,,4.197313971206123,2.730286891973141,-2.6822313527294663,nr
off_peak,,line_synth_redist_02208,,,4.176922475541545,2.720852214353442,-2.672801823357754,nr
off_peak,,line_synth_redist_02214,,,4.2023818883434805,2.732629393714948,-2.6845725698356695,nr
off_peak,,line_synth_redist_02220,,,4.198870445307386,2.7310064253029296,-2.6829504917355593,nr
off_peak,,line_synth_redist_02226,,,2.475390466748914,1.636964535697024,-1.5876294108113858,nr
off_peak,,line_synth_redist_02232,,,2.4782239217014967,1.6382984121634647,-1.5889629379052161,nr
off_peak,,line_synth_redist_02238,,,2.4719448687348335,1.6353418365842214,-1.586007135653929,nr
off_peak,,line_synth_redist_02244,,,0.4847163222635945,0.31159585221458935,-0.26229508196728796,nr
off_peak,,line_synth_redist_02245,,,2.4689831040014876,1.6354126502514539,-1.5859558932605908,nr
off_peak,,line_synth_redist_02251,,,2.4663077158690823,1.6341506111999973,-1.5846941819156477,nr
off_peak,,line_synth_redist_02257,,,2.4660735460226744,1.6340401274712952,-1.584583726842033,nr
off_peak,,line_synth_redist_02398,,,2.4828253800186526,1.6270145306325994,-1.578788006552467,nr
off_peak,,line_synth_redist_02404,,,2.489871777280938,1.6303013929496017,-1.582073990990622,nr
off_peak,,line_synth_redist_02410,,,2.4915969605113086,1.6311056666115666,-1.5828780490929968,nr
off_peak,,line_synth_redist_02416,,,2.50268181879604,1.6362691559575613,-1.5880401475222683,nr
off_peak,,line_synth_redist_02422,,,2.456540200413462,1.6377295356026607,-1.5875844552628064,nr
off_peak,,line_synth_redist_02428,,,2.444863853522826,1.6321826496773126,-1.582038979607953,nr
off_peak,,line_synth_redist_02434,,,2.4598765803193654,1.6393129594815168,-1.5891674740948563,nr
off_peak,,line_synth_redist_02440,,,2.447466438155193,1.6334197438511888,-1.5832757604219585,nr
off_peak,,line_synth_redist_02446,,,2.454275901634579,1.6366545278742195,-1.5865097219012245,nr
off_peak,,line_synth_redist_02452,,,2.459900818369091,1.6393244602247996,-1.5891789718922837,nr
off_peak,,line_synth_redist_02458,,,2.4567928230124996,1.637849452330004,-1.587704341353319,nr
off_peak,,line_synth_redist_02464,,,2.4409787401688896,1.6303351438959364,-1.580191940559686,nr
morning_peak,sub_cadiz_substation_56,,,9.455562912406258,,,,dc
morning_peak,tower_0001,,,10.772022772046036,,,,dc
morning_peak,tower_0003,,,-0.07790270015945308,,,,dc
morning_peak,tower_0005,,,-0.3219903399639075,,,,dc
morning_peak,tower_0006,,,-0.3219903399639075,,,,dc
morning_peak,sub_cebu_city_substation_14,,,7.833570902078683,,,,dc
morning_peak,sub_compostela_substation_15,,,6.95013240883691,,,,dc
morning_peak,sub_naga_substation_16,,,9.330978061123032,,,,dc
morning_peak,tower_0007,,,9.413389933668965,,,,dc
morning_peak,tower_0008,,,9.330978061123032,,,,dc
morning_peak,tower_0011,,,4.558162865334812,,,,dc
morning_peak,sub_tabango_substation_57,,,5.29766414548067,,,,dc
morning_peak,tower_0012,,,-17.288795790850426,,,,dc
morning_peak,sub_osm_13,,,-17.28879579085053,,,,dc
morning_peak,tower_0019,,,-0.009502616458829057,,,,dc
morning_peak,sub_maasin_substation_19,,,-0.009502616458828786,,,,dc
morning_peak,tower_0020,,,-0.009502616458830406,,,,dc
morning_peak,tower_0021,,,-0.009502616458830406,,,,dc
morning_peak,sub_milagro_substation_104,,,0.0,,,,dc
morning_peak,tower_0022,,,0.0,,,,dc
morning_peak,tower_0023,,,10.346321119796784,,,,dc
morning_peak,sub_daanbantayan_cable_terminal_27,,,5.5062111223709636,,,,dc
morning_peak,sub_suba_cable_terminal_29,,,11.758390718409004,,,,dc
morning_peak,sub_osm_83,,,11.960920181165976,,,,dc
morning_peak,sub_magdugo_substation_72,,,7.6144001193130295,,,,dc
morning_peak,sub_national_grid_corporation_of_the_philippines_34,,,-2.7722297916669696,,,,dc
morning_peak,tower_0025,,,-2.7722297916669696,,,,dc
morning_peak,sub_bio_os_cable_terminal_66,,,12.017819552220942,,,,dc
morning_peak,sub_paranas_substation_47,,,-2.4083635691157874,,,,dc
morning_peak,tower_0029,,,11.079583509253856,,,,dc
morning_peak,tower_0030,,,11.079583509253856,,,,dc
morning_peak,sub_amlan_substation_33,,,12.213190115637625,,,,dc
morning_peak,tower_0034,,,13.27632599995066,,,,dc
morning_peak,tower_0035,,,-0.9958934783101017,,,,dc
morning_peak,sub_cabacungan_cable_terminal_36,,,-0.07790270015945307,,,,dc
morning_peak,tower_0037,,,-17.28879579085053,,,,dc
morning_peak,tower_0038,,,-17.28879579085053,,,,dc
morning_peak,sub_babatngon_substation_20,,,-0.3219903399639075,,,,dc
morning_peak,sub_ubay_substation_54,,,1.6532980557289567,,,,dc
morning_peak,sub_tugas_terminal_submerged_ngcp_lines_58,,,0.27681028649617445,,,,dc
morning_peak,sub_osm_55,,,4.394788268575985,,,,dc
morning_peak,tower_0040,,,4.540551320551164,,,,dc
morning_peak,tower_0041,,,-17.288795790850426,,,,dc
morning_peak,tower_0042,,,-17.288795790850426,,,,dc
morning_peak,tower_0043,,,4.550078019690548,,,,dc
morning_peak,tower_0045,,,4.394788268575985,,,,dc
morning_peak,sub_maasin_terminal_submerged_lines_59,,,0.11717644673249446,,,,dc
morning_peak,sub_corella_substation_boheco_i_18,,,3.2235435756673776,,,,dc
morning_peak,tower_0047,,,0.6991423395723726,,,,dc
morning_peak,sub_trinidad_substation_73,,,-0.20831921960038213,,,,dc
morning_peak,sub_mandugo_substation_62,,,10.94895948288846,,,,dc
morning_peak,tower_0048,,,10.228087033113649,,,,dc
morning_peak,tower_0049,,,11.122552652511784,,,,dc
morning_peak,tower_0050,,,7.788151436681443,,,,dc
morning_peak,sub_san_jose_substation_116,,,7.788151436681443,,,,dc
morning_peak,sub_mandaue_gas_insulated_substation_64,,,7.103187412895195,,,,dc
morning_peak,sub_lapu_lapu_gas_insulated_substation_63,,,7.097818974853335,,,,dc
morning_peak,tower_0051,,,13.158557887045895,,,,dc
morning_peak,tower_0052,,,9.452432436319073,,,,dc
morning_peak,sub_toledo_substation_68,,,10.239856833134773,,,,dc
morning_peak,tower_0053,,,9.594518899197938,,,,dc
morning_peak,sub_bagolibas_substation_48,,,-10.731240138644296,,,,dc
morning_peak,tower_0054,,,-0.009502616458828786,,,,dc
morning_peak,tower_0055,,,0.6991423395723744,,,,dc
morning_peak,sub_alicia_substation_71,,,-0.38407200724665036,,,,dc
morning_peak,tower_0056,,,-0.38407200724665036,,,,dc
morning_peak,tower_0057,,,3.2235435756673776,,,,dc
morning_peak,tower_0060,,,7.6144001193130295,,,,dc
morning_peak,sub_santander_cable_terminal_82,,,5.707326575537864,,,,dc
morning_peak,sub_dumanjug_converter_station_100,,,5.730337016811165,,,,dc
morning_peak,tower_0064,,,-0.009502616458830406,,,,dc
morning_peak,tower_0065,,,-0.009502616458830406,,,,dc
morning_peak,sub_argao_cable_terminal_117,,,4.150600634743324,,,,dc
morning_peak,sub_bohol_cable_terminal_89,,,3.7112144053877545,,,,dc
morning_peak,tower_0070,,,7.805208924483398,,,,dc
morning_peak,sub_cebeco_iii_8,,,7.249208374721278,,,,dc
morning_peak,tower_0078,,,9.455562912406256,,,,dc
morning_peak,tower_0079,,,9.455562912406256,,,,dc
morning_peak,tower_0080,,,8.424630815030016,,,,dc
morning_peak,sub_cadiz_substation_96,,,7.938569396938651,,,,dc
morning_peak,sub_osm_80,,,15.29435297125965,,,,dc
morning_peak,tower_0081,,,9.189805597418218,,,,dc
morning_peak,sub_ginatilan_substation_102,,,10.662821044320562,,,,dc
morning_peak,tower_0095,,,7.655145352868785,,,,dc
morning_peak,tower_0097,,,7.6144001193130295,,,,dc
morning_peak,tower_0098,,,7.655145352868785,,,,dc
morning_peak,sub_talvera_cable_terminal_10,,,7.865106664531038,,,,dc
morning_peak,sub_calatrava_cable_terminal_112,,,8.171154208642045,,,,dc
morning_peak,sub_calatrava_substation_113,,,8.217706477254875,,,,dc
morning_peak,sub_osm_60,,,-3.133705764552235,,,,dc
morning_peak,sub_albuera_electrode_station_114,,,-0.10125899910394125,,,,dc
morning_peak,sub_osm_60_F0_B0,,,-3.57164832958504,,,,dc
morning_peak,sub_osm_60_F0_B1,,,-4.101044619418373,,,,dc
morning_peak,sub_osm_60_F0_B2,,,-4.856676125814974,,,,dc
morning_peak,sub_osm_60_F0_B3,,,-5.163868257752601,,,,dc
morning_peak,sub_osm_60_F0_B4,,,-5.776309218534087,,,,dc
morning_peak,sub_osm_60_F0_B5,,,-6.264313247894576,,,,dc
morning_peak,sub_osm_60_F1_B0,,,-3.571648329585041,,,,dc
morning_peak,sub_osm_60_F1_B1,,,-4.228879779526901,,,,dc
morning_peak,sub_osm_60_F1_B2,,,-4.799608403164948,,,,dc
morning_peak,sub_osm_60_F1_B3,,,-5.534157120264014,,,,dc
morning_peak,sub_osm_60_F1_B4,,,-6.1944227014894775,,,,dc
morning_peak,sub_osm_60_F1_B5,,,-6.595093758925855,,,,dc
morning_peak,sub_osm_60_F2_B0,,,-3.571648329585044,,,,dc
morning_peak,sub_osm_60_F2_B1,,,-4.403907635139913,,,,dc
morning_peak,sub_osm_60_F2_B2,,,-4.771813272992239,,,,dc
morning_peak,sub_osm_60_F2_B3,,,-5.377654215616321,,,,dc
morning_peak,sub_osm_60_F2_B4,,,-5.681655316840342,,,,dc
morning_peak,sub_osm_60_F2_B5,,,-5.878455279729369,,,,dc
morning_peak,sub_osm_60_F3_B0,,,-3.571648329585045,,,,dc
morning_peak,sub_osm_60_F3_B1,,,-4.8204813728643625,,,,dc
morning_peak,sub_osm_60_F3_B2,,,-5.365978990791616,,,,dc
morning_peak,sub_osm_60_F3_B3,,,-5.690993621062781,,,,dc
morning_peak,sub_osm_60_F3_B4,,,-6.555170419898393,,,,dc
morning_peak,sub_osm_60_F3_B5,,,-6.876828910124389,,,,dc
morning_peak,sub_cabacungan_cable_terminal_36_F0_B0,,,-0.19291860368711958,,,,dc
morning_peak,sub_cabacungan_cable_terminal_36_F0_B1,,,-0.45154059477546876,,,,dc
morning_peak,sub_cabacungan_cable_terminal_36_F0_B2,,,-1.9524684649180113,,,,dc
morning_peak,sub_cabacungan_cable_terminal_36_F0_B3,,,-2.254002314831505,,,,dc
morning_peak,sub_cabacungan_cable_terminal_36_F0_B4,,,-2.682555220077218,,,,dc
morning_peak,sub_cabacungan_cable_terminal_36_F0_B5,,,-2.758134807799074,,,,dc
morning_peak,sub_cabacungan_cable_terminal_36_F2_B0,,,-0.1929186036871197,,,,dc
morning_peak,sub_cabacungan_cable_terminal_36_F2_B1,,,-0.3510759839029716,,,,dc
morning_peak,sub_cabacungan_cable_terminal_36_F2_B2,,,-0.3812565441550798,,,,dc
morning_peak,sub_cabacungan_cable_terminal_36_F2_B3,,,-0.432600807242831,,,,dc
morning_peak,sub_cabacungan_cable_terminal_36_F2_B4,,,-1.1789939506528606,,,,dc
morning_peak,sub_cabacungan_cable_terminal_36_F2_B5,,,-1.5562896199014886,,,,dc
morning_peak,sub_cabacungan_cable_terminal_36_F3_B0,,,-0.19291860368711966,,,,dc
morning_peak,sub_cabacungan_cable_terminal_36_F3_B1,,,-0.7231224257703764,,,,dc
morning_peak,sub_cabacungan_cable_terminal_36_F3_B2,,,-1.938452671520665,,,,dc
morning_peak,sub_cabacungan_cable_terminal_36_F3_B3,,,-2.137202340965909,,,,dc
morning_peak,sub_cabacungan_cable_terminal_36_F3_B4,,,-2.706826221873332,,,,dc
morning_peak,sub_cabacungan_cable_terminal_36_F3_B5,,,-2.9581948180286175,,,,dc
morning_peak,sub_national_grid_corporation_of_the_philippines_34_F0_B0,,,-3.054394128869313,,,,dc
morning_peak,sub_national_grid_corporation_of_the_philippines_34_F0_B1,,,-3.4058955569991505,,,,dc
morning_peak,sub_national_grid_corporation_of_the_philippines_34_F0_B2,,,-3.699600724743179,,,,dc
morning_peak,sub_national_grid_corporation_of_the_philippines_34_F0_B3,,,-3.93005172402821,,,,dc
morning_peak,sub_national_grid_corporation_of_the_philippines_34_F0_B4,,,-4.547438160893247,,,,dc
morning_peak,sub_national_grid_corporation_of_the_philippines_34_F0_B5,,,-4.708520324036637,,,,dc
morning_peak,sub_national_grid_corporation_of_the_philippines_34_F1_B0,,,-3.0543941288693137,,,,dc
morning_peak,sub_national_grid_corporation_of_the_philippines_34_F1_B1,,,-3.3820167014302966,,,,dc
morning_peak,sub_national_grid_corporation_of_the_philippines_34_F1_B2,,,-3.7012113220247835,,,,dc
morning_peak,sub_national_grid_corporation_of_the_philippines_34_F1_B3,,,-3.9043964218780585,,,,dc
morning_peak,sub_national_grid_corporation_of_the_philippines_34_F1_B4,,,-4.050703199393536,,,,dc
morning_peak,sub_national_grid_corporation_of_the_philippines_34_F1_B5,,,-4.175657734063477,,,,dc
morning_peak,sub_national_grid_corporation_of_the_philippines_34_F3_B0,,,-3.054394128869315,,,,dc
morning_peak,sub_national_grid_corporation_of_the_philippines_34_F3_B1,,,-3.465162737786456,,,,dc
morning_peak,sub_national_grid_corporation_of_the_philippines_34_F3_B2,,,-3.7237621785739723,,,,dc
morning_peak,sub_national_grid_corporation_of_the_philippines_34_F3_B3,,,-4.167367102523991,,,,dc
morning_peak,sub_national_grid_corporation_of_the_philippines_34_F3_B4,,,-4.562083033721814,,,,dc
morning_peak,sub_national_grid_corporation_of_the_philippines_34_F3_B5,,,-4.793789958199064,,,,dc
morning_peak,sub_paranas_substation_47_F0_B0,,,-2.69052790631813,,,,dc
morning_peak,sub_paranas_substation_47_F0_B1,,,-3.4407056418375945,,,,dc
morning_peak,sub_paranas_substation_47_F0_B2,,,-3.5565680478113304,,,,dc
morning_peak,sub_paranas_substation_47_F0_B3,,,-3.6649724083932296,,,,dc
morning_peak,sub_paranas_substation_47_F0_B4,,,-3.9491428220905447,,,,dc
morning_peak,sub_paranas_substation_47_F0_B5,,,-4.045357336481012,,,,dc
morning_peak,sub_paranas_substation_47_F1_B0,,,-2.69052790631813,,,,dc
morning_peak,sub_paranas_substation_47_F1_B1,,,-3.1730072809432386,,,,dc
morning_peak,sub_paranas_substation_47_F1_B2,,,-3.751431419248245,,,,dc
morning_peak,sub_paranas_substation_47_F1_B3,,,-4.254950003027723,,,,dc
morning_peak,sub_paranas_substation_47_F1_B4,,,-4.561705598136552,,,,dc
morning_peak,sub_paranas_substation_47_F1_B5,,,-4.679190020263249,,,,dc
morning_peak,sub_paranas_substation_47_F2_B0,,,-2.6905279063181315,,,,dc
morning_peak,sub_paranas_substation_47_F2_B1,,,-3.4048087299826086,,,,dc
morning_peak,sub_paranas_substation_47_F2_B2,,,-4.165122475503829,,,,dc
morning_peak,sub_paranas_substation_47_F2_B3,,,-4.781229985144747,,,,dc
morning_peak,sub_paranas_substation_47_F2_B4,,,-4.93749402779419,,,,dc
morning_peak,sub_paranas_substation_47_F2_B5,,,-5.222743440847104,,,,dc
morning_peak,sub_paranas_substation_47_F3_B0,,,-2.690527906318131,,,,dc
morning_peak,sub_paranas_substation_47_F3_B1,,,-3.4326126295705772,,,,dc
morning_peak,sub_paranas_substation_47_F3_B2,,,-3.7670982717618746,,,,dc
morning_peak,sub_paranas_substation_47_F3_B3,,,-3.999931708011943,,,,dc
morning_peak,sub_paranas_substation_47_F3_B4,,,-4.360788418026239,,,,dc
morning_peak,sub_paranas_substation_47_F3_B5,,,-4.601791890311856,,,,dc
morning_peak,sub_bagolibas_substation_48_F0_B0,,,-11.436637013152588,,,,dc
morning_peak,sub_bagolibas_substation_48_F0_B1,,,-11.663455236110577,,,,dc
morning_peak,sub_bagolibas_substation_48_F0_B2,,,-11.981705381230954,,,,dc
morning_peak,sub_bagolibas_substation_48_F0_B3,,,-12.820983964561922,,,,dc
morning_peak,sub_bagolibas_substation_48_F0_B4,,,-13.506594079524454,,,,dc
morning_peak,sub_bagolibas_substation_48_F0_B5,,,-13.738347405974443,,,,dc
morning_peak,sub_bagolibas_substation_48_F1_B0,,,-10.966372430147059,,,,dc
morning_peak,sub_bagolibas_substation_48_F1_B1,,,-10.987371739677283,,,,dc
morning_peak,sub_bagolibas_substation_48_F2_B0,,,-11.436637013147665,,,,dc
morning_peak,sub_bagolibas_substation_48_F2_B1,,,-11.662804047238183,,,,dc
morning_peak,sub_bagolibas_substation_48_F2_B2,,,-11.915501276794945,,,,dc
morning_peak,sub_bagolibas_substation_48_F2_B3,,,-12.068296973183013,,,,dc
morning_peak,sub_bagolibas_substation_48_F2_B4,,,-12.526903080949625,,,,dc
morning_peak,sub_bagolibas_substation_48_F2_B5,,,-12.677345282745677,,,,dc
morning_peak,sub_bagolibas_substation_48_F3_B0,,,-11.43663701315259,,,,dc
morning_peak,sub_bagolibas_substation_48_F3_B1,,,-11.542720040192942,,,,dc
morning_peak,sub_bagolibas_substation_48_F3_B2,,,-12.088439267736806,,,,dc
morning_peak,sub_bagolibas_substation_48_F3_B3,,,-12.42655734789166,,,,dc
morning_peak,sub_bagolibas_substation_48_F3_B4,,,-12.593786307765878,,,,dc
morning_peak,sub_bagolibas_substation_48_F3_B5,,,-12.87019620233378,,,,dc
morning_peak,sub_maasin_substation_19_F0_B0,,,-0.3908403601608629,,,,dc
morning_peak,sub_maasin_substation_19_F0_B1,,,-0.5723010782456581,,,,dc
morning_peak,sub_maasin_substation_19_F0_B2,,,-0.923434738068691,,,,dc
morning_peak,sub_maasin_substation_19_F0_B3,,,-1.296681217703169,,,,dc
morning_peak,sub_maasin_substation_19_F0_B4,,,-1.7020699674903497,,,,dc
morning_peak,sub_maasin_substation_19_F0_B5,,,-2.029580512690183,,,,dc
morning_peak,sub_maasin_substation_19_F1_B0,,,-0.26372777892685156,,,,dc
morning_peak,sub_maasin_substation_19_F1_B1,,,-0.357103480298005,,,,dc
morning_peak,sub_maasin_substation_19_F1_B2,,,-0.450962175751044,,,,dc
morning_peak,sub_maasin_substation_19_F1_B3,,,-0.4714678551212989,,,,dc
morning_peak,sub_maasin_substation_19_F2_B0,,,-0.13661519769284017,,,,dc
morning_peak,sub_maasin_substation_19_F2_B1,,,-0.14884967092109574,,,,dc
morning_peak,sub_maasin_substation_19_F3_B0,,,-0.3908403601608634,,,,dc
morning_peak,sub_maasin_substation_19_F3_B1,,,-0.4772528208847061,,,,dc
morning_peak,sub_maasin_substation_19_F3_B2,,,-0.9577951455108605,,,,dc
morning_peak,sub_maasin_substation_19_F3_B3,,,-1.6080885632194788,,,,dc
morning_peak,sub_maasin_substation_19_F3_B4,,,-1.7750353316684022,,,,dc
morning_peak,sub_maasin_substation_19_F3_B5,,,-2.09506840048802,,,,dc
morning_peak,sub_maasin_terminal_submerged_lines_59_F0_B0,,,-0.2641612969695402,,,,dc
morning_peak,sub_maasin_terminal_submerged_lines_59_F0_B1,,,-0.6513026565810536,,,,dc
morning_peak,sub_maasin_terminal_submerged_lines_59_F0_B2,,,-1.44785183514046,,,,dc
morning_peak,sub_maasin_terminal_submerged_lines_59_F0_B3,,,-1.7853428130331257,,,,dc
morning_peak,sub_maasin_terminal_submerged_lines_59_F0_B4,,,-1.8793100217491185,,,,dc
morning_peak,sub_maasin_terminal_submerged_lines_59_F0_B5,,,-1.9924603334328488,,,,dc
morning_peak,sub_maasin_terminal_submerged_lines_59_F1_B0,,,0.053620156115488746,,,,dc
morning_peak,sub_maasin_terminal_submerged_lines_59_F3_B0,,,-0.2641612969695394,,,,dc
morning_peak,sub_maasin_terminal_submerged_lines_59_F3_B1,,,-0.8388958373142531,,,,dc
morning_peak,sub_maasin_terminal_submerged_lines_59_F3_B2,,,-1.0533570718679324,,,,dc
morning_peak,sub_maasin_terminal_submerged_lines_59_F3_B3,,,-1.2975455423500861,,,,dc
morning_peak,sub_maasin_terminal_submerged_lines_59_F3_B4,,,-1.3332862286918206,,,,dc
morning_peak,sub_maasin_terminal_submerged_lines_59_F3_B5,,,-1.4023221448302157,,,,dc
morning_peak,v1_07corella,,,2.74646329656241,,,,dc
morning_peak,v1_07tapal,,,1.603990354184251,,,,dc
morning_peak,v1_05naga,,,9.264957642830119,,,,dc
morning_peak,v1_05therma,,,13.094096466979575,,,,dc
morning_peak,v1_04babatngn,,,-0.5687411329220484,,,,dc
morning_peak,v1_04kananga,,,4.542843118409981,,,,dc
morning_peak,v1_04tongona,,,9.76630528448081,,,,dc
morning_peak,v1_06bacolod,,,13.712503228533421,,,,dc
morning_peak,v1_06kabankalan,,,9.325006321810097,,,,dc
morning_peak,v1_06mabinay,,,10.222340463160885,,,,dc
morning_peak,v1_06pgpp1,,,13.334152316425692,,,,dc
morning_peak,v1_06pgpp2,,,13.203384671032193,,,,dc
morning_peak,v1_04allen,,,-2.81002082621966,,,,dc
morning_peak,v1_04sanisidro,,,-2.8100208262196604,,,,dc
morning_peak,v1_04catarman,,,-2.8100208262196595,,,,dc
morning_peak,v1_04bobon,,,-2.8100208262196595,,,,dc
morning_peak,v1_04bobolosan,,,-2.8100208262196595,,,,dc
morning_peak,v1_04lopedevega,,,-2.810020826219663,,,,dc
morning_peak,v1_04capoocan,,,-2.8218455074986766,,,,dc
morning_peak,v1_04sanagustins,,,-2.8734787157199557,,,,dc
morning_peak,v1_04catbalogan,,,-2.923242253245516,,,,dc
morning_peak,v1_04paranas69,,,-2.956613437713374,,,,dc
morning_peak,v1_04calbayog69,,,-2.8100208262196653,,,,dc
morning_peak,v1_04starita69,,,-10.730745839789055,,,,dc
morning_peak,v1_04taft,,,-3.488051535153715,,,,dc
morning_peak,v1_04borongan,,,-5.122293135899579,,,,dc
morning_peak,v1_04quinapondan,,,-7.643008750276342,,,,dc
morning_peak,v1_04babatngn69,,,-2.593909063709445,,,,dc
morning_peak,v1_04palo,,,-3.7035507867673525,,,,dc
morning_peak,v1_04tolosa,,,-3.9554368113132115,,,,dc
morning_peak,v1_04tunga,,,-3.304555747738795,,,,dc
morning_peak,v1_04talisayan,,,-15.21129288257334,,,,dc
morning_peak,v1_04sanagustinl,,,-13.496121047857205,,,,dc
morning_peak,v1_04baybay,,,-12.451802271285207,,,,dc
morning_peak,v1_04javier,,,-13.106986193769398,,,,dc
morning_peak,v1_04hilongos,,,-6.845717283735159,,,,dc
morning_peak,v1_04isabel69,,,-16.748751009307796,,,,dc
morning_peak,v1_04tabango69,,,4.8926285038994415,,,,dc
morning_peak,v1_04sambulawan,,,4.322416675757133,,,,dc
morning_peak,v1_04bontoc,,,-3.3172769034110665,,,,dc
morning_peak,v1_04himayangan,,,-3.317276903411066,,,,dc
morning_peak,v1_04stbernard,,,-3.317276903411066,,,,dc
morning_peak,v1_04maasin69,,,-3.3172769034110674,,,,dc
morning_peak,v1_04biliran,,,4.322416675757133,,,,dc
morning_peak,v1_04naval,,,4.322416675757133,,,,dc
morning_peak,sub_ubay_substation_54_F0_B0,,,1.4147591266898116,,,,dc
morning_peak,sub_ubay_substation_54_F0_B1,,,1.2799932317526057,,,,dc
morning_peak,sub_ubay_substation_54_F0_B2,,,1.206770601694253,,,,dc
morning_peak,sub_ubay_substation_54_F0_B3,,,1.0862188395920143,,,,dc
morning_peak,sub_ubay_substation_54_F0_B4,,,0.8735860924892122,,,,dc
morning_peak,sub_ubay_substation_54_F0_B5,,,0.7824105612772204,,,,dc
morning_peak,sub_ubay_substation_54_F1_B0,,,1.4147591266898116,,,,dc
morning_peak,sub_ubay_substation_54_F1_B1,,,1.129521166706975,,,,dc
morning_peak,sub_ubay_substation_54_F1_B2,,,0.8533770363441279,,,,dc
morning_peak,sub_ubay_substation_54_F1_B3,,,0.6241201731641577,,,,dc
morning_peak,sub_ubay_substation_54_F1_B4,,,0.10786583858075562,,,,dc
morning_peak,sub_ubay_substation_54_F1_B5,,,0.03955095031939336,,,,dc
morning_peak,sub_ubay_substation_54_F2_B0,,,1.4147591266898114,,,,dc
morning_peak,sub_ubay_substation_54_F2_B1,,,0.9611107617098147,,,,dc
morning_peak,sub_ubay_substation_54_F2_B2,,,0.5856909382311439,,,,dc
morning_peak,sub_ubay_substation_54_F2_B3,,,-0.011800181907435594,,,,dc
morning_peak,sub_ubay_substation_54_F2_B4,,,-0.22323991635922613,,,,dc
morning_peak,sub_ubay_substation_54_F2_B5,,,-0.5429491221301559,,,,dc
morning_peak,sub_ubay_substation_54_F3_B0,,,1.4147591266898114,,,,dc
morning_peak,sub_ubay_substation_54_F3_B1,,,1.0537004176630835,,,,dc
morning_peak,sub_ubay_substation_54_F3_B2,,,0.8601174114593253,,,,dc
morning_peak,sub_ubay_substation_54_F3_B3,,,0.750584337289562,,,,dc
morning_peak,sub_ubay_substation_54_F3_B4,,,0.6049479946952819,,,,dc
morning_peak,sub_ubay_substation_54_F3_B5,,,0.5341182274874611,,,,dc
morning_peak,sub_tugas_terminal_submerged_ngcp_lines_58_F0_B0,,,0.23705379832298362,,,,dc
morning_peak,sub_tugas_terminal_submerged_ngcp_lines_58_F1_B0,,,0.03827135745703019,,,,dc
morning_peak,sub_tugas_terminal_submerged_ngcp_lines_58_F1_B1,,,-0.4870662772038223,,,,dc
morning_peak,sub_tugas_terminal_submerged_ngcp_lines_58_F1_B2,,,-0.8081259013878239,,,,dc
morning_peak,sub_tugas_terminal_submerged_ngcp_lines_58_F1_B3,,,-0.9507878388964387,,,,dc
morning_peak,sub_tugas_terminal_submerged_ngcp_lines_58_F1_B4,,,-1.2070978120911797,,,,dc
morning_peak,sub_tugas_terminal_submerged_ngcp_lines_58_F1_B5,,,-1.5173612808419223,,,,dc
morning_peak,sub_tugas_terminal_submerged_ngcp_lines_58_F2_B0,,,0.03827135745702944,,,,dc
morning_peak,sub_tugas_terminal_submerged_ngcp_lines_58_F2_B1,,,-0.08288442023723237,,,,dc
morning_peak,sub_tugas_terminal_submerged_ngcp_lines_58_F2_B2,,,-0.16405583368362994,,,,dc
morning_peak,sub_tugas_terminal_submerged_ngcp_lines_58_F2_B3,,,-0.22831190888488687,,,,dc
morning_peak,sub_tugas_terminal_submerged_ngcp_lines_58_F2_B4,,,-0.7021824712169333,,,,dc
morning_peak,sub_tugas_terminal_submerged_ngcp_lines_58_F2_B5,,,-0.8082588731067389,,,,dc
morning_peak,sub_corella_substation_boheco_i_18_F0_B0,,,3.1042735058911357,,,,dc
morning_peak,sub_corella_substation_boheco_i_18_F0_B1,,,2.6767018428673794,,,,dc
morning_peak,sub_corella_substation_boheco_i_18_F0_B2,,,2.2187427613635733,,,,dc
morning_peak,sub_corella_substation_boheco_i_18_F0_B3,,,2.0154349310714426,,,,dc
morning_peak,sub_corella_substation_boheco_i_18_F0_B4,,,1.8199481055574498,,,,dc
morning_peak,sub_corella_substation_boheco_i_18_F0_B5,,,1.7369490493106416,,,,dc
morning_peak,sub_corella_substation_boheco_i_18_F1_B0,,,3.1042735058911353,,,,dc
morning_peak,sub_corella_substation_boheco_i_18_F1_B1,,,2.8749888965474226,,,,dc
morning_peak,sub_corella_substation_boheco_i_18_F1_B2,,,2.0196682904715297,,,,dc
morning_peak,sub_corella_substation_boheco_i_18_F1_B3,,,1.556537002324612,,,,dc
morning_peak,sub_corella_substation_boheco_i_18_F1_B4,,,1.1059799760112925,,,,dc
morning_peak,sub_corella_substation_boheco_i_18_F1_B5,,,1.0300812618893476,,,,dc
morning_peak,sub_corella_substation_boheco_i_18_F2_B0,,,3.1042735058911357,,,,dc
morning_peak,sub_corella_substation_boheco_i_18_F2_B1,,,2.8466829844948403,,,,dc
morning_peak,sub_corella_substation_boheco_i_18_F2_B2,,,2.6642372440912108,,,,dc
morning_peak,sub_corella_substation_boheco_i_18_F2_B3,,,2.461134309122223,,,,dc
morning_peak,sub_corella_substation_boheco_i_18_F2_B4,,,2.3665732932978636,,,,dc
morning_peak,sub_corella_substation_boheco_i_18_F2_B5,,,2.272047905530735,,,,dc
morning_peak,sub_corella_substation_boheco_i_18_F3_B0,,,3.1042735058911357,,,,dc
morning_peak,sub_corella_substation_boheco_i_18_F3_B1,,,2.7287414851378093,,,,dc
morning_peak,sub_corella_substation_boheco_i_18_F3_B2,,,2.5680565687352113,,,,dc
morning_peak,sub_corella_substation_boheco_i_18_F3_B3,,,2.023458153378966,,,,dc
morning_peak,sub_corella_substation_boheco_i_18_F3_B4,,,1.6907165153414654,,,,dc
morning_peak,sub_corella_substation_boheco_i_18_F3_B5,,,1.5713512013430153,,,,dc
morning_peak,sub_trinidad_substation_73_F0_B0,,,-0.8046547333690967,,,,dc
morning_peak,sub_trinidad_substation_73_F0_B1,,,-0.8905093688028975,,,,dc
morning_peak,sub_trinidad_substation_73_F0_B2,,,-1.2492491013309905,,,,dc
morning_peak,sub_trinidad_substation_73_F0_B3,,,-1.4088206424522927,,,,dc
morning_peak,sub_trinidad_substation_73_F0_B4,,,-1.6894416051809313,,,,dc
morning_peak,sub_trinidad_substation_73_F0_B5,,,-1.796055301523287,,,,dc
morning_peak,sub_trinidad_substation_73_F1_B0,,,-0.804654733369097,,,,dc
morning_peak,sub_trinidad_substation_73_F1_B1,,,-1.0592101268326306,,,,dc
morning_peak,sub_trinidad_substation_73_F1_B2,,,-1.6962018516487345,,,,dc
morning_peak,sub_trinidad_substation_73_F1_B3,,,-1.8964287122601333,,,,dc
morning_peak,sub_trinidad_substation_73_F1_B4,,,-2.0542684798555917,,,,dc
morning_peak,sub_trinidad_substation_73_F1_B5,,,-2.121660133409329,,,,dc
morning_peak,sub_trinidad_substation_73_F2_B0,,,-0.8046547333690965,,,,dc
morning_peak,sub_trinidad_substation_73_F2_B1,,,-1.1635661515983278,,,,dc
morning_peak,sub_trinidad_substation_73_F2_B2,,,-1.452580000922618,,,,dc
morning_peak,sub_trinidad_substation_73_F2_B3,,,-2.2670516813918242,,,,dc
morning_peak,sub_trinidad_substation_73_F2_B4,,,-2.521747181324923,,,,dc
morning_peak,sub_trinidad_substation_73_F2_B5,,,-2.577457982936887,,,,dc
morning_peak,sub_trinidad_substation_73_F3_B0,,,-0.8046547333691066,,,,dc
morning_peak,sub_trinidad_substation_73_F3_B1,,,-1.2304447919427508,,,,dc
morning_peak,sub_trinidad_substation_73_F3_B2,,,-1.5147578283510936,,,,dc
morning_peak,sub_trinidad_substation_73_F3_B3,,,-1.624041993921865,,,,dc
morning_peak,sub_trinidad_substation_73_F3_B4,,,-1.7295140131639384,,,,dc
morning_peak,sub_trinidad_substation_73_F3_B5,,,-1.7544325802325518,,,,dc
morning_peak,sub_alicia_substation_71_F0_B0,,,-0.9804075210153648,,,,dc
morning_peak,sub_alicia_substation_71_F0_B1,,,-1.174333468800686,,,,dc
morning_peak,sub_alicia_substation_71_F0_B2,,,-1.9287770966240358,,,,dc
morning_peak,sub_alicia_substation_71_F0_B3,,,-2.8033518626661516,,,,dc
morning_peak,sub_alicia_substation_71_F0_B4,,,-3.28967511184884,,,,dc
morning_peak,sub_alicia_substation_71_F0_B5,,,-3.523444389401632,,,,dc
morning_peak,sub_alicia_substation_71_F1_B0,,,-0.9804075210153681,,,,dc
morning_peak,sub_alicia_substation_71_F1_B1,,,-1.02702562704815,,,,dc
morning_peak,sub_alicia_substation_71_F1_B2,,,-1.5811541025710416,,,,dc
morning_peak,sub_alicia_substation_71_F1_B3,,,-1.9691303657602677,,,,dc
morning_peak,sub_alicia_substation_71_F1_B4,,,-2.2726494404649196,,,,dc
morning_peak,sub_alicia_substation_71_F1_B5,,,-2.3615425313916942,,,,dc
morning_peak,sub_alicia_substation_71_F2_B0,,,-0.980407521015365,,,,dc
morning_peak,sub_alicia_substation_71_F2_B1,,,-1.0859389641229833,,,,dc
morning_peak,sub_alicia_substation_71_F2_B2,,,-1.6353748107575499,,,,dc
morning_peak,sub_alicia_substation_71_F2_B3,,,-2.0180834265690564,,,,dc
morning_peak,sub_alicia_substation_71_F2_B4,,,-2.212247749970256,,,,dc
morning_peak,sub_alicia_substation_71_F2_B5,,,-2.3466730996264715,,,,dc
morning_peak,sub_alicia_substation_71_F3_B0,,,-0.9804075210153709,,,,dc
morning_peak,sub_alicia_substation_71_F3_B1,,,-1.2586294962410605,,,,dc
morning_peak,sub_alicia_substation_71_F3_B2,,,-1.7371760846806594,,,,dc
morning_peak,sub_alicia_substation_71_F3_B3,,,-1.9522453083729638,,,,dc
morning_peak,sub_alicia_substation_71_F3_B4,,,-2.0615701207672648,,,,dc
morning_peak,sub_alicia_substation_71_F3_B5,,,-2.248149704702966,,,,dc
morning_peak,sub_bohol_cable_terminal_89_F0_B0,,,3.591944335611523,,,,dc
morning_peak,sub_bohol_cable_terminal_89_F0_B1,,,3.434855966870788,,,,dc
morning_peak,sub_bohol_cable_terminal_89_F0_B2,,,3.2325439848655986,,,,dc
morning_peak,sub_bohol_cable_terminal_89_F0_B3,,,2.66938590273461,,,,dc
morning_peak,sub_bohol_cable_terminal_89_F0_B4,,,2.457449316523296,,,,dc
morning_peak,sub_bohol_cable_terminal_89_F0_B5,,,2.2260813795694125,,,,dc
morning_peak,sub_bohol_cable_terminal_89_F1_B0,,,3.591944335611512,,,,dc
morning_peak,sub_bohol_cable_terminal_89_F1_B1,,,3.5104324247257748,,,,dc
morning_peak,sub_bohol_cable_terminal_89_F1_B2,,,3.45773220749708,,,,dc
morning_peak,sub_bohol_cable_terminal_89_F1_B3,,,2.9622136634971077,,,,dc
morning_peak,sub_bohol_cable_terminal_89_F1_B4,,,2.7538664941813757,,,,dc
morning_peak,sub_bohol_cable_terminal_89_F1_B5,,,2.6905010474176123,,,,dc
morning_peak,sub_bohol_cable_terminal_89_F3_B0,,,3.691336060425048,,,,dc
morning_peak,v1_07corella_F0_B0,,,2.5079243675232648,,,,dc
morning_peak,v1_07corella_F0_B1,,,2.1641462920193475,,,,dc
morning_peak,v1_07corella_F0_B2,,,1.7871907774276903,,,,dc
morning_peak,v1_07corella_F0_B3,,,1.2987049851089558,,,,dc
morning_peak,v1_07corella_F0_B4,,,1.145400440870024,,,,dc
morning_peak,v1_07corella_F0_B5,,,1.057178268038097,,,,dc
morning_peak,v1_07corella_F1_B0,,,2.5079243675232705,,,,dc
morning_peak,v1_07corella_F1_B1,,,2.143857770720353,,,,dc
morning_peak,v1_07corella_F1_B2,,,2.124406372112285,,,,dc
morning_peak,v1_07corella_F1_B3,,,1.9078905440678253,,,,dc
morning_peak,v1_07corella_F1_B4,,,1.5070817890453279,,,,dc
morning_peak,v1_07corella_F1_B5,,,1.3267409468081597,,,,dc
morning_peak,v1_07corella_F2_B0,,,2.507924367523265,,,,dc
morning_peak,v1_07corella_F2_B1,,,2.1331496883033654,,,,dc
morning_peak,v1_07corella_F2_B2,,,1.8851672249835636,,,,dc
morning_peak,v1_07corella_F2_B3,,,1.6756460075516137,,,,dc
morning_peak,v1_07corella_F2_B4,,,1.2488297040251313,,,,dc
morning_peak,v1_07corella_F2_B5,,,1.0806930137382116,,,,dc
morning_peak,v1_07corella_F3_B0,,,2.5079243675232643,,,,dc
morning_peak,v1_07corella_F3_B1,,,2.356361886592601,,,,dc
morning_peak,v1_07corella_F3_B2,,,2.2876934651663863,,,,dc
morning_peak,v1_07corella_F3_B3,,,2.187731071060006,,,,dc
morning_peak,v1_07corella_F3_B4,,,2.043029244125656,,,,dc
morning_peak,v1_07corella_F3_B5,,,2.004277301326991,,,,dc
morning_peak,v1_07tapal_F0_B0,,,1.3654514251451024,,,,dc
morning_peak,v1_07tapal_F0_B1,,,1.0516310359437466,,,,dc
morning_peak,v1_07tapal_F0_B2,,,0.6246268560385358,,,,dc
morning_peak,v1_07tapal_F0_B3,,,0.4097747118891194,,,,dc
morning_peak,v1_07tapal_F0_B4,,,0.35678886124200837,,,,dc
morning_peak,v1_07tapal_F0_B5,,,0.3379097342932745,,,,dc
morning_peak,v1_07tapal_F1_B0,,,1.3654514251451062,,,,dc
morning_peak,v1_07tapal_F1_B1,,,0.9041742364179859,,,,dc
morning_peak,v1_07tapal_F1_B2,,,0.8296228434872202,,,,dc
morning_peak,v1_07tapal_F1_B3,,,0.7747504590542844,,,,dc
morning_peak,v1_07tapal_F1_B4,,,0.7279222650096757,,,,dc
morning_peak,v1_07tapal_F1_B5,,,0.5290065105296416,,,,dc
morning_peak,v1_07tapal_F2_B0,,,1.3654514251451064,,,,dc
morning_peak,v1_07tapal_F2_B1,,,1.1389743180867227,,,,dc
morning_peak,v1_07tapal_F2_B2,,,0.5788212959500569,,,,dc
morning_peak,v1_07tapal_F2_B3,,,0.4160228410891653,,,,dc
morning_peak,v1_07tapal_F2_B4,,,0.10713558608215046,,,,dc
morning_peak,v1_07tapal_F2_B5,,,-0.09961939692471095,,,,dc
morning_peak,v1_07tapal_F3_B0,,,1.3654514251451058,,,,dc
morning_peak,v1_07tapal_F3_B1,,,1.0553234956233408,,,,dc
morning_peak,v1_07tapal_F3_B2,,,0.9033218846949767,,,,dc
morning_peak,v1_07tapal_F3_B3,,,0.26637629220329223,,,,dc
morning_peak,v1_07tapal_F3_B4,,,-0.14434790323414023,,,,dc
morning_peak,v1_07tapal_F3_B5,,,-0.33035970612426807,,,,dc
morning_peak,sub_cebu_city_substation_14_F0_B0,,,7.650975029782808,,,,dc
morning_peak,sub_cebu_city_substation_14_F0_B1,,,6.7134991506023916,,,,dc
morning_peak,sub_cebu_city_substation_14_F0_B2,,,6.358996508883101,,,,dc
morning_peak,sub_cebu_city_substation_14_F0_B3,,,6.080781319851112,,,,dc
morning_peak,sub_cebu_city_substation_14_F0_B4,,,5.760194293259754,,,,dc
morning_peak,sub_cebu_city_substation_14_F0_B5,,,5.52835712195052,,,,dc
morning_peak,sub_cebu_city_substation_14_F1_B0,,,7.650975029782808,,,,dc
morning_peak,sub_cebu_city_substation_14_F1_B1,,,7.167393293584007,,,,dc
morning_peak,sub_cebu_city_substation_14_F1_B2,,,6.503700425098759,,,,dc
morning_peak,sub_cebu_city_substation_14_F1_B3,,,5.86282713339353,,,,dc
morning_peak,sub_cebu_city_substation_14_F1_B4,,,5.605045341164005,,,,dc
morning_peak,sub_cebu_city_substation_14_F1_B5,,,5.4491490967791565,,,,dc
morning_peak,sub_cebu_city_substation_14_F2_B0,,,7.650975029782808,,,,dc
morning_peak,sub_cebu_city_substation_14_F2_B1,,,7.53142467297981,,,,dc
morning_peak,sub_cebu_city_substation_14_F2_B2,,,6.4637429471842545,,,,dc
morning_peak,sub_cebu_city_substation_14_F2_B3,,,5.742798776925018,,,,dc
morning_peak,sub_cebu_city_substation_14_F2_B4,,,5.502894223197742,,,,dc
morning_peak,sub_cebu_city_substation_14_F2_B5,,,5.184431013303884,,,,dc
morning_peak,sub_cebu_city_substation_14_F3_B0,,,7.650975029782808,,,,dc
morning_peak,sub_cebu_city_substation_14_F3_B1,,,6.938089589431483,,,,dc
morning_peak,sub_cebu_city_substation_14_F3_B2,,,6.134156761573142,,,,dc
morning_peak,sub_cebu_city_substation_14_F3_B3,,,5.540758326871291,,,,dc
morning_peak,sub_cebu_city_substation_14_F3_B4,,,5.138334132396183,,,,dc
morning_peak,sub_cebu_city_substation_14_F3_B5,,,4.9327224177300515,,,,dc
morning_peak,sub_compostela_substation_15_F0_B0,,,6.7675365365410345,,,,dc
morning_peak,sub_compostela_substation_15_F0_B1,,,5.989239501485438,,,,dc
morning_peak,sub_compostela_substation_15_F0_B2,,,5.488691918393642,,,,dc
morning_peak,sub_compostela_substation_15_F0_B3,,,5.186985830024335,,,,dc
morning_peak,sub_compostela_substation_15_F0_B4,,,4.949202691593137,,,,dc
morning_peak,sub_compostela_substation_15_F0_B5,,,4.818279225368991,,,,dc
morning_peak,sub_compostela_substation_15_F1_B0,,,6.767536536541035,,,,dc
morning_peak,sub_compostela_substation_15_F1_B1,,,5.889265029320945,,,,dc
morning_peak,sub_compostela_substation_15_F1_B2,,,5.321653934501148,,,,dc
morning_peak,sub_compostela_substation_15_F1_B3,,,4.4798629743268945,,,,dc
morning_peak,sub_compostela_substation_15_F1_B4,,,4.172603992623055,,,,dc
morning_peak,sub_compostela_substation_15_F1_B5,,,3.9849879659504355,,,,dc
morning_peak,sub_compostela_substation_15_F2_B0,,,6.7675365365410345,,,,dc
morning_peak,sub_compostela_substation_15_F2_B1,,,6.414844060452255,,,,dc
morning_peak,sub_compostela_substation_15_F2_B2,,,6.24613340952502,,,,dc
morning_peak,sub_compostela_substation_15_F2_B3,,,5.644133612168565,,,,dc
morning_peak,sub_compostela_substation_15_F2_B4,,,5.333074057366763,,,,dc
morning_peak,sub_compostela_substation_15_F2_B5,,,5.1065160747823635,,,,dc
morning_peak,sub_compostela_substation_15_F3_B0,,,6.919699763454264,,,,dc
morning_peak,sub_naga_substation_16_F0_B0,,,8.965788169760168,,,,dc
morning_peak,sub_naga_substation_16_F0_B1,,,8.228339141088895,,,,dc
morning_peak,sub_naga_substation_16_F0_B2,,,7.613850304058845,,,,dc
morning_peak,sub_naga_substation_16_F0_B3,,,7.248844007448007,,,,dc
morning_peak,sub_naga_substation_16_F0_B4,,,7.158123574943802,,,,dc
morning_peak,sub_naga_substation_16_F0_B5,,,6.734399703022189,,,,dc
morning_peak,sub_naga_substation_16_F1_B0,,,8.965788169760168,,,,dc
morning_peak,sub_naga_substation_16_F1_B1,,,7.916238650592213,,,,dc
morning_peak,sub_naga_substation_16_F1_B2,,,7.384895292525014,,,,dc
morning_peak,sub_naga_substation_16_F1_B3,,,6.365806539828705,,,,dc
morning_peak,sub_naga_substation_16_F1_B4,,,5.4780951465311984,,,,dc
morning_peak,sub_naga_substation_16_F1_B5,,,5.072192730576,,,,dc
morning_peak,sub_naga_substation_16_F2_B0,,,8.96578816976017,,,,dc
morning_peak,sub_naga_substation_16_F2_B1,,,8.70816794180441,,,,dc
morning_peak,sub_naga_substation_16_F2_B2,,,8.564987362636561,,,,dc
morning_peak,sub_naga_substation_16_F2_B3,,,8.126363136146292,,,,dc
morning_peak,sub_naga_substation_16_F2_B4,,,7.549536719519943,,,,dc
morning_peak,sub_naga_substation_16_F2_B5,,,7.524222822314189,,,,dc
morning_peak,sub_naga_substation_16_F3_B0,,,8.965788169760174,,,,dc
morning_peak,sub_naga_substation_16_F3_B1,,,8.818452681698494,,,,dc
morning_peak,sub_naga_substation_16_F3_B2,,,7.958802878712057,,,,dc
morning_peak,sub_naga_substation_16_F3_B3,,,7.447714810176166,,,,dc
morning_peak,sub_naga_substation_16_F3_B4,,,7.09137302685764,,,,dc
morning_peak,sub_naga_substation_16_F3_B5,,,6.771068612367711,,,,dc
morning_peak,sub_daanbantayan_cable_terminal_27_F1_B0,,,5.35404789545773,,,,dc
morning_peak,sub_daanbantayan_cable_terminal_27_F1_B1,,,5.121783706859229,,,,dc
morning_peak,sub_daanbantayan_cable_terminal_27_F1_B2,,,5.084754198018404,,,,dc
morning_peak,sub_daanbantayan_cable_terminal_27_F1_B3,,,4.924411130840631,,,,dc
morning_peak,sub_daanbantayan_cable_terminal_27_F1_B4,,,4.90816907321325,,,,dc
morning_peak,sub_daanbantayan_cable_terminal_27_F2_B0,,,5.323615250075089,,,,dc
morning_peak,sub_daanbantayan_cable_terminal_27_F2_B1,,,4.8092283162975455,,,,dc
morning_peak,sub_daanbantayan_cable_terminal_27_F2_B2,,,4.616914573648221,,,,dc
morning_peak,sub_daanbantayan_cable_terminal_27_F2_B3,,,3.9868936736784097,,,,dc
morning_peak,sub_daanbantayan_cable_terminal_27_F2_B4,,,3.6386920978470316,,,,dc
morning_peak,sub_daanbantayan_cable_terminal_27_F2_B5,,,3.502337344415158,,,,dc
morning_peak,sub_suba_cable_terminal_29_F0_B0,,,11.39320082704614,,,,dc
morning_peak,sub_suba_cable_terminal_29_F0_B1,,,11.183772692937655,,,,dc
morning_peak,sub_suba_cable_terminal_29_F0_B2,,,10.360627070911113,,,,dc
morning_peak,sub_suba_cable_terminal_29_F0_B3,,,9.422461079843156,,,,dc
morning_peak,sub_suba_cable_terminal_29_F0_B4,,,9.287551967725063,,,,dc
morning_peak,sub_suba_cable_terminal_29_F0_B5,,,9.240784697470573,,,,dc
morning_peak,sub_suba_cable_terminal_29_F3_B0,,,11.39320082704614,,,,dc
morning_peak,sub_suba_cable_terminal_29_F3_B1,,,10.765234323956173,,,,dc
morning_peak,sub_suba_cable_terminal_29_F3_B2,,,9.834801758613915,,,,dc
morning_peak,sub_suba_cable_terminal_29_F3_B3,,,9.433728383471262,,,,dc
morning_peak,sub_suba_cable_terminal_29_F3_B4,,,9.286257717980765,,,,dc
morning_peak,sub_suba_cable_terminal_29_F3_B5,,,9.171417445165757,,,,dc
morning_peak,sub_osm_83_F0_B0,,,11.595730289803086,,,,dc
morning_peak,sub_osm_83_F0_B1,,,10.763642150273695,,,,dc
morning_peak,sub_osm_83_F0_B2,,,10.727659381003884,,,,dc
morning_peak,sub_osm_83_F0_B3,,,9.937522260172887,,,,dc
morning_peak,sub_osm_83_F0_B4,,,9.408165548224154,,,,dc
morning_peak,sub_osm_83_F0_B5,,,8.985593721527799,,,,dc
morning_peak,sub_osm_83_F2_B0,,,11.595730289803093,,,,dc
morning_peak,sub_osm_83_F2_B1,,,10.85646475141683,,,,dc
morning_peak,sub_osm_83_F2_B2,,,10.088010965637212,,,,dc
morning_peak,sub_osm_83_F2_B3,,,9.61729862153346,,,,dc
morning_peak,sub_osm_83_F2_B4,,,9.472406839315706,,,,dc
morning_peak,sub_osm_83_F2_B5,,,8.933073108766703,,,,dc
morning_peak,sub_osm_83_F3_B0,,,11.595730289803106,,,,dc
morning_peak,sub_osm_83_F3_B1,,,11.155714665388187,,,,dc
morning_peak,sub_osm_83_F3_B2,,,11.095777634859305,,,,dc
morning_peak,sub_osm_83_F3_B3,,,10.644102138127613,,,,dc
morning_peak,sub_osm_83_F3_B4,,,10.181611856355097,,,,dc
morning_peak,sub_osm_83_F3_B5,,,9.886148022628227,,,,dc
morning_peak,sub_magdugo_substation_72_F0_B0,,,7.431804247017154,,,,dc
morning_peak,sub_magdugo_substation_72_F0_B1,,,6.997203950607622,,,,dc
morning_peak,sub_magdugo_substation_72_F0_B2,,,6.382852647863668,,,,dc
morning_peak,sub_magdugo_substation_72_F0_B3,,,5.561406758529539,,,,dc
morning_peak,sub_magdugo_substation_72_F0_B4,,,5.197433980435833,,,,dc
morning_peak,sub_magdugo_substation_72_F0_B5,,,5.0316153592950945,,,,dc
morning_peak,sub_magdugo_substation_72_F1_B0,,,7.431804247017156,,,,dc
morning_peak,sub_magdugo_substation_72_F1_B1,,,7.281545479252962,,,,dc
morning_peak,sub_magdugo_substation_72_F1_B2,,,6.322301382428313,,,,dc
morning_peak,sub_magdugo_substation_72_F1_B3,,,5.778580678751439,,,,dc
morning_peak,sub_magdugo_substation_72_F1_B4,,,5.66018869953015,,,,dc
morning_peak,sub_magdugo_substation_72_F1_B5,,,5.5420154766874665,,,,dc
morning_peak,sub_magdugo_substation_72_F2_B0,,,7.431804247017154,,,,dc
morning_peak,sub_magdugo_substation_72_F2_B1,,,7.158356936418725,,,,dc
morning_peak,sub_magdugo_substation_72_F2_B2,,,6.2573740174765415,,,,dc
morning_peak,sub_magdugo_substation_72_F2_B3,,,5.902411813687235,,,,dc
morning_peak,sub_magdugo_substation_72_F2_B4,,,5.287032159032575,,,,dc
morning_peak,sub_magdugo_substation_72_F2_B5,,,5.155684317614937,,,,dc
morning_peak,sub_magdugo_substation_72_F3_B0,,,7.431804247017152,,,,dc
morning_peak,sub_magdugo_substation_72_F3_B1,,,7.2779188255652905,,,,dc
morning_peak,sub_magdugo_substation_72_F3_B2,,,7.160820869440272,,,,dc
morning_peak,sub_magdugo_substation_72_F3_B3,,,6.252197871245139,,,,dc
morning_peak,sub_magdugo_substation_72_F3_B4,,,5.836018270221006,,,,dc
morning_peak,sub_magdugo_substation_72_F3_B5,,,5.663445016107099,,,,dc
morning_peak,sub_mandugo_substation_62_F0_B0,,,10.5837695915256,,,,dc
morning_peak,sub_mandugo_substation_62_F0_B1,,,10.136165848063989,,,,dc
morning_peak,sub_mandugo_substation_62_F0_B2,,,9.867759322765394,,,,dc
morning_peak,sub_mandugo_substation_62_F0_B3,,,9.623155495984694,,,,dc
morning_peak,sub_mandugo_substation_62_F0_B4,,,8.765064952281792,,,,dc
morning_peak,sub_mandugo_substation_62_F0_B5,,,8.533165167880883,,,,dc
morning_peak,sub_mandugo_substation_62_F1_B0,,,10.88809450099465,,,,dc
morning_peak,sub_mandugo_substation_62_F2_B0,,,10.583769591525598,,,,dc
morning_peak,sub_mandugo_substation_62_F2_B1,,,10.50349791124214,,,,dc
morning_peak,sub_mandugo_substation_62_F2_B2,,,9.615846563398573,,,,dc
morning_peak,sub_mandugo_substation_62_F2_B3,,,9.33543619338542,,,,dc
morning_peak,sub_mandugo_substation_62_F2_B4,,,9.10393905023583,,,,dc
morning_peak,sub_mandugo_substation_62_F2_B5,,,9.071478849966013,,,,dc
morning_peak,sub_mandugo_substation_62_F3_B0,,,10.583769591525666,,,,dc
morning_peak,sub_mandugo_substation_62_F3_B1,,,10.295757942994152,,,,dc
morning_peak,sub_mandugo_substation_62_F3_B2,,,10.080235688597789,,,,dc
morning_peak,sub_mandugo_substation_62_F3_B3,,,9.422400790148682,,,,dc
morning_peak,sub_mandugo_substation_62_F3_B4,,,9.144394866877809,,,,dc
morning_peak,sub_mandugo_substation_62_F3_B5,,,8.86148215878386,,,,dc
morning_peak,sub_mandaue_gas_insulated_substation_64_F0_B0,,,6.737997521532336,,,,dc
morning_peak,sub_mandaue_gas_insulated_substation_64_F0_B1,,,6.123834352905162,,,,dc
morning_peak,sub_mandaue_gas_insulated_substation_64_F0_B2,,,5.459519676625648,,,,dc
morning_peak,sub_mandaue_gas_insulated_substation_64_F0_B3,,,5.423065502623595,,,,dc
morning_peak,sub_mandaue_gas_insulated_substation_64_F0_B4,,,5.155850175207175,,,,dc
morning_peak,sub_mandaue_gas_insulated_substation_64_F0_B5,,,5.061576153006832,,,,dc
morning_peak,sub_mandaue_gas_insulated_substation_64_F1_B0,,,6.737997521532336,,,,dc
morning_peak,sub_mandaue_gas_insulated_substation_64_F1_B1,,,6.283586655270876,,,,dc
morning_peak,sub_mandaue_gas_insulated_substation_64_F1_B2,,,5.066069537822212,,,,dc
morning_peak,sub_mandaue_gas_insulated_substation_64_F1_B3,,,4.342532512197319,,,,dc
morning_peak,sub_mandaue_gas_insulated_substation_64_F1_B4,,,3.8367974614704483,,,,dc
morning_peak,sub_mandaue_gas_insulated_substation_64_F1_B5,,,3.5830382080650036,,,,dc
morning_peak,sub_mandaue_gas_insulated_substation_64_F2_B0,,,6.737997521532334,,,,dc
morning_peak,sub_mandaue_gas_insulated_substation_64_F2_B1,,,6.6171185982860505,,,,dc
morning_peak,sub_mandaue_gas_insulated_substation_64_F2_B2,,,5.9288842075142165,,,,dc
morning_peak,sub_mandaue_gas_insulated_substation_64_F2_B3,,,4.940500466909,,,,dc
morning_peak,sub_mandaue_gas_insulated_substation_64_F2_B4,,,4.4816493031496325,,,,dc
morning_peak,sub_mandaue_gas_insulated_substation_64_F2_B5,,,4.379282464382302,,,,dc
morning_peak,sub_mandaue_gas_insulated_substation_64_F3_B0,,,6.737997521532335,,,,dc
morning_peak,sub_mandaue_gas_insulated_substation_64_F3_B1,,,6.5256931489827785,,,,dc
morning_peak,sub_mandaue_gas_insulated_substation_64_F3_B2,,,6.09399047480137,,,,dc
morning_peak,sub_mandaue_gas_insulated_substation_64_F3_B3,,,5.703411839087168,,,,dc
morning_peak,sub_mandaue_gas_insulated_substation_64_F3_B4,,,5.0873222011369,,,,dc
morning_peak,sub_mandaue_gas_insulated_substation_64_F3_B5,,,4.803278556819451,,,,dc
morning_peak,sub_lapu_lapu_gas_insulated_substation_63_F0_B0,,,6.732629083490475,,,,dc
morning_peak,sub_lapu_lapu_gas_insulated_substation_63_F0_B1,,,6.407203132703956,,,,dc
morning_peak,sub_lapu_lapu_gas_insulated_substation_63_F0_B2,,,5.942930684592652,,,,dc
morning_peak,sub_lapu_lapu_gas_insulated_substation_63_F0_B3,,,5.3362499984282685,,,,dc
morning_peak,sub_lapu_lapu_gas_insulated_substation_63_F0_B4,,,4.69473711430953,,,,dc
morning_peak,sub_lapu_lapu_gas_insulated_substation_63_F0_B5,,,4.178600153077342,,,,dc
morning_peak,sub_lapu_lapu_gas_insulated_substation_63_F1_B0,,,6.732629083490474,,,,dc
morning_peak,sub_lapu_lapu_gas_insulated_substation_63_F1_B1,,,6.177450296784276,,,,dc
morning_peak,sub_lapu_lapu_gas_insulated_substation_63_F1_B2,,,5.948367976175319,,,,dc
morning_peak,sub_lapu_lapu_gas_insulated_substation_63_F1_B3,,,5.305556296332275,,,,dc
morning_peak,sub_lapu_lapu_gas_insulated_substation_63_F1_B4,,,5.10561816236046,,,,dc
morning_peak,sub_lapu_lapu_gas_insulated_substation_63_F1_B5,,,4.807356529030342,,,,dc
morning_peak,sub_lapu_lapu_gas_insulated_substation_63_F2_B0,,,6.732629083490165,,,,dc
morning_peak,sub_lapu_lapu_gas_insulated_substation_63_F2_B1,,,5.908452176834732,,,,dc
morning_peak,sub_lapu_lapu_gas_insulated_substation_63_F2_B2,,,5.7654266322843375,,,,dc
morning_peak,sub_lapu_lapu_gas_insulated_substation_63_F2_B3,,,5.458449492141546,,,,dc
morning_peak,sub_lapu_lapu_gas_insulated_substation_63_F2_B4,,,5.350575489027233,,,,dc
morning_peak,sub_lapu_lapu_gas_insulated_substation_63_F2_B5,,,5.299883401670872,,,,dc
morning_peak,sub_lapu_lapu_gas_insulated_substation_63_F3_B0,,,6.732629083490474,,,,dc
morning_peak,sub_lapu_lapu_gas_insulated_substation_63_F3_B1,,,6.47617502072229,,,,dc
morning_peak,sub_lapu_lapu_gas_insulated_substation_63_F3_B2,,,6.0745128029589575,,,,dc
morning_peak,sub_lapu_lapu_gas_insulated_substation_63_F3_B3,,,5.1376428431001955,,,,dc
morning_peak,sub_lapu_lapu_gas_insulated_substation_63_F3_B4,,,4.60827291346396,,,,dc
morning_peak,sub_lapu_lapu_gas_insulated_substation_63_F3_B5,,,4.550397995254913,,,,dc
morning_peak,sub_toledo_substation_68_F0_B0,,,9.874666941771904,,,,dc
morning_peak,sub_toledo_substation_68_F0_B1,,,9.801814293869406,,,,dc
morning_peak,sub_toledo_substation_68_F0_B2,,,9.498331336822764,,,,dc
morning_peak,sub_toledo_substation_68_F0_B3,,,8.84904785861474,,,,dc
morning_peak,sub_toledo_substation_68_F0_B4,,,8.490314866367754,,,,dc
morning_peak,sub_toledo_substation_68_F0_B5,,,8.325562256703064,,,,dc
morning_peak,sub_toledo_substation_68_F1_B0,,,9.874666941771912,,,,dc
morning_peak,sub_toledo_substation_68_F1_B1,,,9.27357670715623,,,,dc
morning_peak,sub_toledo_substation_68_F1_B2,,,8.968369194901822,,,,dc
morning_peak,sub_toledo_substation_68_F1_B3,,,8.707641213113277,,,,dc
morning_peak,sub_toledo_substation_68_F1_B4,,,8.335984852146922,,,,dc
morning_peak,sub_toledo_substation_68_F1_B5,,,8.244541138791307,,,,dc
morning_peak,sub_toledo_substation_68_F2_B0,,,9.874666941771912,,,,dc
morning_peak,sub_toledo_substation_68_F2_B1,,,9.330519570567683,,,,dc
morning_peak,sub_toledo_substation_68_F2_B2,,,8.91161377192276,,,,dc
morning_peak,sub_toledo_substation_68_F2_B3,,,7.761912877804426,,,,dc
morning_peak,sub_toledo_substation_68_F2_B4,,,7.187400672634361,,,,dc
morning_peak,sub_toledo_substation_68_F2_B5,,,7.029195787707181,,,,dc
morning_peak,sub_toledo_substation_68_F3_B0,,,9.874666941771904,,,,dc
morning_peak,sub_toledo_substation_68_F3_B1,,,9.837985899735683,,,,dc
morning_peak,sub_toledo_substation_68_F3_B2,,,8.830322939310856,,,,dc
morning_peak,sub_toledo_substation_68_F3_B3,,,8.038648675592093,,,,dc
morning_peak,sub_toledo_substation_68_F3_B4,,,7.798940486648322,,,,dc
morning_peak,sub_toledo_substation_68_F3_B5,,,7.54569359115305,,,,dc
morning_peak,sub_santander_cable_terminal_82_F0_B0,,,5.616028559407658,,,,dc
morning_peak,sub_santander_cable_terminal_82_F0_B1,,,5.424856189920841,,,,dc
morning_peak,sub_santander_cable_terminal_82_F0_B2,,,5.0338854180421215,,,,dc
morning_peak,sub_santander_cable_terminal_82_F0_B3,,,5.005495618471816,,,,dc
morning_peak,sub_santander_cable_terminal_82_F0_B4,,,4.862834795204682,,,,dc
morning_peak,sub_santander_cable_terminal_82_F0_B5,,,4.76964848002046,,,,dc
morning_peak,sub_santander_cable_terminal_82_F1_B0,,,5.616028559407658,,,,dc
morning_peak,sub_santander_cable_terminal_82_F1_B1,,,5.138265775914132,,,,dc
morning_peak,sub_santander_cable_terminal_82_F1_B2,,,4.903488239756182,,,,dc
morning_peak,sub_santander_cable_terminal_82_F1_B3,,,4.74098976662276,,,,dc
morning_peak,sub_santander_cable_terminal_82_F1_B4,,,4.645532615983457,,,,dc
morning_peak,sub_santander_cable_terminal_82_F1_B5,,,4.407550049999605,,,,dc
morning_peak,sub_santander_cable_terminal_82_F2_B0,,,5.631244895429339,,,,dc
morning_peak,sub_santander_cable_terminal_82_F2_B1,,,5.588547395873776,,,,dc
morning_peak,sub_santander_cable_terminal_82_F2_B2,,,5.484163907050273,,,,dc
morning_peak,sub_santander_cable_terminal_82_F2_B3,,,5.349389667879763,,,,dc
morning_peak,sub_santander_cable_terminal_82_F2_B4,,,5.3185646960604585,,,,dc
morning_peak,sub_dumanjug_converter_station_100_F0_B0,,,5.6390390006809605,,,,dc
morning_peak,sub_dumanjug_converter_station_100_F0_B1,,,5.386711000797489,,,,dc
morning_peak,sub_dumanjug_converter_station_100_F0_B2,,,5.242005562282972,,,,dc
morning_peak,sub_dumanjug_converter_station_100_F0_B3,,,4.302100814757895,,,,dc
morning_peak,sub_dumanjug_converter_station_100_F0_B4,,,3.7031896576596073,,,,dc
morning_peak,sub_dumanjug_converter_station_100_F0_B5,,,3.528676153065231,,,,dc
morning_peak,sub_dumanjug_converter_station_100_F1_B0,,,5.654255336702662,,,,dc
morning_peak,sub_dumanjug_converter_station_100_F1_B1,,,5.091943692735493,,,,dc
morning_peak,sub_dumanjug_converter_station_100_F1_B2,,,4.870351191727861,,,,dc
morning_peak,sub_dumanjug_converter_station_100_F1_B3,,,4.772063304131081,,,,dc
morning_peak,sub_dumanjug_converter_station_100_F1_B4,,,4.7702966486746545,,,,dc
morning_peak,sub_dumanjug_converter_station_100_F2_B0,,,5.6390390006809605,,,,dc
morning_peak,sub_dumanjug_converter_station_100_F2_B1,,,5.3785769715847165,,,,dc
morning_peak,sub_dumanjug_converter_station_100_F2_B2,,,4.712772004602961,,,,dc
morning_peak,sub_dumanjug_converter_station_100_F2_B3,,,4.3415072927186635,,,,dc
morning_peak,sub_dumanjug_converter_station_100_F2_B4,,,4.164601915057535,,,,dc
morning_peak,sub_dumanjug_converter_station_100_F2_B5,,,4.081631591248423,,,,dc
morning_peak,sub_dumanjug_converter_station_100_F3_B0,,,5.6390390006809605,,,,dc
morning_peak,sub_dumanjug_converter_station_100_F3_B1,,,5.090973338540114,,,,dc
morning_peak,sub_dumanjug_converter_station_100_F3_B2,,,4.667768538703461,,,,dc
morning_peak,sub_dumanjug_converter_station_100_F3_B3,,,4.379685754720456,,,,dc
morning_peak,sub_dumanjug_converter_station_100_F3_B4,,,3.972074626560845,,,,dc
morning_peak,sub_dumanjug_converter_station_100_F3_B5,,,3.5420508000994557,,,,dc
morning_peak,sub_argao_cable_terminal_117_F1_B0,,,3.9680047624474457,,,,dc
morning_peak,sub_argao_cable_terminal_117_F1_B1,,,3.7015289854622035,,,,dc
morning_peak,sub_argao_cable_terminal_117_F1_B2,,,3.0399240203119047,,,,dc
morning_peak,sub_argao_cable_terminal_117_F1_B3,,,2.7872778272583973,,,,dc
morning_peak,sub_argao_cable_terminal_117_F1_B4,,,2.7511909245400306,,,,dc
morning_peak,sub_argao_cable_terminal_117_F1_B5,,,2.364851142696703,,,,dc
morning_peak,sub_argao_cable_terminal_117_F2_B0,,,3.968004762447449,,,,dc
morning_peak,sub_argao_cable_terminal_117_F2_B1,,,3.7551082302563996,,,,dc
morning_peak,sub_argao_cable_terminal_117_F2_B2,,,3.614523659308565,,,,dc
morning_peak,sub_argao_cable_terminal_117_F2_B3,,,2.6014440417318543,,,,dc
morning_peak,sub_argao_cable_terminal_117_F2_B4,,,1.7919580827812827,,,,dc
morning_peak,sub_argao_cable_terminal_117_F2_B5,,,1.3175866187218175,,,,dc
morning_peak,sub_argao_cable_terminal_117_F3_B0,,,4.120167989360678,,,,dc
morning_peak,sub_cebeco_iii_8_F0_B0,,,6.884018483358416,,,,dc
morning_peak,sub_cebeco_iii_8_F0_B1,,,6.259397989019158,,,,dc
morning_peak,sub_cebeco_iii_8_F0_B2,,,5.971779440399844,,,,dc
morning_peak,sub_cebeco_iii_8_F0_B3,,,5.467731829962134,,,,dc
morning_peak,sub_cebeco_iii_8_F0_B4,,,4.909856006575804,,,,dc
morning_peak,sub_cebeco_iii_8_F0_B5,,,4.89113864447504,,,,dc
morning_peak,sub_cebeco_iii_8_F1_B0,,,6.884018483358421,,,,dc
morning_peak,sub_cebeco_iii_8_F1_B1,,,6.422010290413192,,,,dc
morning_peak,sub_cebeco_iii_8_F1_B2,,,6.032896757147803,,,,dc
morning_peak,sub_cebeco_iii_8_F1_B3,,,5.582591143979381,,,,dc
morning_peak,sub_cebeco_iii_8_F1_B4,,,5.343060585713705,,,,dc
morning_peak,sub_cebeco_iii_8_F1_B5,,,5.07839789926574,,,,dc
morning_peak,sub_cebeco_iii_8_F2_B0,,,6.884018483358416,,,,dc
morning_peak,sub_cebeco_iii_8_F2_B1,,,6.797426542375787,,,,dc
morning_peak,sub_cebeco_iii_8_F2_B2,,,5.822226865427848,,,,dc
morning_peak,sub_cebeco_iii_8_F2_B3,,,5.302696422580565,,,,dc
morning_peak,sub_cebeco_iii_8_F2_B4,,,5.113257364031281,,,,dc
morning_peak,sub_cebeco_iii_8_F2_B5,,,4.653963889724282,,,,dc
morning_peak,sub_cebeco_iii_8_F3_B0,,,6.8840184833584175,,,,dc
morning_peak,sub_cebeco_iii_8_F3_B1,,,6.359776621170165,,,,dc
morning_peak,sub_cebeco_iii_8_F3_B2,,,6.093687700633126,,,,dc
morning_peak,sub_cebeco_iii_8_F3_B3,,,5.778587931563389,,,,dc
morning_peak,sub_cebeco_iii_8_F3_B4,,,5.006864299020282,,,,dc
morning_peak,sub_cebeco_iii_8_F3_B5,,,4.820505741405968,,,,dc
morning_peak,sub_ginatilan_substation_102_F0_B0,,,9.749864394576925,,,,dc
morning_peak,sub_ginatilan_substation_102_F0_B1,,,9.024532875556668,,,,dc
morning_peak,sub_ginatilan_substation_102_F0_B2,,,8.654369940767367,,,,dc
morning_peak,sub_ginatilan_substation_102_F0_B3,,,8.501226888050521,,,,dc
morning_peak,sub_ginatilan_substation_102_F0_B4,,,7.923276197916017,,,,dc
morning_peak,sub_ginatilan_substation_102_F0_B5,,,7.712289068896836,,,,dc
morning_peak,sub_ginatilan_substation_102_F2_B0,,,9.74986439457728,,,,dc
morning_peak,sub_ginatilan_substation_102_F2_B1,,,9.456786161465978,,,,dc
morning_peak,sub_ginatilan_substation_102_F2_B2,,,8.766179972960655,,,,dc
morning_peak,sub_ginatilan_substation_102_F2_B3,,,8.434951316270629,,,,dc
morning_peak,sub_ginatilan_substation_102_F2_B4,,,8.170667863716206,,,,dc
morning_peak,sub_ginatilan_substation_102_F2_B5,,,7.965973720662956,,,,dc
morning_peak,sub_ginatilan_substation_102_F3_B0,,,9.749864394576933,,,,dc
morning_peak,sub_ginatilan_substation_102_F3_B1,,,9.138936633008687,,,,dc
morning_peak,sub_ginatilan_substation_102_F3_B2,,,8.266756731097486,,,,dc
morning_peak,sub_ginatilan_substation_102_F3_B3,,,7.90677350017369,,,,dc
morning_peak,sub_ginatilan_substation_102_F3_B4,,,7.59905257048859,,,,dc
morning_peak,sub_ginatilan_substation_102_F3_B5,,,7.408662408470973,,,,dc
morning_peak,sub_talvera_cable_terminal_10_F0_B0,,,7.682510792235163,,,,dc
morning_peak,sub_talvera_cable_terminal_10_F0_B1,,,7.191810705714732,,,,dc
morning_peak,sub_talvera_cable_terminal_10_F0_B2,,,6.66607505729341,,,,dc
morning_peak,sub_talvera_cable_terminal_10_F0_B3,,,6.13472323648961,,,,dc
morning_peak,sub_talvera_cable_terminal_10_F0_B4,,,5.352852560215823,,,,dc
morning_peak,sub_talvera_cable_terminal_10_F0_B5,,,5.245589901297865,,,,dc
morning_peak,sub_talvera_cable_terminal_10_F1_B0,,,7.804241373765747,,,,dc
morning_peak,sub_talvera_cable_terminal_10_F1_B1,,,7.7894082089292045,,,,dc
morning_peak,sub_talvera_cable_terminal_10_F2_B0,,,7.682510792235106,,,,dc
morning_peak,sub_talvera_cable_terminal_10_F2_B1,,,7.438913332357757,,,,dc
morning_peak,sub_talvera_cable_terminal_10_F2_B2,,,7.397917877559847,,,,dc
morning_peak,sub_talvera_cable_terminal_10_F2_B3,,,7.08637046489727,,,,dc
morning_peak,sub_talvera_cable_terminal_10_F2_B4,,,6.80404611695918,,,,dc
morning_peak,sub_talvera_cable_terminal_10_F2_B5,,,6.701894362589439,,,,dc
morning_peak,sub_talvera_cable_terminal_10_F3_B0,,,7.682510792235163,,,,dc
morning_peak,sub_talvera_cable_terminal_10_F3_B1,,,7.261726636928152,,,,dc
morning_peak,sub_talvera_cable_terminal_10_F3_B2,,,6.512736141700731,,,,dc
morning_peak,sub_talvera_cable_terminal_10_F3_B3,,,5.546532464279664,,,,dc
morning_peak,sub_talvera_cable_terminal_10_F3_B4,,,4.912599079419078,,,,dc
morning_peak,sub_talvera_cable_terminal_10_F3_B5,,,4.825418302306659,,,,dc
morning_peak,v1_05naga_F0_B0,,,8.899767751467259,,,,dc
morning_peak,v1_05naga_F0_B1,,,8.53381085681832,,,,dc
morning_peak,v1_05naga_F0_B2,,,7.4737298543657165,,,,dc
morning_peak,v1_05naga_F0_B3,,,6.845295498225797,,,,dc
morning_peak,v1_05naga_F0_B4,,,6.687111357043115,,,,dc
morning_peak,v1_05naga_F0_B5,,,6.4960329750418735,,,,dc
morning_peak,v1_05naga_F1_B0,,,8.899767751467259,,,,dc
morning_peak,v1_05naga_F1_B1,,,8.207497239025903,,,,dc
morning_peak,v1_05naga_F1_B2,,,7.707978745365003,,,,dc
morning_peak,v1_05naga_F1_B3,,,6.821847392487918,,,,dc
morning_peak,v1_05naga_F1_B4,,,6.062567588414458,,,,dc
morning_peak,v1_05naga_F1_B5,,,5.907460235552031,,,,dc
morning_peak,v1_05naga_F2_B0,,,8.899767751467259,,,,dc
morning_peak,v1_05naga_F2_B1,,,8.067368157968382,,,,dc
morning_peak,v1_05naga_F2_B2,,,7.6731597763180135,,,,dc
morning_peak,v1_05naga_F2_B3,,,7.300722239832657,,,,dc
morning_peak,v1_05naga_F2_B4,,,6.818398063359165,,,,dc
morning_peak,v1_05naga_F2_B5,,,6.505731550192908,,,,dc
morning_peak,v1_05naga_F3_B0,,,8.899767751467254,,,,dc
morning_peak,v1_05naga_F3_B1,,,8.7286384280203,,,,dc
morning_peak,v1_05naga_F3_B2,,,8.402465655565337,,,,dc
morning_peak,v1_05naga_F3_B3,,,8.234673026721556,,,,dc
morning_peak,v1_05naga_F3_B4,,,8.15927268062759,,,,dc
morning_peak,v1_05naga_F3_B5,,,8.112889503578709,,,,dc
morning_peak,v1_05therma_F0_B0,,,12.728906575616715,,,,dc
morning_peak,v1_05therma_F0_B1,,,12.523627084541452,,,,dc
morning_peak,v1_05therma_F0_B2,,,12.127154047176662,,,,dc
morning_peak,v1_05therma_F0_B3,,,11.559691035720112,,,,dc
morning_peak,v1_05therma_F0_B4,,,11.379983278057761,,,,dc
morning_peak,v1_05therma_F0_B5,,,11.271771231621448,,,,dc
morning_peak,v1_05therma_F1_B0,,,12.972366503191932,,,,dc
morning_peak,v1_05therma_F1_B1,,,12.962110068766886,,,,dc
morning_peak,v1_05therma_F2_B0,,,12.728906575616712,,,,dc
morning_peak,v1_05therma_F2_B1,,,12.651480549316696,,,,dc
morning_peak,v1_05therma_F2_B2,,,11.970295522742738,,,,dc
morning_peak,v1_05therma_F2_B3,,,11.590719969897481,,,,dc
morning_peak,v1_05therma_F2_B4,,,10.675576960054357,,,,dc
morning_peak,v1_05therma_F2_B5,,,10.410863796564987,,,,dc
morning_peak,v1_05therma_F3_B0,,,12.728906575616714,,,,dc
morning_peak,v1_05therma_F3_B1,,,12.282443720877447,,,,dc
morning_peak,v1_05therma_F3_B2,,,11.50498546253268,,,,dc
morning_peak,v1_05therma_F3_B3,,,10.98947312591584,,,,dc
morning_peak,v1_05therma_F3_B4,,,10.671063707709319,,,,dc
morning_peak,v1_05therma_F3_B5,,,10.548171128518957,,,,dc
morning_peak,sub_tabango_substation_57_F0_B0,,,5.230158205217147,,,,dc
morning_peak,sub_tabango_substation_57_F0_B1,,,4.94237643742168,,,,dc
morning_peak,sub_tabango_substation_57_F0_B2,,,4.864411156331733,,,,dc
morning_peak,sub_tabango_substation_57_F0_B3,,,4.693162509591996,,,,dc
morning_peak,sub_tabango_substation_57_F0_B4,,,4.4649062086583795,,,,dc
morning_peak,sub_tabango_substation_57_F0_B5,,,4.393833149271862,,,,dc
morning_peak,sub_tabango_substation_57_F1_B0,,,5.230158205217147,,,,dc
morning_peak,sub_tabango_substation_57_F1_B1,,,4.955954678998112,,,,dc
morning_peak,sub_tabango_substation_57_F1_B2,,,4.779918069014585,,,,dc
morning_peak,sub_tabango_substation_57_F1_B3,,,4.566461579745323,,,,dc
morning_peak,sub_tabango_substation_57_F1_B4,,,4.347099536109241,,,,dc
morning_peak,sub_tabango_substation_57_F1_B5,,,4.314072740043337,,,,dc
morning_peak,sub_tabango_substation_57_F3_B0,,,5.230158205217147,,,,dc
morning_peak,sub_tabango_substation_57_F3_B1,,,4.8685184078985015,,,,dc
morning_peak,sub_tabango_substation_57_F3_B2,,,4.826542474631453,,,,dc
morning_peak,sub_tabango_substation_57_F3_B3,,,4.624696121100983,,,,dc
morning_peak,sub_tabango_substation_57_F3_B4,,,4.474269903816819,,,,dc
morning_peak,sub_tabango_substation_57_F3_B5,,,4.454918638265277,,,,dc
morning_peak,sub_osm_13_F0_B0,,,-17.423806986236357,,,,dc
morning_peak,sub_osm_13_F0_B1,,,-17.65625238616287,,,,dc
morning_peak,sub_osm_13_F0_B2,,,-17.780216927345634,,,,dc
morning_peak,sub_osm_13_F0_B3,,,-17.85994699088832,,,,dc
morning_peak,sub_osm_13_F0_B4,,,-17.955296398953145,,,,dc
morning_peak,sub_osm_13_F0_B5,,,-17.973116875445907,,,,dc
morning_peak,sub_osm_13_F1_B0,,,-17.42380698623635,,,,dc
morning_peak,sub_osm_13_F1_B1,,,-17.744136664149565,,,,dc
morning_peak,sub_osm_13_F1_B2,,,-17.97983182199834,,,,dc
morning_peak,sub_osm_13_F1_B3,,,-18.068426689841225,,,,dc
morning_peak,sub_osm_13_F1_B4,,,-18.27863655344448,,,,dc
morning_peak,sub_osm_13_F1_B5,,,-18.373744526214168,,,,dc
morning_peak,sub_osm_13_F2_B0,,,-17.42380698623635,,,,dc
morning_peak,sub_osm_13_F2_B1,,,-17.733709254352718,,,,dc
morning_peak,sub_osm_13_F2_B2,,,-17.78512055683884,,,,dc
morning_peak,sub_osm_13_F2_B3,,,-17.885827086059205,,,,dc
morning_peak,sub_osm_13_F2_B4,,,-17.936750794301496,,,,dc
morning_peak,sub_osm_13_F2_B5,,,-17.958684873364426,,,,dc
morning_peak,sub_osm_13_F3_B0,,,-17.423806986236354,,,,dc
morning_peak,sub_osm_13_F3_B1,,,-17.61511674884295,,,,dc
morning_peak,sub_osm_13_F3_B2,,,-17.680916966499236,,,,dc
morning_peak,sub_osm_13_F3_B3,,,-17.711746734431664,,,,dc
morning_peak,sub_osm_13_F3_B4,,,-17.80996473532885,,,,dc
morning_peak,sub_osm_13_F3_B5,,,-17.82059456255927,,,,dc
morning_peak,sub_milagro_substation_104_F0_B0,,,-0.03375299970131374,,,,dc
morning_peak,sub_milagro_substation_104_F0_B1,,,-0.3315816497554147,,,,dc
morning_peak,sub_milagro_substation_104_F0_B2,,,-0.6116615691596411,,,,dc
morning_peak,sub_milagro_substation_104_F0_B3,,,-0.8111602773771125,,,,dc
morning_peak,sub_milagro_substation_104_F0_B4,,,-0.8722077360015273,,,,dc
morning_peak,sub_milagro_substation_104_F0_B5,,,-0.9509958062182118,,,,dc
morning_peak,sub_milagro_substation_104_F1_B0,,,-0.03375299970131383,,,,dc
morning_peak,sub_milagro_substation_104_F1_B1,,,-0.17954378978182747,,,,dc
morning_peak,sub_milagro_substation_104_F1_B2,,,-0.49532665697267114,,,,dc
morning_peak,sub_milagro_substation_104_F1_B3,,,-0.6438303282555218,,,,dc
morning_peak,sub_milagro_substation_104_F1_B4,,,-0.7213496796837008,,,,dc
morning_peak,sub_milagro_substation_104_F1_B5,,,-0.7461292994631212,,,,dc
morning_peak,sub_milagro_substation_104_F2_B0,,,-0.03375299970131379,,,,dc
morning_peak,sub_milagro_substation_104_F2_B1,,,-0.1397505838419778,,,,dc
morning_peak,sub_milagro_substation_104_F2_B2,,,-0.36757689376276004,,,,dc
morning_peak,sub_milagro_substation_104_F2_B3,,,-0.7874713506946576,,,,dc
morning_peak,sub_milagro_substation_104_F2_B4,,,-1.0111883234077481,,,,dc
morning_peak,sub_milagro_substation_104_F2_B5,,,-1.1443363553005106,,,,dc
morning_peak,sub_milagro_substation_104_F3_B0,,,-0.03375299970131379,,,,dc
morning_peak,sub_milagro_substation_104_F3_B1,,,-0.20635678967432936,,,,dc
morning_peak,sub_milagro_substation_104_F3_B2,,,-0.38776717852170695,,,,dc
morning_peak,sub_milagro_substation_104_F3_B3,,,-0.6480554437957778,,,,dc
morning_peak,sub_milagro_substation_104_F3_B4,,,-0.8401091750894891,,,,dc
morning_peak,sub_milagro_substation_104_F3_B5,,,-0.8619877748905382,,,,dc
morning_peak,sub_babatngon_substation_20_F0_B0,,,-0.4119978035544582,,,,dc
morning_peak,sub_babatngon_substation_20_F0_B1,,,-0.44143681210429886,,,,dc
morning_peak,sub_babatngon_substation_20_F0_B2,,,-0.4923951779434744,,,,dc
morning_peak,sub_babatngon_substation_20_F0_B3,,,-0.4947735806364781,,,,dc
morning_peak,sub_babatngon_substation_20_F1_B0,,,-0.457001535349734,,,,dc
morning_peak,sub_babatngon_substation_20_F1_B1,,,-0.5302537500847959,,,,dc
morning_peak,sub_babatngon_substation_20_F1_B2,,,-0.6440677062012183,,,,dc
morning_peak,sub_babatngon_substation_20_F1_B3,,,-0.7237842712399231,,,,dc
morning_peak,sub_babatngon_substation_20_F1_B4,,,-0.7563201599116982,,,,dc
morning_peak,sub_babatngon_substation_20_F1_B5,,,-0.7914024584069619,,,,dc
morning_peak,sub_babatngon_substation_20_F2_B0,,,-0.45700153534973376,,,,dc
morning_peak,sub_babatngon_substation_20_F2_B1,,,-0.6758876236644432,,,,dc
morning_peak,sub_babatngon_substation_20_F2_B2,,,-0.7226447025428373,,,,dc
morning_peak,sub_babatngon_substation_20_F2_B3,,,-0.9423070073982477,,,,dc
morning_peak,sub_babatngon_substation_20_F2_B4,,,-1.0730159663332555,,,,dc
morning_peak,sub_babatngon_substation_20_F2_B5,,,-1.1494290095965864,,,,dc
morning_peak,sub_babatngon_substation_20_F3_B0,,,-0.45700153534973414,,,,dc
morning_peak,sub_babatngon_substation_20_F3_B1,,,-0.513370967278361,,,,dc
morning_peak,sub_babatngon_substation_20_F3_B2,,,-0.652311681586123,,,,dc
morning_peak,sub_babatngon_substation_20_F3_B3,,,-0.7412500506528412,,,,dc
morning_peak,sub_babatngon_substation_20_F3_B4,,,-1.0967618460196433,,,,dc
morning_peak,sub_babatngon_substation_20_F3_B5,,,-1.2440194357203953,,,,dc
morning_peak,sub_osm_55_F0_B0,,,4.327282328312462,,,,dc
morning_peak,sub_osm_55_F0_B1,,,4.2477639150579884,,,,dc
morning_peak,sub_osm_55_F0_B2,,,3.797685021134592,,,,dc
morning_peak,sub_osm_55_F0_B3,,,3.4090611176706656,,,,dc
morning_peak,sub_osm_55_F0_B4,,,3.1953753481789,,,,dc
morning_peak,sub_osm_55_F0_B5,,,3.055775310516797,,,,dc
morning_peak,sub_osm_55_F1_B0,,,4.327282328312461,,,,dc
morning_peak,sub_osm_55_F1_B1,,,4.203637335350583,,,,dc
morning_peak,sub_osm_55_F1_B2,,,4.174587233254166,,,,dc
morning_peak,sub_osm_55_F1_B3,,,3.858855953804261,,,,dc
morning_peak,sub_osm_55_F1_B4,,,3.635382695740607,,,,dc
morning_peak,sub_osm_55_F1_B5,,,3.5493487488661364,,,,dc
morning_peak,sub_osm_55_F2_B0,,,4.32728232831246,,,,dc
morning_peak,sub_osm_55_F2_B1,,,4.309819310160591,,,,dc
morning_peak,sub_osm_55_F2_B2,,,4.020325119506106,,,,dc
morning_peak,sub_osm_55_F2_B3,,,3.926272388529447,,,,dc
morning_peak,sub_osm_55_F2_B4,,,3.6652060420002637,,,,dc
morning_peak,sub_osm_55_F2_B5,,,3.5893378285753035,,,,dc
morning_peak,sub_osm_55_F3_B0,,,4.327282328312462,,,,dc
morning_peak,sub_osm_55_F3_B1,,,3.9612086680043563,,,,dc
morning_peak,sub_osm_55_F3_B2,,,3.6727416208591146,,,,dc
morning_peak,sub_osm_55_F3_B3,,,3.5906411673398266,,,,dc
morning_peak,sub_osm_55_F3_B4,,,3.296212317700394,,,,dc
morning_peak,sub_osm_55_F3_B5,,,3.164717163303476,,,,dc
morning_peak,sub_albuera_electrode_station_114_F0_B0,,,-0.23627019448976774,,,,dc
morning_peak,sub_albuera_electrode_station_114_F0_B1,,,-0.3890632074520117,,,,dc
morning_peak,sub_albuera_electrode_station_114_F0_B2,,,-0.5521345967066095,,,,dc
morning_peak,sub_albuera_electrode_station_114_F0_B3,,,-0.7212966134904937,,,,dc
morning_peak,sub_albuera_electrode_station_114_F0_B4,,,-0.8940948261360898,,,,dc
morning_peak,sub_albuera_electrode_station_114_F0_B5,,,-1.008716982261038,,,,dc
morning_peak,sub_albuera_electrode_station_114_F1_B0,,,-0.23627019448976774,,,,dc
morning_peak,sub_albuera_electrode_station_114_F1_B1,,,-0.30038625137295055,,,,dc
morning_peak,sub_albuera_electrode_station_114_F1_B2,,,-0.3304919462864107,,,,dc
morning_peak,sub_albuera_electrode_station_114_F1_B3,,,-0.46745695933698644,,,,dc
morning_peak,sub_albuera_electrode_station_114_F1_B4,,,-0.7702988494276019,,,,dc
morning_peak,sub_albuera_electrode_station_114_F1_B5,,,-0.8355817052142844,,,,dc
morning_peak,sub_albuera_electrode_station_114_F3_B0,,,-0.23627019448976758,,,,dc
morning_peak,sub_albuera_electrode_station_114_F3_B1,,,-0.31690895228961113,,,,dc
morning_peak,sub_albuera_electrode_station_114_F3_B2,,,-0.426867209149,,,,dc
morning_peak,sub_albuera_electrode_station_114_F3_B3,,,-0.6781897331532394,,,,dc
morning_peak,sub_albuera_electrode_station_114_F3_B4,,,-0.8495979618487343,,,,dc
morning_peak,sub_albuera_electrode_station_114_F3_B5,,,-0.9597525170472303,,,,dc
morning_peak,v1_04babatngn_F0_B0,,,-0.7037523283078749,,,,dc
morning_peak,v1_04babatngn_F0_B1,,,-0.7794941572466241,,,,dc
morning_peak,v1_04babatngn_F0_B2,,,-0.8180634000372106,,,,dc
morning_peak,v1_04babatngn_F0_B3,,,-0.8870688965743998,,,,dc
morning_peak,v1_04babatngn_F0_B4,,,-0.8915119882895811,,,,dc
morning_peak,v1_04babatngn_F0_B5,,,-0.9092160389792463,,,,dc
morning_peak,v1_04babatngn_F1_B0,,,-0.7037523283078752,,,,dc
morning_peak,v1_04babatngn_F1_B1,,,-0.9989641452733536,,,,dc
morning_peak,v1_04babatngn_F1_B2,,,-1.2821227739296377,,,,dc
morning_peak,v1_04babatngn_F1_B3,,,-1.6009780214158658,,,,dc
morning_peak,v1_04babatngn_F1_B4,,,-1.672285050593473,,,,dc
morning_peak,v1_04babatngn_F1_B5,,,-1.716269686853491,,,,dc
morning_peak,v1_04babatngn_F2_B0,,,-0.7037523283078747,,,,dc
morning_peak,v1_04babatngn_F2_B1,,,-0.7418709346680649,,,,dc
morning_peak,v1_04babatngn_F2_B2,,,-0.9512507165581194,,,,dc
morning_peak,v1_04babatngn_F2_B3,,,-0.9867801850646026,,,,dc
morning_peak,v1_04babatngn_F2_B4,,,-1.1813861786537152,,,,dc
morning_peak,v1_04babatngn_F2_B5,,,-1.347806213108612,,,,dc
morning_peak,v1_04babatngn_F3_B0,,,-0.7037523283078746,,,,dc
morning_peak,v1_04babatngn_F3_B1,,,-0.7614169114220235,,,,dc
morning_peak,v1_04babatngn_F3_B2,,,-0.8851765088332872,,,,dc
morning_peak,v1_04babatngn_F3_B3,,,-0.9854158232985566,,,,dc
morning_peak,v1_04babatngn_F3_B4,,,-1.009052826657398,,,,dc
morning_peak,v1_04babatngn_F3_B5,,,-1.094708538647219,,,,dc
morning_peak,v1_04kananga_F0_B0,,,4.475337178146456,,,,dc
morning_peak,v1_04kananga_F0_B1,,,4.322692794440505,,,,dc
morning_peak,v1_04kananga_F0_B2,,,4.16792981600001,,,,dc
morning_peak,v1_04kananga_F0_B3,,,3.9167773893716777,,,,dc
morning_peak,v1_04kananga_F0_B4,,,3.8832156871155497,,,,dc
morning_peak,v1_04kananga_F0_B5,,,3.754801162965679,,,,dc
morning_peak,v1_04kananga_F1_B0,,,4.47533717814646,,,,dc
morning_peak,v1_04kananga_F1_B1,,,4.24362738392951,,,,dc
morning_peak,v1_04kananga_F1_B2,,,4.0958584825724005,,,,dc
morning_peak,v1_04kananga_F1_B3,,,3.9488249084296156,,,,dc
morning_peak,v1_04kananga_F1_B4,,,3.7624808218017933,,,,dc
morning_peak,v1_04kananga_F1_B5,,,3.718518859940626,,,,dc
morning_peak,v1_04kananga_F2_B0,,,4.475337178146071,,,,dc
morning_peak,v1_04kananga_F2_B1,,,4.218967281140288,,,,dc
morning_peak,v1_04kananga_F2_B2,,,3.7819538294329966,,,,dc
morning_peak,v1_04kananga_F2_B3,,,3.7302583223051933,,,,dc
morning_peak,v1_04kananga_F2_B4,,,3.6401955955381737,,,,dc
morning_peak,v1_04kananga_F2_B5,,,3.529046054635147,,,,dc
morning_peak,v1_04kananga_F3_B0,,,4.475337178146456,,,,dc
morning_peak,v1_04kananga_F3_B1,,,4.223945117591723,,,,dc
morning_peak,v1_04kananga_F3_B2,,,4.066039019904369,,,,dc
morning_peak,v1_04kananga_F3_B3,,,3.9332107857681997,,,,dc
morning_peak,v1_04kananga_F3_B4,,,3.9244276921268946,,,,dc
morning_peak,v1_04kananga_F3_B5,,,3.809350895945042,,,,dc
morning_peak,v1_04tongona_F0_B0,,,9.631294089095054,,,,dc
morning_peak,v1_04tongona_F0_B1,,,9.287229311263419,,,,dc
morning_peak,v1_04tongona_F0_B2,,,9.005497052929197,,,,dc
morning_peak,v1_04tongona_F0_B3,,,8.825390995383257,,,,dc
morning_peak,v1_04tongona_F0_B4,,,8.657593791075348,,,,dc
morning_peak,v1_04tongona_F0_B5,,,8.645922189982272,,,,dc
morning_peak,v1_04tongona_F1_B0,,,9.63129408909498,,,,dc
morning_peak,v1_04tongona_F1_B1,,,9.497568060897809,,,,dc
morning_peak,v1_04tongona_F1_B2,,,9.098441376871925,,,,dc
morning_peak,v1_04tongona_F1_B3,,,9.050578204051238,,,,dc
morning_peak,v1_04tongona_F1_B4,,,8.90987422174014,,,,dc
morning_peak,v1_04tongona_F1_B5,,,8.831321389032839,,,,dc
morning_peak,v1_04tongona_F2_B0,,,9.63129408909498,,,,dc
morning_peak,v1_04tongona_F2_B1,,,9.40657220098644,,,,dc
morning_peak,v1_04tongona_F2_B2,,,9.395679491375951,,,,dc
morning_peak,v1_04tongona_F2_B3,,,9.091887032980923,,,,dc
morning_peak,v1_04tongona_F2_B4,,,8.802115723375403,,,,dc
morning_peak,v1_04tongona_F2_B5,,,8.672711792653443,,,,dc
morning_peak,v1_04tongona_F3_B0,,,9.63129408909498,,,,dc
morning_peak,v1_04tongona_F3_B1,,,9.46152739983246,,,,dc
morning_peak,v1_04tongona_F3_B2,,,9.325486621272159,,,,dc
morning_peak,v1_04tongona_F3_B3,,,9.200171295849735,,,,dc
morning_peak,v1_04tongona_F3_B4,,,8.856622546615561,,,,dc
morning_peak,v1_04tongona_F3_B5,,,8.691129031911762,,,,dc
morning_peak,v1_04babatngn69_F0_B0,,,-2.9314303684677294,,,,dc
morning_peak,v1_04babatngn69_F0_B1,,,-3.2632373351679553,,,,dc
morning_peak,v1_04babatngn69_F0_B2,,,-3.289949306165358,,,,dc
morning_peak,v1_04babatngn69_F0_B3,,,-3.2995513591132353,,,,dc
morning_peak,v1_04babatngn69_F0_B4,,,-3.3266337377438657,,,,dc
morning_peak,v1_04babatngn69_F0_B5,,,-3.342416747106979,,,,dc
morning_peak,v1_04babatngn69_F1_B0,,,-2.9314303684677245,,,,dc
morning_peak,v1_04babatngn69_F1_B1,,,-3.22485739234399,,,,dc
morning_peak,v1_04babatngn69_F1_B2,,,-3.388715014051606,,,,dc
morning_peak,v1_04babatngn69_F1_B3,,,-3.7274837407336334,,,,dc
morning_peak,v1_04babatngn69_F1_B4,,,-3.946819259485058,,,,dc
morning_peak,v1_04babatngn69_F1_B5,,,-3.9556285731726266,,,,dc
morning_peak,v1_04babatngn69_F2_B0,,,-2.9314303684677254,,,,dc
morning_peak,v1_04babatngn69_F2_B1,,,-3.027727843258034,,,,dc
morning_peak,v1_04babatngn69_F2_B2,,,-3.274117252782856,,,,dc
morning_peak,v1_04babatngn69_F2_B3,,,-3.409888152849908,,,,dc
morning_peak,v1_04babatngn69_F2_B4,,,-3.6587470476207007,,,,dc
morning_peak,v1_04babatngn69_F2_B5,,,-3.821680275500267,,,,dc
morning_peak,v1_04babatngn69_F3_B0,,,-2.9314303684677268,,,,dc
morning_peak,v1_04babatngn69_F3_B1,,,-2.9732894250027972,,,,dc
morning_peak,v1_04babatngn69_F3_B2,,,-3.022216249982354,,,,dc
morning_peak,v1_04babatngn69_F3_B3,,,-3.380216309692731,,,,dc
morning_peak,v1_04babatngn69_F3_B4,,,-3.5492046466868947,,,,dc
morning_peak,v1_04babatngn69_F3_B5,,,-3.5627859145613705,,,,dc
morning_peak,v1_04palo_F0_B0,,,-4.0410720915256295,,,,dc
morning_peak,v1_04palo_F0_B1,,,-4.199865114855762,,,,dc
morning_peak,v1_04palo_F0_B2,,,-4.262029105283806,,,,dc
morning_peak,v1_04palo_F0_B3,,,-4.3373782549242454,,,,dc
morning_peak,v1_04palo_F0_B4,,,-4.3988246980179015,,,,dc
morning_peak,v1_04palo_F0_B5,,,-4.412120623860626,,,,dc
morning_peak,v1_04palo_F1_B0,,,-4.041072091525632,,,,dc
morning_peak,v1_04palo_F1_B1,,,-4.327471530418939,,,,dc
morning_peak,v1_04palo_F1_B2,,,-4.423363842641368,,,,dc
morning_peak,v1_04palo_F1_B3,,,-4.789482580694311,,,,dc
morning_peak,v1_04palo_F1_B4,,,-5.14829951921994,,,,dc
morning_peak,v1_04palo_F1_B5,,,-5.297506091011059,,,,dc
morning_peak,v1_04palo_F2_B0,,,-4.041072091525629,,,,dc
morning_peak,v1_04palo_F2_B1,,,-4.255711753158806,,,,dc
morning_peak,v1_04palo_F2_B2,,,-4.382396776476878,,,,dc
morning_peak,v1_04palo_F2_B3,,,-4.466185663447247,,,,dc
morning_peak,v1_04palo_F2_B4,,,-4.478258151995503,,,,dc
morning_peak,v1_04palo_F2_B5,,,-4.642007240931872,,,,dc
morning_peak,v1_04palo_F3_B0,,,-4.041072091525632,,,,dc
morning_peak,v1_04palo_F3_B1,,,-4.267310810390657,,,,dc
morning_peak,v1_04palo_F3_B2,,,-4.428442018127249,,,,dc
morning_peak,v1_04palo_F3_B3,,,-4.513743264011327,,,,dc
morning_peak,v1_04palo_F3_B4,,,-4.531672774626085,,,,dc
morning_peak,v1_04palo_F3_B5,,,-4.540134995889609,,,,dc
morning_peak,v1_04tolosa_F1_B0,,,-4.292958116071502,,,,dc
morning_peak,v1_04tolosa_F1_B1,,,-4.535083522117458,,,,dc
morning_peak,v1_04tolosa_F1_B2,,,-4.655603184999499,,,,dc
morning_peak,v1_04tolosa_F1_B3,,,-4.943080037330499,,,,dc
morning_peak,v1_04tolosa_F1_B4,,,-4.967762978055449,,,,dc
morning_peak,v1_04tolosa_F1_B5,,,-5.102376481731075,,,,dc
morning_peak,v1_04tolosa_F2_B0,,,-4.2929581160714925,,,,dc
morning_peak,v1_04tolosa_F2_B1,,,-4.642465499368191,,,,dc
morning_peak,v1_04tolosa_F2_B2,,,-4.714419490017692,,,,dc
morning_peak,v1_04tolosa_F2_B3,,,-4.933365690776369,,,,dc
morning_peak,v1_04tolosa_F2_B4,,,-5.146920663138602,,,,dc
morning_peak,v1_04tolosa_F2_B5,,,-5.258751374636754,,,,dc
morning_peak,v1_04tolosa_F3_B0,,,-4.292958116071494,,,,dc
morning_peak,v1_04tolosa_F3_B1,,,-4.382749528658192,,,,dc
morning_peak,v1_04tolosa_F3_B2,,,-4.595067275254485,,,,dc
morning_peak,v1_04tolosa_F3_B3,,,-4.627250678752269,,,,dc
morning_peak,v1_04tolosa_F3_B4,,,-4.740390847146521,,,,dc
morning_peak,v1_04tolosa_F3_B5,,,-4.793518703828708,,,,dc
morning_peak,v1_04tunga_F0_B0,,,-3.642077052497075,,,,dc
morning_peak,v1_04tunga_F0_B1,,,-3.755341194481607,,,,dc
morning_peak,v1_04tunga_F0_B2,,,-4.1127890103684654,,,,dc
morning_peak,v1_04tunga_F0_B3,,,-4.3325258980995764,,,,dc
morning_peak,v1_04tunga_F0_B4,,,-4.543646597217421,,,,dc
morning_peak,v1_04tunga_F0_B5,,,-4.624528876031236,,,,dc
morning_peak,v1_04tunga_F1_B0,,,-3.642077052497075,,,,dc
morning_peak,v1_04tunga_F1_B1,,,-3.7977163514197976,,,,dc
morning_peak,v1_04tunga_F1_B2,,,-4.236521885509524,,,,dc
morning_peak,v1_04tunga_F1_B3,,,-4.377574963647601,,,,dc
morning_peak,v1_04tunga_F1_B4,,,-4.6116175762730975,,,,dc
morning_peak,v1_04tunga_F1_B5,,,-4.748644561142295,,,,dc
morning_peak,v1_04tunga_F2_B0,,,-3.6420770524970734,,,,dc
morning_peak,v1_04tunga_F2_B1,,,-3.767855909959309,,,,dc
morning_peak,v1_04tunga_F2_B2,,,-3.8455001397870423,,,,dc
morning_peak,v1_04tunga_F2_B3,,,-4.224841486975684,,,,dc
morning_peak,v1_04tunga_F2_B4,,,-4.314569267131142,,,,dc
morning_peak,v1_04tunga_F2_B5,,,-4.411867490332788,,,,dc
morning_peak,v1_04tunga_F3_B0,,,-3.642077052497075,,,,dc
morning_peak,v1_04tunga_F3_B1,,,-4.004612812888876,,,,dc
morning_peak,v1_04tunga_F3_B2,,,-4.255929010586284,,,,dc
morning_peak,v1_04tunga_F3_B3,,,-4.457535190827482,,,,dc
morning_peak,v1_04tunga_F3_B4,,,-4.57742432755529,,,,dc
morning_peak,v1_04tunga_F3_B5,,,-4.596579962410984,,,,dc
morning_peak,v1_04talisayan_F0_B0,,,-15.548814187331619,,,,dc
morning_peak,v1_04talisayan_F0_B1,,,-15.736972982992254,,,,dc
morning_peak,v1_04talisayan_F0_B2,,,-15.98685222460928,,,,dc
morning_peak,v1_04talisayan_F0_B3,,,-16.217104894385585,,,,dc
morning_peak,v1_04talisayan_F0_B4,,,-16.427882051027698,,,,dc
morning_peak,v1_04talisayan_F0_B5,,,-16.53012096934233,,,,dc
morning_peak,v1_04talisayan_F1_B0,,,-15.548814187331638,,,,dc
morning_peak,v1_04talisayan_F1_B1,,,-15.700472496646755,,,,dc
morning_peak,v1_04talisayan_F1_B2,,,-15.737921839492651,,,,dc
morning_peak,v1_04talisayan_F1_B3,,,-15.828545025999643,,,,dc
morning_peak,v1_04talisayan_F1_B4,,,-16.145529544233653,,,,dc
morning_peak,v1_04talisayan_F1_B5,,,-16.21091799871579,,,,dc
morning_peak,v1_04talisayan_F2_B0,,,-15.32379998415943,,,,dc
morning_peak,v1_04talisayan_F2_B1,,,-15.336018504393985,,,,dc
morning_peak,v1_04talisayan_F3_B0,,,-15.548814187331615,,,,dc
morning_peak,v1_04talisayan_F3_B1,,,-15.593130881921388,,,,dc
morning_peak,v1_04talisayan_F3_B2,,,-15.83038763635356,,,,dc
morning_peak,v1_04talisayan_F3_B3,,,-16.05733463327649,,,,dc
morning_peak,v1_04talisayan_F3_B4,,,-16.16279855677093,,,,dc
morning_peak,v1_04talisayan_F3_B5,,,-16.298530767464523,,,,dc
morning_peak,v1_04sanagustinl_F0_B0,,,-13.833642352615483,,,,dc
morning_peak,v1_04sanagustinl_F0_B1,,,-14.225376390464234,,,,dc
morning_peak,v1_04sanagustinl_F0_B2,,,-14.388456394489115,,,,dc
morning_peak,v1_04sanagustinl_F0_B3,,,-14.637865016500307,,,,dc
morning_peak,v1_04sanagustinl_F0_B4,,,-14.805664361823899,,,,dc
morning_peak,v1_04sanagustinl_F0_B5,,,-14.846842742972381,,,,dc
morning_peak,v1_04sanagustinl_F1_B0,,,-13.833642352615476,,,,dc
morning_peak,v1_04sanagustinl_F1_B1,,,-14.049485359781903,,,,dc
morning_peak,v1_04sanagustinl_F1_B2,,,-14.298338274340981,,,,dc
morning_peak,v1_04sanagustinl_F1_B3,,,-14.453128118551161,,,,dc
morning_peak,v1_04sanagustinl_F1_B4,,,-14.516707742579506,,,,dc
morning_peak,v1_04sanagustinl_F1_B5,,,-14.550164272304032,,,,dc
morning_peak,v1_04sanagustinl_F3_B0,,,-13.833642352615488,,,,dc
morning_peak,v1_04sanagustinl_F3_B1,,,-14.066946620175505,,,,dc
morning_peak,v1_04sanagustinl_F3_B2,,,-14.20505810692618,,,,dc
morning_peak,v1_04sanagustinl_F3_B3,,,-14.280138862669448,,,,dc
morning_peak,v1_04sanagustinl_F3_B4,,,-14.506767898559174,,,,dc
morning_peak,v1_04sanagustinl_F3_B5,,,-14.634595777495361,,,,dc
morning_peak,v1_04baybay_F0_B0,,,-12.78932357604349,,,,dc
morning_peak,v1_04baybay_F0_B1,,,-13.007274458786394,,,,dc
morning_peak,v1_04baybay_F0_B2,,,-13.145158375542527,,,,dc
morning_peak,v1_04baybay_F0_B3,,,-13.173345192464259,,,,dc
morning_peak,v1_04baybay_F0_B4,,,-13.542060191160243,,,,dc
morning_peak,v1_04baybay_F0_B5,,,-13.632786176898572,,,,dc
morning_peak,v1_04baybay_F1_B0,,,-12.789323576043486,,,,dc
morning_peak,v1_04baybay_F1_B1,,,-13.010350625646243,,,,dc
morning_peak,v1_04baybay_F1_B2,,,-13.088609894485915,,,,dc
morning_peak,v1_04baybay_F1_B3,,,-13.256904874675431,,,,dc
morning_peak,v1_04baybay_F1_B4,,,-13.393657400960732,,,,dc
morning_peak,v1_04baybay_F1_B5,,,-13.434130400247698,,,,dc
morning_peak,v1_04baybay_F3_B0,,,-12.789323576043484,,,,dc
morning_peak,v1_04baybay_F3_B1,,,-13.002752322336397,,,,dc
morning_peak,v1_04baybay_F3_B2,,,-13.131544375812569,,,,dc
morning_peak,v1_04baybay_F3_B3,,,-13.264539105551755,,,,dc
morning_peak,v1_04baybay_F3_B4,,,-13.480752151503829,,,,dc
morning_peak,v1_04baybay_F3_B5,,,-13.534804393697037,,,,dc
morning_peak,v1_04javier_F0_B0,,,-13.44450749852764,,,,dc
morning_peak,v1_04javier_F0_B1,,,-13.49001027251181,,,,dc
morning_peak,v1_04javier_F0_B2,,,-13.496418878876394,,,,dc
morning_peak,v1_04javier_F0_B3,,,-13.877443523618266,,,,dc
morning_peak,v1_04javier_F0_B4,,,-13.934915879624016,,,,dc
morning_peak,v1_04javier_F0_B5,,,-13.97149568680499,,,,dc
morning_peak,v1_04javier_F1_B0,,,-13.444507498527674,,,,dc
morning_peak,v1_04javier_F1_B1,,,-13.504281399312555,,,,dc
morning_peak,v1_04javier_F1_B2,,,-13.889622052732774,,,,dc
morning_peak,v1_04javier_F1_B3,,,-14.08588169842814,,,,dc
morning_peak,v1_04javier_F1_B4,,,-14.198579336215657,,,,dc
morning_peak,v1_04javier_F1_B5,,,-14.28458263925784,,,,dc
morning_peak,v1_04javier_F2_B0,,,-13.444507498527651,,,,dc
morning_peak,v1_04javier_F2_B1,,,-13.581734877811872,,,,dc
morning_peak,v1_04javier_F2_B2,,,-13.916727934227355,,,,dc
morning_peak,v1_04javier_F2_B3,,,-13.932034162714055,,,,dc
morning_peak,v1_04javier_F2_B4,,,-14.152848201583463,,,,dc
morning_peak,v1_04javier_F2_B5,,,-14.237630587011154,,,,dc
morning_peak,v1_04javier_F3_B0,,,-13.444507498527667,,,,dc
morning_peak,v1_04javier_F3_B1,,,-13.71433277583198,,,,dc
morning_peak,v1_04javier_F3_B2,,,-13.803606229449684,,,,dc
morning_peak,v1_04javier_F3_B3,,,-13.899427389569302,,,,dc
morning_peak,v1_04javier_F3_B4,,,-14.07491491189688,,,,dc
morning_peak,v1_04javier_F3_B5,,,-14.118287374201774,,,,dc
morning_peak,v1_04hilongos_F0_B0,,,-7.1832385884934356,,,,dc
morning_peak,v1_04hilongos_F0_B1,,,-7.316439611512669,,,,dc
morning_peak,v1_04hilongos_F0_B2,,,-7.436757788518163,,,,dc
morning_peak,v1_04hilongos_F0_B3,,,-7.763036864410384,,,,dc
morning_peak,v1_04hilongos_F0_B4,,,-7.950479001629423,,,,dc
morning_peak,v1_04hilongos_F0_B5,,,-8.021558070547538,,,,dc
morning_peak,v1_04hilongos_F1_B0,,,-7.1832385884934356,,,,dc
morning_peak,v1_04hilongos_F1_B1,,,-7.267756372944097,,,,dc
morning_peak,v1_04hilongos_F1_B2,,,-7.453732133294796,,,,dc
morning_peak,v1_04hilongos_F1_B3,,,-7.58867335758541,,,,dc
morning_peak,v1_04hilongos_F1_B4,,,-7.659442432604532,,,,dc
morning_peak,v1_04hilongos_F1_B5,,,-7.702553135310701,,,,dc
morning_peak,v1_04hilongos_F2_B0,,,-6.901970834528206,,,,dc
morning_peak,v1_04hilongos_F3_B0,,,-7.183238588493438,,,,dc
morning_peak,v1_04hilongos_F3_B1,,,-7.32497997709717,,,,dc
morning_peak,v1_04hilongos_F3_B2,,,-7.55882582091314,,,,dc
morning_peak,v1_04hilongos_F3_B3,,,-7.768339466633243,,,,dc
morning_peak,v1_04hilongos_F3_B4,,,-7.8690550940135,,,,dc
morning_peak,v1_04hilongos_F3_B5,,,-7.980175417605875,,,,dc
morning_peak,v1_04isabel69_F0_B0,,,-17.086272314066118,,,,dc
morning_peak,v1_04isabel69_F0_B1,,,-17.189458277266453,,,,dc
morning_peak,v1_04isabel69_F0_B2,,,-17.62838219351732,,,,dc
morning_peak,v1_04isabel69_F0_B3,,,-17.860654096168336,,,,dc
morning_peak,v1_04isabel69_F0_B4,,,-18.147930948720738,,,,dc
morning_peak,v1_04isabel69_F0_B5,,,-18.260502102348767,,,,dc
morning_peak,v1_04isabel69_F1_B0,,,-17.086272314066147,,,,dc
morning_peak,v1_04isabel69_F1_B1,,,-17.361980510713813,,,,dc
morning_peak,v1_04isabel69_F1_B2,,,-17.444088547996913,,,,dc
morning_peak,v1_04isabel69_F1_B3,,,-17.502186651797448,,,,dc
morning_peak,v1_04isabel69_F1_B4,,,-17.576121155352343,,,,dc
morning_peak,v1_04isabel69_F1_B5,,,-17.596871825004857,,,,dc
morning_peak,v1_04isabel69_F2_B0,,,-17.08627231406612,,,,dc
morning_peak,v1_04isabel69_F2_B1,,,-17.110154809679358,,,,dc
morning_peak,v1_04isabel69_F2_B2,,,-17.24241451822603,,,,dc
morning_peak,v1_04isabel69_F2_B3,,,-17.272306296443933,,,,dc
morning_peak,v1_04isabel69_F2_B4,,,-17.341134419397925,,,,dc
morning_peak,v1_04isabel69_F2_B5,,,-17.361931834220144,,,,dc
morning_peak,v1_04isabel69_F3_B0,,,-17.086272314066164,,,,dc
morning_peak,v1_04isabel69_F3_B1,,,-17.109232340755902,,,,dc
morning_peak,v1_04isabel69_F3_B2,,,-17.312597950050982,,,,dc
morning_peak,v1_04isabel69_F3_B3,,,-17.533561515499162,,,,dc
morning_peak,v1_04isabel69_F3_B4,,,-17.592191240738995,,,,dc
morning_peak,v1_04isabel69_F3_B5,,,-17.61994815647146,,,,dc
morning_peak,v1_04tabango69_F0_B0,,,4.55510719914108,,,,dc
morning_peak,v1_04tabango69_F0_B1,,,4.233283549762004,,,,dc
morning_peak,v1_04tabango69_F0_B2,,,4.074406027471555,,,,dc
morning_peak,v1_04tabango69_F0_B3,,,3.771687810927977,,,,dc
morning_peak,v1_04tabango69_F0_B4,,,3.6303181801546267,,,,dc
morning_peak,v1_04tabango69_F0_B5,,,3.561853773949806,,,,dc
morning_peak,v1_04tabango69_F3_B0,,,4.555107199141087,,,,dc
morning_peak,v1_04tabango69_F3_B1,,,4.454187863615596,,,,dc
morning_peak,v1_04tabango69_F3_B2,,,4.367831177575846,,,,dc
morning_peak,v1_04tabango69_F3_B3,,,4.151727032743881,,,,dc
morning_peak,v1_04tabango69_F3_B4,,,4.074416449398574,,,,dc
morning_peak,v1_04tabango69_F3_B5,,,3.973016795154741,,,,dc
morning_peak,v1_04sambulawan_F0_B0,,,3.984895370998774,,,,dc
morning_peak,v1_04sambulawan_F0_B1,,,3.798280724226629,,,,dc
morning_peak,v1_04sambulawan_F0_B2,,,3.652391287930534,,,,dc
morning_peak,v1_04sambulawan_F0_B3,,,3.38956349429965,,,,dc
morning_peak,v1_04sambulawan_F0_B4,,,3.1357866746751286,,,,dc
morning_peak,v1_04sambulawan_F0_B5,,,3.0189562259486986,,,,dc
morning_peak,v1_04sambulawan_F1_B0,,,3.9848953709987756,,,,dc
morning_peak,v1_04sambulawan_F1_B1,,,3.6553452772434665,,,,dc
morning_peak,v1_04sambulawan_F1_B2,,,3.5118948398603353,,,,dc
morning_peak,v1_04sambulawan_F1_B3,,,3.2493267093327116,,,,dc
morning_peak,v1_04sambulawan_F1_B4,,,3.03983057695739,,,,dc
morning_peak,v1_04sambulawan_F1_B5,,,2.9980179334833497,,,,dc
morning_peak,v1_04sambulawan_F2_B0,,,3.9848953709987756,,,,dc
morning_peak,v1_04sambulawan_F2_B1,,,3.900760178693429,,,,dc
morning_peak,v1_04sambulawan_F2_B2,,,3.8226236997844656,,,,dc
morning_peak,v1_04sambulawan_F2_B3,,,3.731184930414846,,,,dc
morning_peak,v1_04sambulawan_F2_B4,,,3.480341471292624,,,,dc
morning_peak,v1_04sambulawan_F2_B5,,,3.344557575762229,,,,dc
morning_peak,v1_04sambulawan_F3_B0,,,3.9848953709987986,,,,dc
morning_peak,v1_04sambulawan_F3_B1,,,3.901130348636541,,,,dc
morning_peak,v1_04sambulawan_F3_B2,,,3.764218264192722,,,,dc
morning_peak,v1_04sambulawan_F3_B3,,,3.7398869245072786,,,,dc
morning_peak,v1_04sambulawan_F3_B4,,,3.7255302985305287,,,,dc
morning_peak,v1_04sambulawan_F3_B5,,,3.6762005727095772,,,,dc
morning_peak,sub_cadiz_substation_56_F0_B0,,,9.197829888062165,,,,dc
morning_peak,sub_cadiz_substation_56_F0_B1,,,8.833403495871885,,,,dc
morning_peak,sub_cadiz_substation_56_F0_B2,,,7.4757157172308775,,,,dc
morning_peak,sub_cadiz_substation_56_F0_B3,,,7.366149587692396,,,,dc
morning_peak,sub_cadiz_substation_56_F0_B4,,,7.317442566684624,,,,dc
morning_peak,sub_cadiz_substation_56_F0_B5,,,7.247117055995982,,,,dc
morning_peak,sub_cadiz_substation_56_F1_B0,,,9.197829888062197,,,,dc
morning_peak,sub_cadiz_substation_56_F1_B1,,,8.707090707955938,,,,dc
morning_peak,sub_cadiz_substation_56_F1_B2,,,7.767982613226918,,,,dc
morning_peak,sub_cadiz_substation_56_F1_B3,,,6.96319755562839,,,,dc
morning_peak,sub_cadiz_substation_56_F1_B4,,,6.376036522819278,,,,dc
morning_peak,sub_cadiz_substation_56_F1_B5,,,6.157729214073195,,,,dc
morning_peak,sub_cadiz_substation_56_F2_B0,,,9.1978298880622,,,,dc
morning_peak,sub_cadiz_substation_56_F2_B1,,,8.825505749348151,,,,dc
morning_peak,sub_cadiz_substation_56_F2_B2,,,7.966766384671891,,,,dc
morning_peak,sub_cadiz_substation_56_F2_B3,,,7.325020032208778,,,,dc
morning_peak,sub_cadiz_substation_56_F2_B4,,,6.863363147207948,,,,dc
morning_peak,sub_cadiz_substation_56_F2_B5,,,6.786896662470889,,,,dc
morning_peak,sub_cadiz_substation_56_F3_B0,,,9.197829888062198,,,,dc
morning_peak,sub_cadiz_substation_56_F3_B1,,,8.158152775799346,,,,dc
morning_peak,sub_cadiz_substation_56_F3_B2,,,7.5461641169119815,,,,dc
morning_peak,sub_cadiz_substation_56_F3_B3,,,5.956983361931925,,,,dc
morning_peak,sub_cadiz_substation_56_F3_B4,,,5.280362248657607,,,,dc
morning_peak,sub_cadiz_substation_56_F3_B5,,,4.619668439580504,,,,dc
morning_peak,sub_san_jose_substation_116_F0_B0,,,7.272688003815249,,,,dc
morning_peak,sub_san_jose_substation_116_F0_B1,,,6.823954726844059,,,,dc
morning_peak,sub_san_jose_substation_116_F0_B2,,,6.341213877022527,,,,dc
morning_peak,sub_san_jose_substation_116_F0_B3,,,6.050254883553544,,,,dc
morning_peak,sub_san_jose_substation_116_F0_B4,,,4.990156158918569,,,,dc
morning_peak,sub_san_jose_substation_116_F0_B5,,,4.48905106130308,,,,dc
morning_peak,sub_san_jose_substation_116_F1_B0,,,7.272688003815252,,,,dc
morning_peak,sub_san_jose_substation_116_F1_B1,,,6.038659560205187,,,,dc
morning_peak,sub_san_jose_substation_116_F1_B2,,,5.772186974425554,,,,dc
morning_peak,sub_san_jose_substation_116_F1_B3,,,5.163220697552404,,,,dc
morning_peak,sub_san_jose_substation_116_F1_B4,,,4.501856392590061,,,,dc
morning_peak,sub_san_jose_substation_116_F1_B5,,,3.850817618920162,,,,dc
morning_peak,sub_san_jose_substation_116_F2_B0,,,7.272688003815252,,,,dc
morning_peak,sub_san_jose_substation_116_F2_B1,,,6.577839613694716,,,,dc
morning_peak,sub_san_jose_substation_116_F2_B2,,,6.1141226828728685,,,,dc
morning_peak,sub_san_jose_substation_116_F2_B3,,,5.7495795475908995,,,,dc
morning_peak,sub_san_jose_substation_116_F2_B4,,,5.4969434813285165,,,,dc
morning_peak,sub_san_jose_substation_116_F2_B5,,,5.313948124883998,,,,dc
morning_peak,sub_san_jose_substation_116_F3_B0,,,7.616330292392711,,,,dc
morning_peak,sub_san_jose_substation_116_F3_B1,,,7.55765702772359,,,,dc
morning_peak,sub_cadiz_substation_96_F0_B0,,,6.649936332702825,,,,dc
morning_peak,sub_cadiz_substation_96_F0_B1,,,6.04224633138653,,,,dc
morning_peak,sub_cadiz_substation_96_F0_B2,,,5.291328750589027,,,,dc
morning_peak,sub_cadiz_substation_96_F0_B3,,,4.641828858390213,,,,dc
morning_peak,sub_cadiz_substation_96_F0_B4,,,3.3559551946367887,,,,dc
morning_peak,sub_cadiz_substation_96_F0_B5,,,2.942690358138655,,,,dc
morning_peak,sub_cadiz_substation_96_F1_B0,,,6.649936332702813,,,,dc
morning_peak,sub_cadiz_substation_96_F1_B1,,,6.526774479718885,,,,dc
morning_peak,sub_cadiz_substation_96_F1_B2,,,6.466448012904641,,,,dc
morning_peak,sub_cadiz_substation_96_F1_B3,,,5.952567739306088,,,,dc
morning_peak,sub_cadiz_substation_96_F1_B4,,,5.858945539416107,,,,dc
morning_peak,sub_cadiz_substation_96_F1_B5,,,5.7789918713093975,,,,dc
morning_peak,sub_cadiz_substation_96_F2_B0,,,6.649936332702826,,,,dc
morning_peak,sub_cadiz_substation_96_F2_B1,,,5.901438061436708,,,,dc
morning_peak,sub_cadiz_substation_96_F2_B2,,,4.789172993912592,,,,dc
morning_peak,sub_cadiz_substation_96_F2_B3,,,4.16585385221549,,,,dc
morning_peak,sub_cadiz_substation_96_F2_B4,,,4.029798327109119,,,,dc
morning_peak,sub_cadiz_substation_96_F2_B5,,,3.7323643783012033,,,,dc
morning_peak,sub_cadiz_substation_96_F3_B0,,,6.649936332702824,,,,dc
morning_peak,sub_cadiz_substation_96_F3_B1,,,6.2343957050091685,,,,dc
morning_peak,sub_cadiz_substation_96_F3_B2,,,5.382703517210875,,,,dc
morning_peak,sub_cadiz_substation_96_F3_B3,,,4.898215926852825,,,,dc
morning_peak,sub_cadiz_substation_96_F3_B4,,,4.091498558434972,,,,dc
morning_peak,sub_cadiz_substation_96_F3_B5,,,3.531537249535731,,,,dc
morning_peak,sub_osm_80_F0_B0,,,14.778889538393466,,,,dc
morning_peak,sub_osm_80_F0_B1,,,14.399640866380887,,,,dc
morning_peak,sub_osm_80_F0_B2,,,14.019503938526782,,,,dc
morning_peak,sub_osm_80_F0_B3,,,13.908006089865522,,,,dc
morning_peak,sub_osm_80_F0_B4,,,13.47377692649597,,,,dc
morning_peak,sub_osm_80_F0_B5,,,13.44400819327085,,,,dc
morning_peak,sub_osm_80_F1_B0,,,14.778889538393463,,,,dc
morning_peak,sub_osm_80_F1_B1,,,14.244570840895419,,,,dc
morning_peak,sub_osm_80_F1_B2,,,13.494962294808158,,,,dc
morning_peak,sub_osm_80_F1_B3,,,12.814998286582966,,,,dc
morning_peak,sub_osm_80_F1_B4,,,12.1400348803097,,,,dc
morning_peak,sub_osm_80_F1_B5,,,11.450593575075185,,,,dc
morning_peak,sub_osm_80_F2_B0,,,14.778889538393457,,,,dc
morning_peak,sub_osm_80_F2_B1,,,13.442359894320358,,,,dc
morning_peak,sub_osm_80_F2_B2,,,13.218302566331959,,,,dc
morning_peak,sub_osm_80_F2_B3,,,12.561410222714198,,,,dc
morning_peak,sub_osm_80_F2_B4,,,12.239119913517671,,,,dc
morning_peak,sub_osm_80_F2_B5,,,11.698847471113133,,,,dc
morning_peak,sub_osm_80_F3_B0,,,14.778889538393459,,,,dc
morning_peak,sub_osm_80_F3_B1,,,14.237001570912241,,,,dc
morning_peak,sub_osm_80_F3_B2,,,13.90851595833174,,,,dc
morning_peak,sub_osm_80_F3_B3,,,13.406488289773026,,,,dc
morning_peak,sub_osm_80_F3_B4,,,12.925073675977435,,,,dc
morning_peak,sub_osm_80_F3_B5,,,12.263984977691647,,,,dc
morning_peak,sub_calatrava_cable_terminal_112_F1_B0,,,7.913421184297986,,,,dc
morning_peak,sub_calatrava_cable_terminal_112_F1_B1,,,7.434898172037253,,,,dc
morning_peak,sub_calatrava_cable_terminal_112_F1_B2,,,6.711076709635195,,,,dc
morning_peak,sub_calatrava_cable_terminal_112_F1_B3,,,5.341295446517621,,,,dc
morning_peak,sub_calatrava_cable_terminal_112_F1_B4,,,4.5421671366945615,,,,dc
morning_peak,sub_calatrava_cable_terminal_112_F1_B5,,,3.7650509853243266,,,,dc
morning_peak,sub_calatrava_cable_terminal_112_F2_B0,,,7.913421184297965,,,,dc
morning_peak,sub_calatrava_cable_terminal_112_F2_B1,,,7.637091020040143,,,,dc
morning_peak,sub_calatrava_cable_terminal_112_F2_B2,,,6.421800916261941,,,,dc
morning_peak,sub_calatrava_cable_terminal_112_F2_B3,,,5.514692489340749,,,,dc
morning_peak,sub_calatrava_cable_terminal_112_F2_B4,,,5.064765370509565,,,,dc
morning_peak,sub_calatrava_cable_terminal_112_F2_B5,,,4.922722640033706,,,,dc
morning_peak,sub_calatrava_cable_terminal_112_F3_B0,,,8.085243200527358,,,,dc
morning_peak,sub_calatrava_cable_terminal_112_F3_B1,,,8.067618781218071,,,,dc
morning_peak,sub_calatrava_substation_113_F0_B0,,,7.959973452910615,,,,dc
morning_peak,sub_calatrava_substation_113_F0_B1,,,7.7589857187107185,,,,dc
morning_peak,sub_calatrava_substation_113_F0_B2,,,6.624695766385342,,,,dc
morning_peak,sub_calatrava_substation_113_F0_B3,,,6.497447942507284,,,,dc
morning_peak,sub_calatrava_substation_113_F0_B4,,,5.713050449179475,,,,dc
morning_peak,sub_calatrava_substation_113_F0_B5,,,5.664582103817585,,,,dc
morning_peak,sub_calatrava_substation_113_F1_B0,,,7.959973452910816,,,,dc
morning_peak,sub_calatrava_substation_113_F1_B1,,,7.713548115084603,,,,dc
morning_peak,sub_calatrava_substation_113_F1_B2,,,7.0471713139113366,,,,dc
morning_peak,sub_calatrava_substation_113_F1_B3,,,6.011379218069244,,,,dc
morning_peak,sub_calatrava_substation_113_F1_B4,,,5.957456700741228,,,,dc
morning_peak,sub_calatrava_substation_113_F1_B5,,,5.886973217555356,,,,dc
morning_peak,sub_calatrava_substation_113_F2_B0,,,7.959973452910816,,,,dc
morning_peak,sub_calatrava_substation_113_F2_B1,,,6.673344237797116,,,,dc
morning_peak,sub_calatrava_substation_113_F2_B2,,,5.927261714392131,,,,dc
morning_peak,sub_calatrava_substation_113_F2_B3,,,5.0880784916385835,,,,dc
morning_peak,sub_calatrava_substation_113_F2_B4,,,4.001624598372928,,,,dc
morning_peak,sub_calatrava_substation_113_F2_B5,,,3.6372261729408653,,,,dc
morning_peak,sub_calatrava_substation_113_F3_B0,,,8.131795469140188,,,,dc
morning_peak,sub_calatrava_substation_113_F3_B1,,,8.080563439477174,,,,dc
morning_peak,v1_06bacolod_F0_B0,,,13.454770204189362,,,,dc
morning_peak,v1_06bacolod_F0_B1,,,12.502895972352672,,,,dc
morning_peak,v1_06bacolod_F0_B2,,,11.748531495175584,,,,dc
morning_peak,v1_06bacolod_F0_B3,,,11.094869522225155,,,,dc
morning_peak,v1_06bacolod_F0_B4,,,10.168421998974855,,,,dc
morning_peak,v1_06bacolod_F0_B5,,,9.910752560983463,,,,dc
morning_peak,v1_06bacolod_F1_B0,,,13.454770204189359,,,,dc
morning_peak,v1_06bacolod_F1_B1,,,12.783896126237572,,,,dc
morning_peak,v1_06bacolod_F1_B2,,,11.909017385578855,,,,dc
morning_peak,v1_06bacolod_F1_B3,,,11.415681363642216,,,,dc
morning_peak,v1_06bacolod_F1_B4,,,10.759053362625721,,,,dc
morning_peak,v1_06bacolod_F1_B5,,,10.51429470266247,,,,dc
morning_peak,v1_06bacolod_F2_B0,,,13.454770204189362,,,,dc
morning_peak,v1_06bacolod_F2_B1,,,12.181572542458253,,,,dc
morning_peak,v1_06bacolod_F2_B2,,,11.742181410913085,,,,dc
morning_peak,v1_06bacolod_F2_B3,,,11.489298323477747,,,,dc
morning_peak,v1_06bacolod_F2_B4,,,11.06836311969356,,,,dc
morning_peak,v1_06bacolod_F2_B5,,,10.954579255284587,,,,dc
morning_peak,v1_06bacolod_F3_B0,,,13.454770204189362,,,,dc
morning_peak,v1_06bacolod_F3_B1,,,12.658941488997169,,,,dc
morning_peak,v1_06bacolod_F3_B2,,,12.197734882143838,,,,dc
morning_peak,v1_06bacolod_F3_B3,,,11.894977583970523,,,,dc
morning_peak,v1_06bacolod_F3_B4,,,11.510961370219766,,,,dc
morning_peak,v1_06bacolod_F3_B5,,,11.251392752815963,,,,dc
morning_peak,v1_06kabankalan_F0_B0,,,8.809542888943906,,,,dc
morning_peak,v1_06kabankalan_F0_B1,,,7.967430895252314,,,,dc
morning_peak,v1_06kabankalan_F0_B2,,,7.194512994357565,,,,dc
morning_peak,v1_06kabankalan_F0_B3,,,6.816402719239066,,,,dc
morning_peak,v1_06kabankalan_F0_B4,,,6.089595282777691,,,,dc
morning_peak,v1_06kabankalan_F0_B5,,,5.732449205322032,,,,dc
morning_peak,v1_06kabankalan_F1_B0,,,8.809542888944778,,,,dc
morning_peak,v1_06kabankalan_F1_B1,,,7.921915823450432,,,,dc
morning_peak,v1_06kabankalan_F1_B2,,,7.631806862409262,,,,dc
morning_peak,v1_06kabankalan_F1_B3,,,7.321109806939581,,,,dc
morning_peak,v1_06kabankalan_F1_B4,,,6.958474381535914,,,,dc
morning_peak,v1_06kabankalan_F1_B5,,,6.6961350241342785,,,,dc
morning_peak,v1_06kabankalan_F2_B0,,,8.809542888943904,,,,dc
morning_peak,v1_06kabankalan_F2_B1,,,8.412486567308996,,,,dc
morning_peak,v1_06kabankalan_F2_B2,,,7.115975885001259,,,,dc
morning_peak,v1_06kabankalan_F2_B3,,,6.203734929007842,,,,dc
morning_peak,v1_06kabankalan_F2_B4,,,5.90884679983338,,,,dc
morning_peak,v1_06kabankalan_F2_B5,,,5.526435658637515,,,,dc
morning_peak,v1_06kabankalan_F3_B0,,,8.809542888943904,,,,dc
morning_peak,v1_06kabankalan_F3_B1,,,8.00623461776742,,,,dc
morning_peak,v1_06kabankalan_F3_B2,,,7.369686696220827,,,,dc
morning_peak,v1_06kabankalan_F3_B3,,,6.787011928136729,,,,dc
morning_peak,v1_06kabankalan_F3_B4,,,5.909363582484077,,,,dc
morning_peak,v1_06kabankalan_F3_B5,,,5.540149757634006,,,,dc
morning_peak,sub_bio_os_cable_terminal_66_F1_B0,,,11.711499069575048,,,,dc
morning_peak,sub_bio_os_cable_terminal_66_F1_B1,,,11.216270501512714,,,,dc
morning_peak,sub_bio_os_cable_terminal_66_F1_B2,,,10.549936263008144,,,,dc
morning_peak,sub_bio_os_cable_terminal_66_F1_B3,,,10.026965629236813,,,,dc
morning_peak,sub_bio_os_cable_terminal_66_F1_B4,,,9.74091199144122,,,,dc
morning_peak,sub_bio_os_cable_terminal_66_F1_B5,,,9.613231916922064,,,,dc
morning_peak,sub_bio_os_cable_terminal_66_F2_B0,,,11.711499069575042,,,,dc
morning_peak,sub_bio_os_cable_terminal_66_F2_B1,,,11.173700381186976,,,,dc
morning_peak,sub_bio_os_cable_terminal_66_F2_B2,,,10.65453105165897,,,,dc
morning_peak,sub_bio_os_cable_terminal_66_F2_B3,,,9.916423802704147,,,,dc
morning_peak,sub_bio_os_cable_terminal_66_F2_B4,,,9.407536256617352,,,,dc
morning_peak,sub_bio_os_cable_terminal_66_F2_B5,,,9.319027688585445,,,,dc
morning_peak,sub_bio_os_cable_terminal_66_F3_B0,,,11.71149906957498,,,,dc
morning_peak,sub_bio_os_cable_terminal_66_F3_B1,,,11.62027352163371,,,,dc
morning_peak,sub_bio_os_cable_terminal_66_F3_B2,,,10.530984259241432,,,,dc
morning_peak,sub_bio_os_cable_terminal_66_F3_B3,,,10.118779077170757,,,,dc
morning_peak,sub_bio_os_cable_terminal_66_F3_B4,,,9.984916088024848,,,,dc
morning_peak,sub_bio_os_cable_terminal_66_F3_B5,,,9.74982410570501,,,,dc
morning_peak,sub_amlan_substation_33_F0_B0,,,12.162136701863309,,,,dc
morning_peak,sub_amlan_substation_33_F1_B0,,,11.906869632991725,,,,dc
morning_peak,sub_amlan_substation_33_F1_B1,,,11.609157262935486,,,,dc
morning_peak,sub_amlan_substation_33_F1_B2,,,10.77107139290072,,,,dc
morning_peak,sub_amlan_substation_33_F1_B3,,,10.443422351366198,,,,dc
morning_peak,sub_amlan_substation_33_F1_B4,,,10.1630014821249,,,,dc
morning_peak,sub_amlan_substation_33_F1_B5,,,9.994481657879332,,,,dc
morning_peak,sub_amlan_substation_33_F2_B0,,,11.906869632991729,,,,dc
morning_peak,sub_amlan_substation_33_F2_B1,,,11.754472875682323,,,,dc
morning_peak,sub_amlan_substation_33_F2_B2,,,11.274745962257876,,,,dc
morning_peak,sub_amlan_substation_33_F2_B3,,,10.445599909737334,,,,dc
morning_peak,sub_amlan_substation_33_F2_B4,,,10.175178241204273,,,,dc
morning_peak,sub_amlan_substation_33_F2_B5,,,10.009618605869058,,,,dc
morning_peak,sub_amlan_substation_33_F3_B0,,,11.906869632991723,,,,dc
morning_peak,sub_amlan_substation_33_F3_B1,,,11.224015036944913,,,,dc
morning_peak,sub_amlan_substation_33_F3_B2,,,10.982289775415758,,,,dc
morning_peak,sub_amlan_substation_33_F3_B3,,,10.621889109697209,,,,dc
morning_peak,sub_amlan_substation_33_F3_B4,,,10.452792751720896,,,,dc
morning_peak,sub_amlan_substation_33_F3_B5,,,10.402346464196647,,,,dc
morning_peak,v1_06mabinay_F0_B0,,,9.916019980514983,,,,dc
morning_peak,v1_06mabinay_F0_B1,,,9.835662550839274,,,,dc
morning_peak,v1_06mabinay_F0_B2,,,9.539513421187804,,,,dc
morning_peak,v1_06mabinay_F0_B3,,,9.455111114200198,,,,dc
morning_peak,v1_06mabinay_F0_B4,,,9.120959321986584,,,,dc
morning_peak,v1_06mabinay_F0_B5,,,8.954405097730103,,,,dc
morning_peak,v1_06mabinay_F1_B0,,,9.916019980514987,,,,dc
morning_peak,v1_06mabinay_F1_B1,,,9.430662755886587,,,,dc
morning_peak,v1_06mabinay_F1_B2,,,9.288935204468478,,,,dc
morning_peak,v1_06mabinay_F1_B3,,,8.964837871841107,,,,dc
morning_peak,v1_06mabinay_F1_B4,,,8.795995996513016,,,,dc
morning_peak,v1_06mabinay_F1_B5,,,8.696531030838107,,,,dc
morning_peak,v1_06mabinay_F2_B0,,,9.916019980514983,,,,dc
morning_peak,v1_06mabinay_F2_B1,,,9.749057012324817,,,,dc
morning_peak,v1_06mabinay_F2_B2,,,9.199698073073117,,,,dc
morning_peak,v1_06mabinay_F2_B3,,,8.94965398521171,,,,dc
morning_peak,v1_06mabinay_F2_B4,,,8.543515499551138,,,,dc
morning_peak,v1_06mabinay_F2_B5,,,8.333358280681539,,,,dc
morning_peak,v1_06mabinay_F3_B0,,,9.916019980514983,,,,dc
morning_peak,v1_06mabinay_F3_B1,,,9.544312126684769,,,,dc
morning_peak,v1_06mabinay_F3_B2,,,8.790273619608394,,,,dc
morning_peak,v1_06mabinay_F3_B3,,,8.342611589289053,,,,dc
morning_peak,v1_06mabinay_F3_B4,,,7.864927384376502,,,,dc
morning_peak,v1_06mabinay_F3_B5,,,7.601569776674439,,,,dc
morning_peak,v1_06pgpp1_F0_B0,,,13.027831833779791,,,,dc
morning_peak,v1_06pgpp1_F0_B1,,,12.412496564280186,,,,dc
morning_peak,v1_06pgpp1_F0_B2,,,12.04449457345173,,,,dc
morning_peak,v1_06pgpp1_F0_B3,,,11.270856358109354,,,,dc
morning_peak,v1_06pgpp1_F0_B4,,,11.065556587689303,,,,dc
morning_peak,v1_06pgpp1_F0_B5,,,10.836830934034708,,,,dc
morning_peak,v1_06pgpp1_F1_B0,,,13.027831833779796,,,,dc
morning_peak,v1_06pgpp1_F1_B1,,,12.944872455985632,,,,dc
morning_peak,v1_06pgpp1_F1_B2,,,12.50680921287645,,,,dc
morning_peak,v1_06pgpp1_F1_B3,,,12.240296850634214,,,,dc
morning_peak,v1_06pgpp1_F1_B4,,,11.592838979946958,,,,dc
morning_peak,v1_06pgpp1_F1_B5,,,11.31948070288112,,,,dc
morning_peak,v1_06pgpp1_F2_B0,,,13.027831833779793,,,,dc
morning_peak,v1_06pgpp1_F2_B1,,,12.271466978697008,,,,dc
morning_peak,v1_06pgpp1_F2_B2,,,11.696742431521482,,,,dc
morning_peak,v1_06pgpp1_F2_B3,,,11.291584392978988,,,,dc
morning_peak,v1_06pgpp1_F2_B4,,,10.837972642311035,,,,dc
morning_peak,v1_06pgpp1_F2_B5,,,10.69334303861366,,,,dc
morning_peak,v1_06pgpp1_F3_B0,,,13.027831833780112,,,,dc
morning_peak,v1_06pgpp1_F3_B1,,,12.658682196308794,,,,dc
morning_peak,v1_06pgpp1_F3_B2,,,12.414189110934593,,,,dc
morning_peak,v1_06pgpp1_F3_B3,,,11.836574587293715,,,,dc
morning_peak,v1_06pgpp1_F3_B4,,,11.52437848862384,,,,dc
morning_peak,v1_06pgpp1_F3_B5,,,11.488195648401973,,,,dc
morning_peak,v1_06pgpp2_F0_B0,,,12.897064188386272,,,,dc
morning_peak,v1_06pgpp2_F0_B1,,,12.857195720539726,,,,dc
morning_peak,v1_06pgpp2_F0_B2,,,11.971944989158679,,,,dc
morning_peak,v1_06pgpp2_F0_B3,,,11.260559678616435,,,,dc
morning_peak,v1_06pgpp2_F0_B4,,,10.792376453328618,,,,dc
morning_peak,v1_06pgpp2_F0_B5,,,10.694094999646465,,,,dc
morning_peak,v1_06pgpp2_F1_B0,,,12.897064188386294,,,,dc
morning_peak,v1_06pgpp2_F1_B1,,,12.299533660434514,,,,dc
morning_peak,v1_06pgpp2_F1_B2,,,11.626684354185814,,,,dc
morning_peak,v1_06pgpp2_F1_B3,,,11.108798649637112,,,,dc
morning_peak,v1_06pgpp2_F1_B4,,,10.759903370438755,,,,dc
morning_peak,v1_06pgpp2_F1_B5,,,10.349146273863603,,,,dc
morning_peak,v1_06pgpp2_F2_B0,,,12.8970641883863,,,,dc
morning_peak,v1_06pgpp2_F2_B1,,,12.52685604419826,,,,dc
morning_peak,v1_06pgpp2_F2_B2,,,11.584153922366504,,,,dc
morning_peak,v1_06pgpp2_F2_B3,,,11.086650556807827,,,,dc
morning_peak,v1_06pgpp2_F2_B4,,,10.889734297516284,,,,dc
morning_peak,v1_06pgpp2_F2_B5,,,10.828851008344117,,,,dc
morning_peak,v1_06pgpp2_F3_B0,,,12.897064188386283,,,,dc
morning_peak,v1_06pgpp2_F3_B1,,,12.741889952608533,,,,dc
morning_peak,v1_06pgpp2_F3_B2,,,12.593424612194509,,,,dc
morning_peak,v1_06pgpp2_F3_B3,,,12.009122280370898,,,,dc
morning_peak,v1_06pgpp2_F3_B4,,,11.893658114333336,,,,dc
morning_peak,v1_06pgpp2_F3_B5,,,11.70069222340585,,,,dc
morning_peak,,line_0008,,,1.2306098564798757e-16,-7.353601845227752e-17,7.353601845227752e-17,dc
morning_peak,,line_0009,,,44.03940203939924,122.808355806179,-122.808355806179,dc
morning_peak,,line_0013,,,19.898073035941703,33.29268137295443,-33.29268137295443,dc
morning_peak,,line_0014,,,2.4008052826472033e-14,4.0169339598514745e-14,-4.0169339598514745e-14,dc
morning_peak,,line_0017,,,12.496370940841265,-44.80380321611223,44.80380321611223,dc
morning_peak,,line_0018,,,12.496370940841265,-44.80380321611223,44.80380321611223,dc
morning_peak,,line_0019,,,1.7031496553723942e-12,2.8496437169744644e-12,-2.8496437169744644e-12,dc
morning_peak,,line_0029,,,1.011487242494707e-17,4.73025769706315e-18,-4.73025769706315e-18,dc
morning_peak,,line_0031,,,45.90155981064509,-76.80070339158318,76.80070339158318,dc
morning_peak,,line_0032,,,10.243825291053513,-36.72764954668491,36.72764954668491,dc
morning_peak,,line_0033,,,10.243825291053513,-36.72764954668491,36.72764954668491,dc
morning_peak,,line_0034,,,10.243825291053513,-36.72764954668491,36.72764954668491,dc
morning_peak,,line_0035,,,7.5853876783237295,12.691575440928862,-12.691575440928862,dc
morning_peak,,line_0036,,,7.5853876783237295,12.691575440928862,-12.691575440928862,dc
morning_peak,,line_0037,,,7.5853876783237295,12.691575440928862,-12.691575440928862,dc
morning_peak,,line_0042,,,31.442599975907342,-48.4750068235666,48.4750068235666,dc
morning_peak,,line_0043,,,7.715132258558036,-12.90865902293231,12.90865902293231,dc
morning_peak,,line_0044,,,7.715132258558036,-12.90865902293231,12.90865902293231,dc
morning_peak,,line_0045,,,7.715132258558036,-12.90865902293231,12.90865902293231,dc
morning_peak,,line_0046,,,2.8850167244024365,4.827097698741024,-4.827097698741024,dc
morning_peak,,line_0047,,,2.8850167244024365,4.827097698741024,-4.827097698741024,dc
morning_peak,,line_0050,,,1.435550551398237e-14,2.4019073111321846e-14,-2.4019073111321846e-14,dc
morning_peak,,line_0051,,,34.35990464742422,-57.48965517241367,57.48965517241367,dc
morning_peak,,line_0057,,,25.886016549552977,-43.31147540983513,43.31147540983513,dc
morning_peak,,line_0058,,,25.886016549552977,-43.31147540983513,43.31147540983513,dc
morning_peak,,line_0059,,,15.227826947096812,-25.478607382556046,25.478607382556046,dc
morning_peak,,line_0060,,,15.227826947096812,-25.478607382556046,25.478607382556046,dc
morning_peak,,line_0062,,,5.560936913698268e-14,2.1743845552015578e-13,-2.1743845552015578e-13,dc
morning_peak,,line_0068,,,1.9707976226607694e-13,3.297461879012339e-13,-3.297461879012339e-13,dc
morning_peak,,line_0069,,,7.22287312145513e-14,1.2085030193402441e-13,-1.2085030193402441e-13,dc
morning_peak,,line_0072,,,30.455653894193613,50.95721476511207,-50.95721476511207,dc
morning_peak,,line_0073,,,36.571843308569655,61.190584851836235,-61.190584851836235,dc
morning_peak,,line_0074,,,31.82512164922319,-114.1040462427756,114.1040462427756,dc
morning_peak,,line_0075,,,2.1229850316307927e-13,3.552095928583999e-13,-3.552095928583999e-13,dc
morning_peak,,line_0076,,,1.573853825124214e-14,-2.633310965982501e-14,2.633310965982501e-14,dc
morning_peak,,line_0077,,,11.67318083935822,-41.852382560395455,41.852382560395455,dc
morning_peak,,line_0081,,,3.452297665801791e-14,-1.2377678767241694e-13,1.2377678767241694e-13,dc
morning_peak,,line_0082,,,18.01520673635274,-27.77401583017346,27.77401583017346,dc
morning_peak,,line_0083,,,18.01520673635274,-27.77401583017346,27.77401583017346,dc
morning_peak,,line_0088,,,17.432666777381538,10.417021276595777,-10.417021276595777,dc
morning_peak,,line_0089,,,31.15834384795541,-52.13292824713168,52.13292824713168,dc
morning_peak,,line_0090,,,31.15834384795541,-52.13292824713168,52.13292824713168,dc
morning_peak,,line_0097,,,2.414619930372423e-13,4.0400480907607634e-13,-4.0400480907607634e-13,dc
morning_peak,,line_0098,,,20.018215131455026,51.436751192991636,-51.436751192991636,dc
morning_peak,,line_0099,,,20.018215131455026,51.436751192991636,-51.436751192991636,dc
morning_peak,,line_0100,,,21.4488577546272,-35.88739400789072,35.88739400789072,dc
morning_peak,,line_0101,,,107.48705833504151,179.84316262186962,-179.84316262186962,dc
morning_peak,,line_0106,,,10.344359499748377,15.947882736159078,-15.947882736159078,dc
morning_peak,,line_0107,,,31.303495704901096,-48.26054998821005,48.26054998821005,dc
morning_peak,,line_0108,,,19.90930568837718,-33.3114754098359,33.3114754098359,dc
morning_peak,,line_0109,,,19.90930568837718,-33.3114754098359,33.3114754098359,dc
morning_peak,,line_0110,,,8.194868393340991,13.711334852374295,-13.711334852374295,dc
morning_peak,,line_0111,,,37.62452982547738,-62.95189896148441,62.95189896148441,dc
morning_peak,,line_0112,,,28.092941429281996,-47.00401622532757,47.00401622532757,dc
morning_peak,,line_0114,,,27.808215269972692,-46.527623497081606,46.527623497081606,dc
morning_peak,,line_0115,,,17.432666777381502,10.417021276595754,-10.417021276595754,dc
morning_peak,,line_0118,,,1.9197394894911678e-15,1.1471547849177893e-15,-1.1471547849177893e-15,dc
morning_peak,,line_0119,,,1.9197394894911678e-15,1.1471547849177893e-15,-1.1471547849177893e-15,dc
morning_peak,,line_0121,,,11.67510186895745,-41.859270114593684,41.859270114593684,dc
morning_peak,,line_0122,,,23.3482827083151,-83.71165267498709,83.71165267498709,dc
morning_peak,,line_0124,,,8.648692692798337e-15,3.100854858736116e-14,-3.100854858736116e-14,dc
morning_peak,,line_0125,,,8.648692692798337e-15,3.100854858736116e-14,-3.100854858736116e-14,dc
morning_peak,,line_0128,,,0.31057092190939073,-2.2592833876223977,2.2592833876223977,dc
morning_peak,,line_0129,,,0.31057092190939073,-2.2592833876223977,2.2592833876223977,dc
morning_peak,,line_0130,,,0.31057092190939073,-2.2592833876223977,2.2592833876223977,dc
morning_peak,,line_0131,,,0.31057092190939073,-2.2592833876223977,2.2592833876223977,dc
morning_peak,,line_0132,,,0.31057092190939073,-2.2592833876223977,2.2592833876223977,dc
morning_peak,,line_0133,,,0.2959054023443855,2.1525974025972627,-2.1525974025972627,dc
morning_peak,,line_0134,,,0.2959054023443855,2.1525974025972627,-2.1525974025972627,dc
morning_peak,,line_0135,,,0.2959054023443855,2.1525974025972627,-2.1525974025972627,dc
morning_peak,,line_0136,,,0.2959054023443855,2.1525974025972627,-2.1525974025972627,dc
morning_peak,,line_0137,,,0.2959054023443855,2.1525974025972627,-2.1525974025972627,dc
morning_peak,,line_0138,,,0.2959054023443855,2.1525974025972627,-2.1525974025972627,dc
morning_peak,,line_0139,,,0.2959054023443855,2.1525974025972627,-2.1525974025972627,dc
morning_peak,,line_0140,,,3.1934572977679984e-17,1.493432178714662e-17,-1.493432178714662e-17,dc
morning_peak,,line_0149,,,50.33485033318594,129.33526570290044,-129.33526570290044,dc
morning_peak,,line_0152,,,7.118646992734473,-25.522806624206456,25.522806624206456,dc
morning_peak,,line_0177,,,4.722552027344274e-15,2.8219965181979525e-15,-2.8219965181979525e-15,dc
morning_peak,,line_0179,,,37.67059027755949,-22.510344827585907,22.510344827585907,dc
morning_peak,,line_0181,,,39.03630305825167,-139.95862068965485,139.95862068965485,dc
morning_peak,,line_0183,,,31.442850802249872,-52.60895421007825,52.60895421007825,dc
morning_peak,,line_0184,,,32.36950113812969,-54.15938948694465,54.15938948694465,dc
morning_peak,,line_0185,,,21.44885775462715,35.887394007890634,-35.887394007890634,dc
morning_peak,,line_0194,,,3.559323496367429,12.761403312103916,-12.761403312103916,dc
morning_peak,,line_0195,,,3.559323496367429,12.761403312103916,-12.761403312103916,dc
morning_peak,,line_0198,,,7.118646992734594,-25.522806624206886,25.522806624206886,dc
morning_peak,,line_0203,,,21.20310288342873,-76.02044254747204,76.02044254747204,dc
morning_peak,,line_0204,,,34.75790470349539,-89.3103448276039,89.3103448276039,dc
morning_peak,,line_0205,,,28.57225020337647,-102.44137931035375,102.44137931035375,dc
morning_peak,,line_0206,,,13.012101019417353,-46.65287356321875,46.65287356321875,dc
morning_peak,,line_0207,,,13.012101019417353,-46.65287356321875,46.65287356321875,dc
morning_peak,,line_0208,,,13.012101019417353,-46.65287356321875,46.65287356321875,dc
morning_peak,,line_0213,,,17.249763494023725,61.84635625570557,-61.84635625570557,dc
morning_peak,,line_0214,,,17.249763494023725,61.84635625570557,-61.84635625570557,dc
morning_peak,,line_synth_01113,,,55.564733787497836,3.9843749999999916,-3.9843749999999916,dc
morning_peak,,line_synth_01114,,,44.451787029998286,3.1874999999999947,-3.1874999999999947,dc
morning_peak,,line_synth_01115,,,33.33884027249876,2.3906249999999987,-2.3906249999999987,dc
morning_peak,,line_synth_01116,,,22.22589351499919,1.5937500000000004,-1.5937500000000004,dc
morning_peak,,line_synth_01117,,,11.112946757499579,0.7968749999999992,-0.7968749999999992,dc
morning_peak,,line_synth_01119,,,55.5647337874981,3.9843750000000107,-3.9843750000000107,dc
morning_peak,,line_synth_01120,,,44.451787029998506,3.18750000000001,-3.18750000000001,dc
morning_peak,,line_synth_01121,,,33.33884027249887,2.390625000000007,-2.390625000000007,dc
morning_peak,,line_synth_01122,,,22.225893514999274,1.5937500000000069,-1.5937500000000069,dc
morning_peak,,line_synth_01123,,,11.112946757499587,0.7968749999999999,-0.7968749999999999,dc
morning_peak,,line_synth_01125,,,55.56473378749844,3.984375000000035,-3.984375000000035,dc
morning_peak,,line_synth_01126,,,44.45178702999899,3.1875000000000444,-3.1875000000000444,dc
morning_peak,,line_synth_01127,,,33.338840272499326,2.3906250000000395,-2.3906250000000395,dc
morning_peak,,line_synth_01128,,,22.225893514999733,1.5937500000000397,-1.5937500000000397,dc
morning_peak,,line_synth_01129,,,11.112946757499579,0.7968749999999992,-0.7968749999999992,dc
morning_peak,,line_synth_01131,,,55.56473378749867,3.984375000000051,-3.984375000000051,dc
morning_peak,,line_synth_01132,,,44.45178702999909,3.1875000000000524,-3.1875000000000524,dc
morning_peak,,line_synth_01133,,,33.33884027249944,2.3906250000000475,-2.3906250000000475,dc
morning_peak,,line_synth_01134,,,22.22589351499991,1.5937500000000522,-1.5937500000000522,dc
morning_peak,,line_synth_01135,,,11.11294675749961,0.7968750000000014,-0.7968750000000014,dc
morning_peak,,line_synth_01971,,,58.37103347373509,4.185606060606051,-4.185606060606051,dc
morning_peak,,line_synth_01972,,,46.69682677898805,3.3484848484848393,-3.3484848484848393,dc
morning_peak,,line_synth_01973,,,35.022620084241,2.5113636363636265,-2.5113636363636265,dc
morning_peak,,line_synth_01974,,,23.348413389493974,1.674242424242416,-1.674242424242416,dc
morning_peak,,line_synth_01975,,,11.674206694747012,0.8371212121212097,-0.8371212121212097,dc
morning_peak,,line_synth_01977,,,58.371033473735146,4.185606060606054,-4.185606060606054,dc
morning_peak,,line_synth_01978,,,46.69682677898812,3.348484848484844,-3.348484848484844,dc
morning_peak,,line_synth_01979,,,35.0226200842411,2.5113636363636336,-2.5113636363636336,dc
morning_peak,,line_synth_01980,,,23.34841338949406,1.6742424242424219,-1.6742424242424219,dc
morning_peak,,line_synth_01981,,,11.67420669474703,0.837121212121211,-0.837121212121211,dc
morning_peak,,line_synth_01983,,,58.37103347373511,4.1856060606060534,-4.1856060606060534,dc
morning_peak,,line_synth_01984,,,46.696826778988104,3.3484848484848433,-3.3484848484848433,dc
morning_peak,,line_synth_01985,,,35.022620084241034,2.5113636363636296,-2.5113636363636296,dc
morning_peak,,line_synth_01986,,,23.348413389494045,1.6742424242424214,-1.6742424242424214,dc
morning_peak,,line_synth_01987,,,11.674206694747033,0.8371212121212113,-0.8371212121212113,dc
morning_peak,,line_synth_02013,,,35.80009693691128,2.5671140939597206,-2.5671140939597206,dc
morning_peak,,line_synth_02014,,,28.640077549529014,2.053691275167776,-2.053691275167776,dc
morning_peak,,line_synth_02015,,,21.480058162146733,1.54026845637583,-1.54026845637583,dc
morning_peak,,line_synth_02016,,,14.320038774764491,1.0268456375838866,-1.0268456375838866,dc
morning_peak,,line_synth_02017,,,7.160019387382263,0.5134228187919446,-0.5134228187919446,dc
morning_peak,,line_synth_02019,,,35.80009693691136,2.5671140939597263,-2.5671140939597263,dc
morning_peak,,line_synth_02020,,,28.640077549529174,2.053691275167787,-2.053691275167787,dc
morning_peak,,line_synth_02021,,,21.480058162146932,1.540268456375844,-1.540268456375844,dc
morning_peak,,line_synth_02022,,,14.320038774764676,1.0268456375839001,-1.0268456375839001,dc
morning_peak,,line_synth_02023,,,7.160019387382263,0.5134228187919446,-0.5134228187919446,dc
morning_peak,,line_synth_02025,,,35.80009693691159,2.5671140939597423,-2.5671140939597423,dc
morning_peak,,line_synth_02026,,,28.64007754952925,2.0536912751677923,-2.0536912751677923,dc
morning_peak,,line_synth_02027,,,21.480058162146985,1.5402684563758482,-1.5402684563758482,dc
morning_peak,,line_synth_02028,,,14.320038774764507,1.026845637583888,-1.026845637583888,dc
morning_peak,,line_synth_02029,,,7.160019387382249,0.5134228187919436,-0.5134228187919436,dc
morning_peak,,line_synth_02031,,,35.80009693691121,2.567114093959716,-2.567114093959716,dc
morning_peak,,line_synth_02032,,,28.640077549528943,2.0536912751677705,-2.0536912751677705,dc
morning_peak,,line_synth_02033,,,21.480058162146747,1.5402684563758309,-1.5402684563758309,dc
morning_peak,,line_synth_02034,,,14.320038774764516,1.0268456375838884,-1.0268456375838884,dc
morning_peak,,line_synth_02035,,,7.1600193873822455,0.5134228187919433,-0.5134228187919433,dc
morning_peak,,line_synth_02037,,,35.8000969369113,2.5671140939597223,-2.5671140939597223,dc
morning_peak,,line_synth_02038,,,28.640077549529042,2.0536912751677776,-2.0536912751677776,dc
morning_peak,,line_synth_02039,,,21.48005816214678,1.540268456375833,-1.540268456375833,dc
morning_peak,,line_synth_02040,,,14.320038774764535,1.0268456375838897,-1.0268456375838897,dc
morning_peak,,line_synth_02041,,,7.16001938738229,0.5134228187919466,-0.5134228187919466,dc
morning_peak,,line_synth_02043,,,35.800096936911366,2.567114093959727,-2.567114093959727,dc
morning_peak,,line_synth_02044,,,28.64007754952912,2.0536912751677834,-2.0536912751677834,dc
morning_peak,,line_synth_02045,,,21.480058162146868,1.5402684563758393,-1.5402684563758393,dc
morning_peak,,line_synth_02046,,,14.320038774764537,1.0268456375838901,-1.0268456375838901,dc
morning_peak,,line_synth_02047,,,7.160019387382259,0.5134228187919443,-0.5134228187919443,dc
morning_peak,,line_synth_02049,,,35.800096936911324,2.567114093959724,-2.567114093959724,dc
morning_peak,,line_synth_02050,,,28.640077549529057,2.053691275167779,-2.053691275167779,dc
morning_peak,,line_synth_02051,,,21.48005816214679,1.5402684563758338,-1.5402684563758338,dc
morning_peak,,line_synth_02052,,,14.320038774764521,1.026845637583889,-1.026845637583889,dc
morning_peak,,line_synth_02053,,,7.160019387382261,0.5134228187919445,-0.5134228187919445,dc
morning_peak,,line_synth_02055,,,35.80009693691116,2.567114093959712,-2.567114093959712,dc
morning_peak,,line_synth_02056,,,28.640077549528996,2.0536912751677745,-2.0536912751677745,dc
morning_peak,,line_synth_02057,,,21.480058162146783,1.5402684563758335,-1.5402684563758335,dc
morning_peak,,line_synth_02058,,,14.320038774764516,1.0268456375838884,-1.0268456375838884,dc
morning_peak,,line_synth_02059,,,7.1600193873822455,0.5134228187919433,-0.5134228187919433,dc
morning_peak,,line_synth_02061,,,7.16001938738257,0.5134228187919666,-0.5134228187919666,dc
morning_peak,,line_synth_02063,,,35.80009693661116,2.5671140939382,-2.5671140939382,dc
morning_peak,,line_synth_02064,,,28.640077549528982,2.053691275167773,-2.053691275167773,dc
morning_peak,,line_synth_02065,,,21.480058162146584,1.5402684563758193,-1.5402684563758193,dc
morning_peak,,line_synth_02066,,,14.32003877476442,1.0268456375838817,-1.0268456375838817,dc
morning_peak,,line_synth_02067,,,7.160019387382234,0.5134228187919425,-0.5134228187919425,dc
morning_peak,,line_synth_02069,,,35.80009693691101,2.567114093959701,-2.567114093959701,dc
morning_peak,,line_synth_02070,,,28.64007754952864,2.053691275167749,-2.053691275167749,dc
morning_peak,,line_synth_02071,,,21.480058162146303,1.540268456375799,-1.540268456375799,dc
morning_peak,,line_synth_02072,,,14.32003877476469,1.026845637583901,-1.026845637583901,dc
morning_peak,,line_synth_02073,,,7.160019387382381,0.5134228187919531,-0.5134228187919531,dc
morning_peak,,line_synth_02184,,,48.382897447617175,3.4693877551020345,-3.4693877551020345,dc
morning_peak,,line_synth_02185,,,38.7063179580937,2.775510204081624,-2.775510204081624,dc
morning_peak,,line_synth_02186,,,29.029738468570297,2.08163265306122,-2.08163265306122,dc
morning_peak,,line_synth_02187,,,19.35315897904685,1.387755102040812,-1.387755102040812,dc
morning_peak,,line_synth_02188,,,9.676579489523434,0.6938775510204067,-0.6938775510204067,dc
morning_peak,,line_synth_02190,,,29.029738468570297,2.08163265306122,-2.08163265306122,dc
morning_peak,,line_synth_02191,,,19.35315897904685,1.387755102040812,-1.387755102040812,dc
morning_peak,,line_synth_02192,,,9.676579489523437,0.693877551020407,-0.693877551020407,dc
morning_peak,,line_synth_02194,,,9.67657948952344,0.6938775510204073,-0.6938775510204073,dc
morning_peak,,line_synth_02196,,,48.38289744761721,3.469387755102037,-3.469387755102037,dc
morning_peak,,line_synth_02197,,,38.706317958093756,2.7755102040816286,-2.7755102040816286,dc
morning_peak,,line_synth_02198,,,29.029738468570326,2.0816326530612224,-2.0816326530612224,dc
morning_peak,,line_synth_02199,,,19.353158979046892,1.3877551020408152,-1.3877551020408152,dc
morning_peak,,line_synth_02200,,,9.676579489523437,0.693877551020407,-0.693877551020407,dc
morning_peak,,line_synth_02202,,,48.38289744761721,3.4693877551020376,-3.4693877551020376,dc
morning_peak,,line_synth_02203,,,38.706317958093784,2.775510204081631,-2.775510204081631,dc
morning_peak,,line_synth_02204,,,29.029738468570336,2.081632653061223,-2.081632653061223,dc
morning_peak,,line_synth_02205,,,19.35315897904688,1.3877551020408145,-1.3877551020408145,dc
morning_peak,,line_synth_02206,,,9.67657948952342,0.6938775510204058,-0.6938775510204058,dc
morning_peak,,line_synth_02209,,,48.38289744761712,3.46938775510203,-3.46938775510203,dc
morning_peak,,line_synth_02210,,,38.7063179580937,2.775510204081624,-2.775510204081624,dc
morning_peak,,line_synth_02211,,,29.029738468570244,2.081632653061216,-2.081632653061216,dc
morning_peak,,line_synth_02212,,,19.353158979046842,1.3877551020408119,-1.3877551020408119,dc
morning_peak,,line_synth_02213,,,9.676579489523434,0.6938775510204067,-0.6938775510204067,dc
morning_peak,,line_synth_spur_001,,,6.2259524204934324,-10.417021276595818,10.417021276595818,dc
morning_peak,,line_synth_spur_005,,,9.531588396194799,-15.947882736155865,15.947882736155865,dc
morning_peak,,line_synth_spur_006,,,79.96722323572493,286.71009771986957,-286.71009771986957,dc
morning_peak,,line_synth_spur_007,,,16.738245157454834,-28.005780346818806,28.005780346818806,dc
morning_peak,,line_synth_spur_008,,,1.6444591733663754,-5.8959537572335865,5.8959537572335865,dc
morning_peak,,line_synth_spur_012,,,21.448857754625802,-35.88739400788839,35.88739400788839,dc
morning_peak,,line_synth_spur_013,,,51.77203309910774,86.62295081967326,-86.62295081967326,dc
morning_peak,,line_synth_spur_014,,,39.81861137675341,66.62295081967021,-66.62295081967021,dc
morning_peak,,line_handcoded_kabankalan_mabinay,,,13.453782241979868,-22.510344827576425,22.510344827576425,dc
morning_peak,,line_osm_inferred_0001,,,19.89807303594185,33.29268137295468,-33.29268137295468,dc
morning_peak,,line_osm_inferred_0002,,,28.09294142928213,47.00401622532778,-47.00401622532778,dc
morning_peak,,line_osm_inferred_0003,,,6.871824526977793,11.497669347895107,-11.497669347895107,dc
morning_peak,,line_osm_inferred_0004,,,6.871824526977793,11.497669347895107,-11.497669347895107,dc
morning_peak,,line_osm_inferred_0005,,,2.1814704372663596e-16,1.020172760789804e-16,-1.020172760789804e-16,dc
morning_peak,,line_v1_samar_01,,,4.8346591919768126e-15,2.8889869984353877e-15,-2.8889869984353877e-15,dc
morning_peak,,line_v1_samar_02,,,4.994438496756045e-15,-2.9844643249224916e-15,2.9844643249224916e-15,dc
morning_peak,,line_v1_samar_03,,,1.2555622000031521e-15,-7.502706452516034e-16,7.502706452516034e-16,dc
morning_peak,,line_v1_samar_04,,,7.630265979717841e-15,-4.559522881486787e-15,4.559522881486787e-15,dc
morning_peak,,line_v1_samar_05,,,3.157876771454737e-14,1.8870130392094056e-14,-1.8870130392094056e-14,dc
morning_peak,,line_v1_samar_06,,,3.3222779758469106e-14,1.985252216606708e-14,-1.985252216606708e-14,dc
morning_peak,,line_v1_samar_07,,,0.6904517799079612,0.41258465922704873,-0.41258465922704873,dc
morning_peak,,line_v1_samar_08,,,0.6904517799079557,0.41258465922704546,-0.41258465922704546,dc
morning_peak,,line_v1_samar_09,,,0.6904517799079654,0.41258465922705123,-0.41258465922705123,dc
morning_peak,,line_v1_samar_10,,,0.6904517799079664,0.4125846592270518,-0.4125846592270518,dc
morning_peak,,line_v1_samar_11,,,4.236072444851677,2.5312969811638375,-2.5312969811638375,dc
morning_peak,,line_v1_samar_12,,,17.18404652973651,10.268456375850294,-10.268456375850294,dc
morning_peak,,line_v1_samar_13,,,17.184046529736506,10.268456375850292,-10.268456375850292,dc
morning_peak,,line_v1_samar_14,,,17.18404652973652,10.268456375850297,-10.268456375850297,dc
morning_peak,,line_v1_samar_17,,,12.274318949810961,-10.268456375849597,10.268456375849597,dc
morning_peak,,line_v1_leyte_01,,,17.2668213203218,10.317919075143752,-10.317919075143752,dc
morning_peak,,line_v1_leyte_02,,,7.400066280138007,4.421965317918807,-4.421965317918807,dc
morning_peak,,line_v1_leyte_03,,,9.866755040183877,5.895953757224996,-5.895953757224996,dc
morning_peak,,line_v1_leyte_04,,,19.733510080359117,-11.791907514444834,11.791907514444834,dc
morning_peak,,line_v1_leyte_05,,,27.955805947179158,-16.705202312132414,16.705202312132414,dc
morning_peak,,line_v1_leyte_06,,,35.355872227317,-21.127167630051122,21.127167630051122,dc
morning_peak,,line_v1_leyte_07,,,9.866755040183335,5.895953757224674,-5.895953757224674,dc
morning_peak,,line_v1_leyte_08,,,52.622693547638264,-31.445086705194562,31.445086705194562,dc
morning_peak,,line_v1_leyte_09,,,60.43387462111711,-36.11271676299765,36.11271676299765,dc
morning_peak,,line_v1_leyte_10,,,1.1617206741695666e-14,-6.94194934993376e-15,6.94194934993376e-15,dc
morning_peak,,line_v1_leyte_11,,,5.847817256282857e-15,-3.4944072274346784e-15,3.4944072274346784e-15,dc
morning_peak,,line_v1_leyte_12,,,8.543744816852598e-15,5.105379037843723e-15,-5.105379037843723e-15,dc
morning_peak,,line_v1_leyte_13,,,9.866755040186037,5.8959537572262875,-5.8959537572262875,dc
morning_peak,,line_v1_leyte_14,,,1.112058496396292e-14,5.980670340999524e-15,-5.980670340999524e-15,dc
morning_peak,,line_v1_leyte_15,,,4.1450979231934894e-15,-2.4769344708351787e-15,2.4769344708351787e-15,dc
morning_peak,,line_synth_redist_00045,,,30.26504648850949,2.1702127659574444,-2.1702127659574444,dc
morning_peak,,line_synth_redist_00046,,,24.21203719080758,1.7361702127659544,-1.7361702127659544,dc
morning_peak,,line_synth_redist_00047,,,18.15902789310569,1.3021276595744664,-1.3021276595744664,dc
morning_peak,,line_synth_redist_00048,,,12.106018595403798,0.868085106382978,-0.868085106382978,dc
morning_peak,,line_synth_redist_00049,,,6.053009297701901,0.4340425531914891,-0.4340425531914891,dc
morning_peak,,line_synth_redist_00051,,,30.26504648850949,2.1702127659574444,-2.1702127659574444,dc
morning_peak,,line_synth_redist_00052,,,24.21203719080759,1.7361702127659553,-1.7361702127659553,dc
morning_peak,,line_synth_redist_00053,,,18.159027893105705,1.3021276595744675,-1.3021276595744675,dc
morning_peak,,line_synth_redist_00054,,,12.10601859540381,0.8680851063829789,-0.8680851063829789,dc
morning_peak,,line_synth_redist_00055,,,6.053009297701899,0.43404255319148893,-0.43404255319148893,dc
morning_peak,,line_synth_redist_00057,,,30.265046488509494,2.170212765957445,-2.170212765957445,dc
morning_peak,,line_synth_redist_00058,,,24.21203719080758,1.7361702127659546,-1.7361702127659546,dc
morning_peak,,line_synth_redist_00059,,,18.15902789310569,1.3021276595744662,-1.3021276595744662,dc
morning_peak,,line_synth_redist_00060,,,12.106018595403798,0.8680851063829779,-0.8680851063829779,dc
morning_peak,,line_synth_redist_00061,,,6.053009297701897,0.4340425531914888,-0.4340425531914888,dc
morning_peak,,line_synth_redist_00063,,,30.26504648850954,2.170212765957448,-2.170212765957448,dc
morning_peak,,line_synth_redist_00064,,,24.21203719080764,1.7361702127659593,-1.7361702127659593,dc
morning_peak,,line_synth_redist_00065,,,18.15902789310574,1.30212765957447,-1.30212765957447,dc
morning_peak,,line_synth_redist_00066,,,12.106018595403809,0.8680851063829785,-0.8680851063829785,dc
morning_peak,,line_synth_redist_00067,,,6.053009297701905,0.4340425531914894,-0.4340425531914894,dc
morning_peak,,line_synth_redist_00070,,,30.265046488509373,2.170212765957436,-2.170212765957436,dc
morning_peak,,line_synth_redist_00071,,,24.21203719080759,1.7361702127659553,-1.7361702127659553,dc
morning_peak,,line_synth_redist_00072,,,18.159027893105677,1.3021276595744655,-1.3021276595744655,dc
morning_peak,,line_synth_redist_00073,,,12.106018595403798,0.8680851063829779,-0.8680851063829779,dc
morning_peak,,line_synth_redist_00074,,,6.053009297701901,0.43404255319148916,-0.43404255319148916,dc
morning_peak,,line_synth_redist_00076,,,30.26504648850949,2.1702127659574444,-2.1702127659574444,dc
morning_peak,,line_synth_redist_00077,,,24.212037190807585,1.736170212765955,-1.736170212765955,dc
morning_peak,,line_synth_redist_00078,,,18.159027893105698,1.3021276595744669,-1.3021276595744669,dc
morning_peak,,line_synth_redist_00079,,,12.106018595403802,0.8680851063829782,-0.8680851063829782,dc
morning_peak,,line_synth_redist_00080,,,6.053009297701899,0.43404255319148904,-0.43404255319148904,dc
morning_peak,,line_synth_redist_00082,,,30.26504648850952,2.170212765957446,-2.170212765957446,dc
morning_peak,,line_synth_redist_00083,,,24.21203719080761,1.7361702127659568,-1.7361702127659568,dc
morning_peak,,line_synth_redist_00084,,,18.15902789310573,1.302127659574469,-1.302127659574469,dc
morning_peak,,line_synth_redist_00085,,,12.106018595403816,0.8680851063829791,-0.8680851063829791,dc
morning_peak,,line_synth_redist_00086,,,6.053009297701899,0.434042553191489,-0.434042553191489,dc
morning_peak,,line_synth_redist_00088,,,30.26504648850971,2.17021276595746,-2.17021276595746,dc
morning_peak,,line_synth_redist_00089,,,24.212037190807802,1.7361702127659706,-1.7361702127659706,dc
morning_peak,,line_synth_redist_00090,,,18.159027893105886,1.3021276595744806,-1.3021276595744806,dc
morning_peak,,line_synth_redist_00091,,,12.106018595404,0.8680851063829924,-0.8680851063829924,dc
morning_peak,,line_synth_redist_00092,,,6.053009297701897,0.4340425531914888,-0.4340425531914888,dc
morning_peak,,line_synth_redist_00094,,,30.26504648850948,2.1702127659574435,-2.1702127659574435,dc
morning_peak,,line_synth_redist_00095,,,24.212037190807617,1.7361702127659573,-1.7361702127659573,dc
morning_peak,,line_synth_redist_00096,,,18.159027893105762,1.3021276595744715,-1.3021276595744715,dc
morning_peak,,line_synth_redist_00097,,,12.10601859540379,0.8680851063829773,-0.8680851063829773,dc
morning_peak,,line_synth_redist_00098,,,6.053009297701897,0.4340425531914888,-0.4340425531914888,dc
morning_peak,,line_synth_redist_00100,,,30.265046488509544,2.1702127659574484,-2.1702127659574484,dc
morning_peak,,line_synth_redist_00101,,,24.21203719080757,1.736170212765954,-1.736170212765954,dc
morning_peak,,line_synth_redist_00102,,,18.15902789310571,1.3021276595744677,-1.3021276595744677,dc
morning_peak,,line_synth_redist_00103,,,12.106018595403793,0.8680851063829775,-0.8680851063829775,dc
morning_peak,,line_synth_redist_00104,,,6.053009297701893,0.4340425531914885,-0.4340425531914885,dc
morning_peak,,line_synth_redist_00106,,,30.265046488509483,2.170212765957444,-2.170212765957444,dc
morning_peak,,line_synth_redist_00107,,,24.212037190807568,1.7361702127659537,-1.7361702127659537,dc
morning_peak,,line_synth_redist_00108,,,18.1590278931057,1.302127659574467,-1.302127659574467,dc
morning_peak,,line_synth_redist_00109,,,12.106018595403798,0.868085106382978,-0.868085106382978,dc
morning_peak,,line_synth_redist_00110,,,6.05300929770189,0.4340425531914884,-0.4340425531914884,dc
morning_peak,,line_synth_redist_00112,,,30.265046488509505,2.1702127659574457,-2.1702127659574457,dc
morning_peak,,line_synth_redist_00113,,,24.21203719080762,1.7361702127659575,-1.7361702127659575,dc
morning_peak,,line_synth_redist_00114,,,18.15902789310571,1.3021276595744677,-1.3021276595744677,dc
morning_peak,,line_synth_redist_00115,,,12.106018595403764,0.8680851063829755,-0.8680851063829755,dc
morning_peak,,line_synth_redist_00116,,,6.053009297701909,0.43404255319148966,-0.43404255319148966,dc
morning_peak,,line_synth_redist_00118,,,30.26504648850945,2.1702127659574417,-2.1702127659574417,dc
morning_peak,,line_synth_redist_00119,,,24.21203719080756,1.7361702127659533,-1.7361702127659533,dc
morning_peak,,line_synth_redist_00120,,,18.159027893105677,1.3021276595744655,-1.3021276595744655,dc
morning_peak,,line_synth_redist_00121,,,12.106018595403793,0.8680851063829774,-0.8680851063829774,dc
morning_peak,,line_synth_redist_00122,,,6.0530092977019025,0.4340425531914892,-0.4340425531914892,dc
morning_peak,,line_synth_redist_00124,,,30.265046488510105,2.1702127659574884,-2.1702127659574884,dc
morning_peak,,line_synth_redist_00125,,,24.212037190808214,1.7361702127660001,-1.7361702127660001,dc
morning_peak,,line_synth_redist_00126,,,18.159027893106305,1.3021276595745106,-1.3021276595745106,dc
morning_peak,,line_synth_redist_00127,,,12.106018595404352,0.8680851063830176,-0.8680851063830176,dc
morning_peak,,line_synth_redist_00128,,,6.0530092977019185,0.4340425531914904,-0.4340425531914904,dc
morning_peak,,line_synth_redist_00130,,,30.26504648850948,2.1702127659574435,-2.1702127659574435,dc
morning_peak,,line_synth_redist_00131,,,24.21203719080757,1.736170212765954,-1.736170212765954,dc
morning_peak,,line_synth_redist_00132,,,18.1590278931057,1.302127659574467,-1.302127659574467,dc
morning_peak,,line_synth_redist_00133,,,12.106018595403802,0.8680851063829782,-0.8680851063829782,dc
morning_peak,,line_synth_redist_00134,,,6.053009297701904,0.4340425531914893,-0.4340425531914893,dc
morning_peak,,line_synth_redist_00136,,,30.26504648850968,2.1702127659574577,-2.1702127659574577,dc
morning_peak,,line_synth_redist_00137,,,24.21203719080779,1.7361702127659697,-1.7361702127659697,dc
morning_peak,,line_synth_redist_00138,,,18.15902789310569,1.3021276595744664,-1.3021276595744664,dc
morning_peak,,line_synth_redist_00139,,,12.10601859540379,0.8680851063829772,-0.8680851063829772,dc
morning_peak,,line_synth_redist_00140,,,6.053009297701896,0.43404255319148877,-0.43404255319148877,dc
morning_peak,,line_synth_redist_00142,,,30.265046488509505,2.1702127659574457,-2.1702127659574457,dc
morning_peak,,line_synth_redist_00143,,,24.212037190807596,1.736170212765956,-1.736170212765956,dc
morning_peak,,line_synth_redist_00144,,,18.15902789310569,1.3021276595744664,-1.3021276595744664,dc
morning_peak,,line_synth_redist_00145,,,12.106018595403793,0.8680851063829774,-0.8680851063829774,dc
morning_peak,,line_synth_redist_00146,,,6.053009297701899,0.43404255319148893,-0.43404255319148893,dc
morning_peak,,line_synth_redist_00148,,,30.26504648850986,2.170212765957471,-2.170212765957471,dc
morning_peak,,line_synth_redist_00149,,,24.212037190807965,1.736170212765982,-1.736170212765982,dc
morning_peak,,line_synth_redist_00150,,,18.15902789310607,1.3021276595744937,-1.3021276595744937,dc
morning_peak,,line_synth_redist_00151,,,12.106018595404166,0.8680851063830042,-0.8680851063830042,dc
morning_peak,,line_synth_redist_00152,,,6.053009297701899,0.4340425531914889,-0.4340425531914889,dc
morning_peak,,line_synth_redist_00154,,,30.265046488506194,2.170212765957208,-2.170212765957208,dc
morning_peak,,line_synth_redist_00155,,,24.212037190804153,1.7361702127657088,-1.7361702127657088,dc
morning_peak,,line_synth_redist_00156,,,18.15902789310569,1.3021276595744664,-1.3021276595744664,dc
morning_peak,,line_synth_redist_00157,,,12.10601859540379,0.8680851063829773,-0.8680851063829773,dc
morning_peak,,line_synth_redist_00158,,,6.0530092977019025,0.4340425531914892,-0.4340425531914892,dc
morning_peak,,line_synth_redist_00160,,,30.26504648850944,2.1702127659574404,-2.1702127659574404,dc
morning_peak,,line_synth_redist_00161,,,24.212037190807603,1.7361702127659566,-1.7361702127659566,dc
morning_peak,,line_synth_redist_00162,,,18.1590278931057,1.302127659574467,-1.302127659574467,dc
morning_peak,,line_synth_redist_00163,,,12.106018595403809,0.8680851063829785,-0.8680851063829785,dc
morning_peak,,line_synth_redist_00164,,,6.053009297701878,0.43404255319148743,-0.43404255319148743,dc
morning_peak,,line_synth_redist_00232,,,30.2650464885095,2.1702127659574453,-2.1702127659574453,dc
morning_peak,,line_synth_redist_00233,,,24.212037190807617,1.736170212765957,-1.736170212765957,dc
morning_peak,,line_synth_redist_00234,,,18.1590278931057,1.302127659574467,-1.302127659574467,dc
morning_peak,,line_synth_redist_00235,,,12.10601859540381,0.8680851063829789,-0.8680851063829789,dc
morning_peak,,line_synth_redist_00236,,,6.053009297701895,0.43404255319148866,-0.43404255319148866,dc
morning_peak,,line_synth_redist_00238,,,30.265046488508634,2.1702127659573827,-2.1702127659573827,dc
morning_peak,,line_synth_redist_00239,,,24.212037190807216,1.7361702127659286,-1.7361702127659286,dc
morning_peak,,line_synth_redist_00240,,,18.15902789310546,1.30212765957445,-1.30212765957445,dc
morning_peak,,line_synth_redist_00241,,,12.106018595403565,0.8680851063829612,-0.8680851063829612,dc
morning_peak,,line_synth_redist_00242,,,6.053009297701896,0.4340425531914887,-0.4340425531914887,dc
morning_peak,,line_synth_redist_00244,,,30.265046488509466,2.1702127659574426,-2.1702127659574426,dc
morning_peak,,line_synth_redist_00245,,,24.212037190807596,1.7361702127659555,-1.7361702127659555,dc
morning_peak,,line_synth_redist_00246,,,18.15902789310569,1.3021276595744666,-1.3021276595744666,dc
morning_peak,,line_synth_redist_00247,,,12.106018595403802,0.8680851063829782,-0.8680851063829782,dc
morning_peak,,line_synth_redist_00248,,,6.053009297701896,0.4340425531914887,-0.4340425531914887,dc
morning_peak,,line_synth_redist_00250,,,30.265046488509604,2.1702127659574524,-2.1702127659574524,dc
morning_peak,,line_synth_redist_00251,,,24.21203719080772,1.7361702127659646,-1.7361702127659646,dc
morning_peak,,line_synth_redist_00252,,,18.159027893105716,1.3021276595744682,-1.3021276595744682,dc
morning_peak,,line_synth_redist_00253,,,12.106018595403793,0.8680851063829774,-0.8680851063829774,dc
morning_peak,,line_synth_redist_00254,,,6.053009297701854,0.43404255319148566,-0.43404255319148566,dc
morning_peak,,line_synth_redist_00256,,,30.265046488510023,2.170212765957482,-2.170212765957482,dc
morning_peak,,line_synth_redist_00257,,,24.212037190808108,1.7361702127659926,-1.7361702127659926,dc
morning_peak,,line_synth_redist_00258,,,18.159027893106213,1.302127659574504,-1.302127659574504,dc
morning_peak,,line_synth_redist_00259,,,12.106018595404315,0.8680851063830151,-0.8680851063830151,dc
morning_peak,,line_synth_redist_00260,,,6.053009297701912,0.4340425531914899,-0.4340425531914899,dc
morning_peak,,line_synth_redist_00262,,,30.26504648850944,2.1702127659574404,-2.1702127659574404,dc
morning_peak,,line_synth_redist_00263,,,24.212037190807585,1.736170212765955,-1.736170212765955,dc
morning_peak,,line_synth_redist_00264,,,18.159027893105677,1.3021276595744653,-1.3021276595744653,dc
morning_peak,,line_synth_redist_00265,,,12.10601859540378,0.8680851063829768,-0.8680851063829768,dc
morning_peak,,line_synth_redist_00266,,,6.053009297701897,0.4340425531914888,-0.4340425531914888,dc
morning_peak,,line_synth_redist_00268,,,30.265046488509466,2.170212765957443,-2.170212765957443,dc
morning_peak,,line_synth_redist_00269,,,24.212037190807596,1.7361702127659557,-1.7361702127659557,dc
morning_peak,,line_synth_redist_00270,,,18.15902789310569,1.3021276595744664,-1.3021276595744664,dc
morning_peak,,line_synth_redist_00271,,,12.106018595403798,0.8680851063829778,-0.8680851063829778,dc
morning_peak,,line_synth_redist_00272,,,6.053009297701899,0.4340425531914889,-0.4340425531914889,dc
morning_peak,,line_synth_redist_00274,,,30.26504648850948,2.1702127659574435,-2.1702127659574435,dc
morning_peak,,line_synth_redist_00275,,,24.212037190807596,1.7361702127659555,-1.7361702127659555,dc
morning_peak,,line_synth_redist_00276,,,18.159027893105698,1.3021276595744669,-1.3021276595744669,dc
morning_peak,,line_synth_redist_00277,,,12.106018595403798,0.8680851063829778,-0.8680851063829778,dc
morning_peak,,line_synth_redist_00278,,,6.053009297701899,0.4340425531914889,-0.4340425531914889,dc
morning_peak,,line_synth_redist_00304,,,46.33411025928179,3.3224755700325814,-3.3224755700325814,dc
morning_peak,,line_synth_redist_00305,,,37.06728820742538,2.6579804560260607,-2.6579804560260607,dc
morning_peak,,line_synth_redist_00306,,,27.800466155569055,1.9934853420195473,-1.9934853420195473,dc
morning_peak,,line_synth_redist_00307,,,18.533644103712692,1.3289902280130308,-1.3289902280130308,dc
morning_peak,,line_synth_redist_00308,,,9.2668220518563,0.6644951140065122,-0.6644951140065122,dc
morning_peak,,line_synth_redist_00310,,,46.33411025928166,3.322475570032571,-3.322475570032571,dc
morning_peak,,line_synth_redist_00311,,,37.06728820742533,2.657980456026057,-2.657980456026057,dc
morning_peak,,line_synth_redist_00312,,,27.800466155569026,1.9934853420195455,-1.9934853420195455,dc
morning_peak,,line_synth_redist_00313,,,18.533644103712703,1.3289902280130315,-1.3289902280130315,dc
morning_peak,,line_synth_redist_00314,,,9.26682205185632,0.6644951140065135,-0.6644951140065135,dc
morning_peak,,line_synth_redist_00316,,,46.334110259281616,3.3224755700325685,-3.3224755700325685,dc
morning_peak,,line_synth_redist_00317,,,37.067288207425264,2.6579804560260527,-2.6579804560260527,dc
morning_peak,,line_synth_redist_00318,,,27.80046615556894,1.9934853420195393,-1.9934853420195393,dc
morning_peak,,line_synth_redist_00319,,,18.533644103712625,1.328990228013026,-1.328990228013026,dc
morning_peak,,line_synth_redist_00320,,,9.266822051856321,0.6644951140065136,-0.6644951140065136,dc
morning_peak,,line_synth_redist_00322,,,46.334110259281815,3.3224755700325828,-3.3224755700325828,dc
morning_peak,,line_synth_redist_00323,,,37.06728820742558,2.657980456026075,-2.657980456026075,dc
morning_peak,,line_synth_redist_00324,,,27.80046615556896,1.9934853420195404,-1.9934853420195404,dc
morning_peak,,line_synth_redist_00325,,,18.5336441037127,1.3289902280130312,-1.3289902280130312,dc
morning_peak,,line_synth_redist_00326,,,9.266822051856296,0.6644951140065117,-0.6644951140065117,dc
morning_peak,,line_synth_redist_00328,,,46.33411025928157,3.3224755700325654,-3.3224755700325654,dc
morning_peak,,line_synth_redist_00329,,,37.06728820742534,2.6579804560260585,-2.6579804560260585,dc
morning_peak,,line_synth_redist_00330,,,27.80046615556907,1.9934853420195482,-1.9934853420195482,dc
morning_peak,,line_synth_redist_00331,,,18.53364410371262,1.3289902280130257,-1.3289902280130257,dc
morning_peak,,line_synth_redist_00332,,,9.26682205185633,0.6644951140065142,-0.6644951140065142,dc
morning_peak,,line_synth_redist_00334,,,46.33411025928161,3.322475570032568,-3.322475570032568,dc
morning_peak,,line_synth_redist_00335,,,37.06728820742527,2.657980456026053,-2.657980456026053,dc
morning_peak,,line_synth_redist_00336,,,27.80046615556902,1.993485342019545,-1.993485342019545,dc
morning_peak,,line_synth_redist_00337,,,18.53364410371268,1.32899022801303,-1.32899022801303,dc
morning_peak,,line_synth_redist_00338,,,9.266822051856309,0.6644951140065127,-0.6644951140065127,dc
morning_peak,,line_synth_redist_00340,,,46.3341102592818,3.3224755700325823,-3.3224755700325823,dc
morning_peak,,line_synth_redist_00341,,,37.06728820742555,2.657980456026073,-2.657980456026073,dc
morning_peak,,line_synth_redist_00342,,,27.800466155569108,1.993485342019551,-1.993485342019551,dc
morning_peak,,line_synth_redist_00343,,,18.53364410371279,1.3289902280130377,-1.3289902280130377,dc
morning_peak,,line_synth_redist_00344,,,9.266822051856321,0.6644951140065136,-0.6644951140065136,dc
morning_peak,,line_synth_redist_00347,,,46.33411025928167,3.322475570032573,-3.322475570032573,dc
morning_peak,,line_synth_redist_00348,,,37.0672882074254,2.6579804560260625,-2.6579804560260625,dc
morning_peak,,line_synth_redist_00349,,,27.800466155569087,1.9934853420195497,-1.9934853420195497,dc
morning_peak,,line_synth_redist_00350,,,18.53364410371269,1.3289902280130304,-1.3289902280130304,dc
morning_peak,,line_synth_redist_00351,,,9.26682205185631,0.6644951140065128,-0.6644951140065128,dc
morning_peak,,line_synth_redist_00353,,,46.33411025928167,3.322475570032573,-3.322475570032573,dc
morning_peak,,line_synth_redist_00354,,,37.06728820742533,2.657980456026057,-2.657980456026057,dc
morning_peak,,line_synth_redist_00355,,,27.800466155568948,1.9934853420195395,-1.9934853420195395,dc
morning_peak,,line_synth_redist_00356,,,18.533644103712636,1.3289902280130266,-1.3289902280130266,dc
morning_peak,,line_synth_redist_00357,,,9.266822051856312,0.664495114006513,-0.664495114006513,dc
morning_peak,,line_synth_redist_00359,,,46.33411025928194,3.322475570032592,-3.322475570032592,dc
morning_peak,,line_synth_redist_00360,,,37.06728820742535,2.6579804560260594,-2.6579804560260594,dc
morning_peak,,line_synth_redist_00361,,,27.800466155569048,1.9934853420195469,-1.9934853420195469,dc
morning_peak,,line_synth_redist_00362,,,18.53364410371281,1.3289902280130392,-1.3289902280130392,dc
morning_peak,,line_synth_redist_00363,,,9.26682205185604,0.6644951140064934,-0.6644951140064934,dc
morning_peak,,line_synth_redist_00365,,,46.334110259281516,3.3224755700325614,-3.3224755700325614,dc
morning_peak,,line_synth_redist_00366,,,37.06728820742526,2.6579804560260523,-2.6579804560260523,dc
morning_peak,,line_synth_redist_00367,,,27.800466155568948,1.9934853420195398,-1.9934853420195398,dc
morning_peak,,line_synth_redist_00368,,,18.533644103712664,1.3289902280130286,-1.3289902280130286,dc
morning_peak,,line_synth_redist_00369,,,9.266822051856296,0.6644951140065117,-0.6644951140065117,dc
morning_peak,,line_synth_redist_00371,,,37.06728820742642,2.6579804560261358,-2.6579804560261358,dc
morning_peak,,line_synth_redist_00372,,,27.800466155569907,1.9934853420196081,-1.9934853420196081,dc
morning_peak,,line_synth_redist_00373,,,18.533644103712835,1.328990228013041,-1.328990228013041,dc
morning_peak,,line_synth_redist_00374,,,9.266822051856675,0.6644951140065388,-0.6644951140065388,dc
morning_peak,,line_synth_redist_00376,,,46.334110259281594,3.3224755700325668,-3.3224755700325668,dc
morning_peak,,line_synth_redist_00377,,,37.067288207425264,2.6579804560260527,-2.6579804560260527,dc
morning_peak,,line_synth_redist_00378,,,27.80046615556901,1.993485342019544,-1.993485342019544,dc
morning_peak,,line_synth_redist_00379,,,18.5336441037127,1.3289902280130312,-1.3289902280130312,dc
morning_peak,,line_synth_redist_00380,,,9.266822051856325,0.664495114006514,-0.664495114006514,dc
morning_peak,,line_synth_redist_00382,,,46.33411025928148,3.322475570032559,-3.322475570032559,dc
morning_peak,,line_synth_redist_00383,,,37.06728820742487,2.6579804560260243,-2.6579804560260243,dc
morning_peak,,line_synth_redist_00384,,,27.800466155568493,1.9934853420195067,-1.9934853420195067,dc
morning_peak,,line_synth_redist_00385,,,18.533644103712597,1.328990228013024,-1.328990228013024,dc
morning_peak,,line_synth_redist_00386,,,9.266822051856344,0.6644951140065153,-0.6644951140065153,dc
morning_peak,,line_synth_redist_00388,,,46.33411025928166,3.322475570032571,-3.322475570032571,dc
morning_peak,,line_synth_redist_00389,,,37.06728820742527,2.657980456026053,-2.657980456026053,dc
morning_peak,,line_synth_redist_00390,,,27.80046615556899,1.9934853420195429,-1.9934853420195429,dc
morning_peak,,line_synth_redist_00391,,,18.533644103712597,1.328990228013024,-1.328990228013024,dc
morning_peak,,line_synth_redist_00392,,,9.2668220518563,0.6644951140065122,-0.6644951140065122,dc
morning_peak,,line_synth_redist_00394,,,46.33411025928624,3.3224755700329007,-3.3224755700329007,dc
morning_peak,,line_synth_redist_00395,,,37.06728820742487,2.6579804560260243,-2.6579804560260243,dc
morning_peak,,line_synth_redist_00396,,,27.80046615556907,1.9934853420195482,-1.9934853420195482,dc
morning_peak,,line_synth_redist_00397,,,18.5336441037127,1.3289902280130312,-1.3289902280130312,dc
morning_peak,,line_synth_redist_00398,,,9.266822051856312,0.664495114006513,-0.664495114006513,dc
morning_peak,,line_synth_redist_00400,,,46.33411025928507,3.3224755700328163,-3.3224755700328163,dc
morning_peak,,line_synth_redist_00401,,,37.06728820742883,2.6579804560263085,-2.6579804560263085,dc
morning_peak,,line_synth_redist_00402,,,27.80046615557257,1.9934853420197989,-1.9934853420197989,dc
morning_peak,,line_synth_redist_00403,,,18.533644103712632,1.3289902280130264,-1.3289902280130264,dc
morning_peak,,line_synth_redist_00404,,,9.266822051856314,0.6644951140065131,-0.6644951140065131,dc
morning_peak,,line_synth_redist_00406,,,46.33411025928266,3.322475570032644,-3.322475570032644,dc
morning_peak,,line_synth_redist_00407,,,37.067288207426266,2.6579804560261246,-2.6579804560261246,dc
morning_peak,,line_synth_redist_00408,,,27.800466155569076,1.9934853420195486,-1.9934853420195486,dc
morning_peak,,line_synth_redist_00409,,,18.533644103712703,1.3289902280130315,-1.3289902280130315,dc
morning_peak,,line_synth_redist_00410,,,9.266822051856325,0.6644951140065138,-0.6644951140065138,dc
morning_peak,,line_synth_redist_00412,,,46.33411025928166,3.3224755700325717,-3.3224755700325717,dc
morning_peak,,line_synth_redist_00413,,,37.06728820742534,2.6579804560260585,-2.6579804560260585,dc
morning_peak,,line_synth_redist_00414,,,27.800466155568937,1.993485342019539,-1.993485342019539,dc
morning_peak,,line_synth_redist_00415,,,18.533644103712632,1.3289902280130264,-1.3289902280130264,dc
morning_peak,,line_synth_redist_00416,,,9.266822051856332,0.6644951140065143,-0.6644951140065143,dc
morning_peak,,line_synth_redist_00418,,,46.334110259281495,3.32247557003256,-3.32247557003256,dc
morning_peak,,line_synth_redist_00419,,,37.0672882074253,2.657980456026056,-2.657980456026056,dc
morning_peak,,line_synth_redist_00420,,,27.80046615556899,1.9934853420195426,-1.9934853420195426,dc
morning_peak,,line_synth_redist_00421,,,18.533644103712657,1.3289902280130281,-1.3289902280130281,dc
morning_peak,,line_synth_redist_00422,,,9.266822051856328,0.6644951140065141,-0.6644951140065141,dc
morning_peak,,line_synth_redist_00424,,,46.334110259281715,3.3224755700325757,-3.3224755700325757,dc
morning_peak,,line_synth_redist_00425,,,37.067288207425385,2.6579804560260616,-2.6579804560260616,dc
morning_peak,,line_synth_redist_00426,,,27.800466155569048,1.9934853420195464,-1.9934853420195464,dc
morning_peak,,line_synth_redist_00427,,,18.533644103712643,1.3289902280130272,-1.3289902280130272,dc
morning_peak,,line_synth_redist_00428,,,9.266822051856296,0.6644951140065118,-0.6644951140065118,dc
morning_peak,,line_synth_redist_00430,,,46.33411025928197,3.322475570032594,-3.322475570032594,dc
morning_peak,,line_synth_redist_00431,,,37.06728820742538,2.657980456026061,-2.657980456026061,dc
morning_peak,,line_synth_redist_00432,,,27.80046615556897,1.9934853420195413,-1.9934853420195413,dc
morning_peak,,line_synth_redist_00433,,,18.53364410371265,1.3289902280130277,-1.3289902280130277,dc
morning_peak,,line_synth_redist_00434,,,9.266822051856325,0.6644951140065137,-0.6644951140065137,dc
morning_peak,,line_synth_redist_00460,,,46.33411025928155,3.322475570032564,-3.322475570032564,dc
morning_peak,,line_synth_redist_00461,,,37.06728820742527,2.6579804560260536,-2.6579804560260536,dc
morning_peak,,line_synth_redist_00462,,,27.80046615556899,1.9934853420195426,-1.9934853420195426,dc
morning_peak,,line_synth_redist_00463,,,18.53364410371267,1.3289902280130292,-1.3289902280130292,dc
morning_peak,,line_synth_redist_00464,,,9.26682205185633,0.6644951140065142,-0.6644951140065142,dc
morning_peak,,line_synth_redist_00467,,,46.334110259281935,3.3224755700325916,-3.3224755700325916,dc
morning_peak,,line_synth_redist_00468,,,37.06728820742525,2.657980456026052,-2.657980456026052,dc
morning_peak,,line_synth_redist_00469,,,27.80046615556888,1.9934853420195346,-1.9934853420195346,dc
morning_peak,,line_synth_redist_00470,,,18.53364410371284,1.3289902280130415,-1.3289902280130415,dc
morning_peak,,line_synth_redist_00471,,,9.266822051856446,0.6644951140065226,-0.6644951140065226,dc
morning_peak,,line_synth_redist_00473,,,46.33411025927153,3.3224755700318456,-3.3224755700318456,dc
morning_peak,,line_synth_redist_00474,,,37.06728820742505,2.657980456026038,-2.657980456026038,dc
morning_peak,,line_synth_redist_00475,,,27.800466155568998,1.993485342019543,-1.993485342019543,dc
morning_peak,,line_synth_redist_00476,,,18.533644103712657,1.3289902280130281,-1.3289902280130281,dc
morning_peak,,line_synth_redist_00477,,,9.266822051856318,0.6644951140065134,-0.6644951140065134,dc
morning_peak,,line_synth_redist_00479,,,46.33411025928157,3.3224755700325654,-3.3224755700325654,dc
morning_peak,,line_synth_redist_00480,,,37.067288207425314,2.6579804560260563,-2.6579804560260563,dc
morning_peak,,line_synth_redist_00481,,,27.800466155569005,1.9934853420195435,-1.9934853420195435,dc
morning_peak,,line_synth_redist_00482,,,18.53364410371269,1.3289902280130306,-1.3289902280130306,dc
morning_peak,,line_synth_redist_00483,,,9.266822051856325,0.6644951140065138,-0.6644951140065138,dc
morning_peak,,line_synth_redist_00485,,,46.33411025928152,3.3224755700325623,-3.3224755700325623,dc
morning_peak,,line_synth_redist_00486,,,37.06728820742527,2.6579804560260536,-2.6579804560260536,dc
morning_peak,,line_synth_redist_00487,,,27.80046615556894,1.9934853420195393,-1.9934853420195393,dc
morning_peak,,line_synth_redist_00488,,,18.53364410371261,1.3289902280130248,-1.3289902280130248,dc
morning_peak,,line_synth_redist_00489,,,9.266822051856312,0.664495114006513,-0.664495114006513,dc
morning_peak,,line_synth_redist_00491,,,46.334110259281694,3.322475570032574,-3.322475570032574,dc
morning_peak,,line_synth_redist_00492,,,37.067288207425044,2.6579804560260367,-2.6579804560260367,dc
morning_peak,,line_synth_redist_00493,,,27.800466155568742,1.993485342019525,-1.993485342019525,dc
morning_peak,,line_synth_redist_00494,,,18.533644103712437,1.3289902280130121,-1.3289902280130121,dc
morning_peak,,line_synth_redist_00495,,,9.266822051856314,0.6644951140065131,-0.6644951140065131,dc
morning_peak,,line_synth_redist_00497,,,46.334110259281594,3.322475570032567,-3.322475570032567,dc
morning_peak,,line_synth_redist_00498,,,37.06728820742539,2.657980456026062,-2.657980456026062,dc
morning_peak,,line_synth_redist_00499,,,27.800466155569133,1.9934853420195526,-1.9934853420195526,dc
morning_peak,,line_synth_redist_00500,,,18.533644103712817,1.3289902280130397,-1.3289902280130397,dc
morning_peak,,line_synth_redist_00501,,,9.266822051856321,0.6644951140065136,-0.6644951140065136,dc
morning_peak,,line_synth_redist_00503,,,46.334110259281545,3.3224755700325637,-3.3224755700325637,dc
morning_peak,,line_synth_redist_00504,,,37.0672882074253,2.6579804560260554,-2.6579804560260554,dc
morning_peak,,line_synth_redist_00505,,,27.800466155568937,1.9934853420195389,-1.9934853420195389,dc
morning_peak,,line_synth_redist_00506,,,18.533644103712636,1.3289902280130268,-1.3289902280130268,dc
morning_peak,,line_synth_redist_00507,,,9.266822051856314,0.6644951140065131,-0.6644951140065131,dc
morning_peak,,line_synth_redist_00509,,,46.33411025928176,3.3224755700325788,-3.3224755700325788,dc
morning_peak,,line_synth_redist_00510,,,37.06728820742546,2.6579804560260674,-2.6579804560260674,dc
morning_peak,,line_synth_redist_00511,,,27.80046615556899,1.9934853420195426,-1.9934853420195426,dc
morning_peak,,line_synth_redist_00512,,,18.533644103712614,1.328990228013025,-1.328990228013025,dc
morning_peak,,line_synth_redist_00513,,,9.266822051856307,0.6644951140065125,-0.6644951140065125,dc
morning_peak,,line_synth_redist_00515,,,46.33411025932883,3.3224755700359543,-3.3224755700359543,dc
morning_peak,,line_synth_redist_00516,,,37.06728820747245,2.6579804560294362,-2.6579804560294362,dc
morning_peak,,line_synth_redist_00517,,,27.80046615561604,1.9934853420229166,-1.9934853420229166,dc
morning_peak,,line_synth_redist_00518,,,18.533644103759663,1.3289902280163988,-1.3289902280163988,dc
morning_peak,,line_synth_redist_00519,,,9.266822051856279,0.6644951140065105,-0.6644951140065105,dc
morning_peak,,line_synth_redist_00521,,,46.33411025928166,3.3224755700325717,-3.3224755700325717,dc
morning_peak,,line_synth_redist_00522,,,37.06728820742538,2.657980456026061,-2.657980456026061,dc
morning_peak,,line_synth_redist_00523,,,27.800466155568976,1.9934853420195418,-1.9934853420195418,dc
morning_peak,,line_synth_redist_00524,,,18.533644103712625,1.328990228013026,-1.328990228013026,dc
morning_peak,,line_synth_redist_00525,,,9.266822051856268,0.6644951140065098,-0.6644951140065098,dc
morning_peak,,line_synth_redist_00527,,,46.33411025928198,3.3224755700325947,-3.3224755700325947,dc
morning_peak,,line_synth_redist_00528,,,37.06728820742536,2.65798045602606,-2.65798045602606,dc
morning_peak,,line_synth_redist_00529,,,27.800466155569026,1.9934853420195455,-1.9934853420195455,dc
morning_peak,,line_synth_redist_00530,,,18.533644103712668,1.328990228013029,-1.328990228013029,dc
morning_peak,,line_synth_redist_00531,,,9.266822051856337,0.6644951140065147,-0.6644951140065147,dc
morning_peak,,line_synth_redist_00533,,,46.334110259281665,3.322475570032572,-3.322475570032572,dc
morning_peak,,line_synth_redist_00534,,,37.067288207425406,2.657980456026063,-2.657980456026063,dc
morning_peak,,line_synth_redist_00535,,,27.800466155569413,1.993485342019573,-1.993485342019573,dc
morning_peak,,line_synth_redist_00536,,,18.533644103713215,1.328990228013068,-1.328990228013068,dc
morning_peak,,line_synth_redist_00537,,,9.266822051856279,0.6644951140065105,-0.6644951140065105,dc
morning_peak,,line_synth_redist_00539,,,46.33411025928176,3.3224755700325788,-3.3224755700325788,dc
morning_peak,,line_synth_redist_00540,,,37.06728820742527,2.657980456026053,-2.657980456026053,dc
morning_peak,,line_synth_redist_00541,,,27.80046615556896,1.9934853420195404,-1.9934853420195404,dc
morning_peak,,line_synth_redist_00542,,,18.53364410371262,1.3289902280130257,-1.3289902280130257,dc
morning_peak,,line_synth_redist_00543,,,9.266822051856325,0.6644951140065137,-0.6644951140065137,dc
morning_peak,,line_synth_redist_00545,,,46.33411025928488,3.322475570032802,-3.322475570032802,dc
morning_peak,,line_synth_redist_00546,,,37.06728820742954,2.657980456026359,-2.657980456026359,dc
morning_peak,,line_synth_redist_00547,,,27.80046615557334,1.9934853420198544,-1.9934853420198544,dc
morning_peak,,line_synth_redist_00548,,,18.53364410371259,1.3289902280130232,-1.3289902280130232,dc
morning_peak,,line_synth_redist_00549,,,9.266822051856344,0.6644951140065152,-0.6644951140065152,dc
morning_peak,,line_synth_redist_00551,,,46.334110259281935,3.3224755700325916,-3.3224755700325916,dc
morning_peak,,line_synth_redist_00552,,,37.067288207425655,2.6579804560260807,-2.6579804560260807,dc
morning_peak,,line_synth_redist_00553,,,27.800466155569158,1.9934853420195546,-1.9934853420195546,dc
morning_peak,,line_synth_redist_00554,,,18.533644103712636,1.3289902280130266,-1.3289902280130266,dc
morning_peak,,line_synth_redist_00555,,,9.266822051856282,0.6644951140065108,-0.6644951140065108,dc
morning_peak,,line_synth_redist_00557,,,46.33411025928197,3.322475570032594,-3.322475570032594,dc
morning_peak,,line_synth_redist_00558,,,37.067288207425655,2.657980456026081,-2.657980456026081,dc
morning_peak,,line_synth_redist_00559,,,27.800466155569325,1.993485342019567,-1.993485342019567,dc
morning_peak,,line_synth_redist_00560,,,18.533644103712753,1.328990228013035,-1.328990228013035,dc
morning_peak,,line_synth_redist_00561,,,9.2668220518563,0.6644951140065122,-0.6644951140065122,dc
morning_peak,,line_synth_redist_00563,,,37.0672882074376,2.6579804560269378,-2.6579804560269378,dc
morning_peak,,line_synth_redist_00564,,,27.800466155581915,1.9934853420204695,-1.9934853420204695,dc
morning_peak,,line_synth_redist_00565,,,18.53364410372547,1.3289902280139472,-1.3289902280139472,dc
morning_peak,,line_synth_redist_00566,,,9.266822051856243,0.664495114006508,-0.664495114006508,dc
morning_peak,,line_synth_redist_00568,,,46.33411025928132,3.322475570032547,-3.322475570032547,dc
morning_peak,,line_synth_redist_00569,,,37.06728820742494,2.657980456026029,-2.657980456026029,dc
morning_peak,,line_synth_redist_00570,,,27.80046615556866,1.993485342019519,-1.993485342019519,dc
morning_peak,,line_synth_redist_00571,,,18.533644103712348,1.328990228013006,-1.328990228013006,dc
morning_peak,,line_synth_redist_00572,,,9.266822051856325,0.6644951140065137,-0.6644951140065137,dc
morning_peak,,line_synth_redist_00574,,,37.06728820742546,2.657980456026067,-2.657980456026067,dc
morning_peak,,line_synth_redist_00575,,,27.80046615556926,1.993485342019562,-1.993485342019562,dc
morning_peak,,line_synth_redist_00576,,,18.53364410371297,1.3289902280130506,-1.3289902280130506,dc
morning_peak,,line_synth_redist_00577,,,9.26682205185621,0.6644951140065055,-0.6644951140065055,dc
morning_peak,,line_synth_redist_00579,,,46.33411025928163,3.3224755700325694,-3.3224755700325694,dc
morning_peak,,line_synth_redist_00580,,,37.0672882074253,2.657980456026055,-2.657980456026055,dc
morning_peak,,line_synth_redist_00581,,,27.800466155569026,1.9934853420195453,-1.9934853420195453,dc
morning_peak,,line_synth_redist_00582,,,18.53364410371261,1.3289902280130248,-1.3289902280130248,dc
morning_peak,,line_synth_redist_00583,,,9.266822051856334,0.6644951140065145,-0.6644951140065145,dc
morning_peak,,line_synth_redist_00585,,,46.33411025928132,3.322475570032547,-3.322475570032547,dc
morning_peak,,line_synth_redist_00586,,,37.06728820742491,2.6579804560260274,-2.6579804560260274,dc
morning_peak,,line_synth_redist_00587,,,27.80046615556856,1.9934853420195118,-1.9934853420195118,dc
morning_peak,,line_synth_redist_00588,,,18.533644103712664,1.3289902280130286,-1.3289902280130286,dc
morning_peak,,line_synth_redist_00589,,,9.266822051856318,0.6644951140065134,-0.6644951140065134,dc
morning_peak,,line_synth_redist_00591,,,46.33411025928274,3.322475570032649,-3.322475570032649,dc
morning_peak,,line_synth_redist_00592,,,37.06728820742633,2.6579804560261295,-2.6579804560261295,dc
morning_peak,,line_synth_redist_00593,,,27.800466155570046,1.9934853420196181,-1.9934853420196181,dc
morning_peak,,line_synth_redist_00594,,,18.533644103712625,1.328990228013026,-1.328990228013026,dc
morning_peak,,line_synth_redist_00595,,,9.266822051856325,0.6644951140065137,-0.6644951140065137,dc
morning_peak,,line_synth_redist_00597,,,46.334110259281594,3.322475570032567,-3.322475570032567,dc
morning_peak,,line_synth_redist_00598,,,37.067288207425236,2.657980456026051,-2.657980456026051,dc
morning_peak,,line_synth_redist_00599,,,27.800466155568955,1.99348534201954,-1.99348534201954,dc
morning_peak,,line_synth_redist_00600,,,18.533644103712643,1.3289902280130272,-1.3289902280130272,dc
morning_peak,,line_synth_redist_00601,,,9.266822051856316,0.6644951140065132,-0.6644951140065132,dc
morning_peak,,line_synth_redist_00772,,,46.33411025928192,3.3224755700325908,-3.3224755700325908,dc
morning_peak,,line_synth_redist_00773,,,37.067288207425534,2.6579804560260722,-2.6579804560260722,dc
morning_peak,,line_synth_redist_00774,,,27.800466155569207,1.993485342019558,-1.993485342019558,dc
morning_peak,,line_synth_redist_00775,,,18.53364410371284,1.3289902280130415,-1.3289902280130415,dc
morning_peak,,line_synth_redist_00776,,,9.266822051856243,0.6644951140065081,-0.6644951140065081,dc
morning_peak,,line_synth_redist_00778,,,46.33411025928108,3.322475570032531,-3.322475570032531,dc
morning_peak,,line_synth_redist_00779,,,37.067288207425264,2.6579804560260527,-2.6579804560260527,dc
morning_peak,,line_synth_redist_00780,,,27.800466155568937,1.993485342019539,-1.993485342019539,dc
morning_peak,,line_synth_redist_00781,,,18.53364410371263,1.3289902280130261,-1.3289902280130261,dc
morning_peak,,line_synth_redist_00782,,,9.266822051856316,0.6644951140065132,-0.6644951140065132,dc
morning_peak,,line_synth_redist_00784,,,46.334110259281395,3.322475570032553,-3.322475570032553,dc
morning_peak,,line_synth_redist_00785,,,37.06728820742533,2.6579804560260576,-2.6579804560260576,dc
morning_peak,,line_synth_redist_00786,,,27.800466155568937,1.9934853420195386,-1.9934853420195386,dc
morning_peak,,line_synth_redist_00787,,,18.533644103712664,1.3289902280130288,-1.3289902280130288,dc
morning_peak,,line_synth_redist_00788,,,9.266822051856318,0.6644951140065134,-0.6644951140065134,dc
morning_peak,,line_synth_redist_00790,,,46.3341102592816,3.3224755700325677,-3.3224755700325677,dc
morning_peak,,line_synth_redist_00791,,,37.06728820742518,2.6579804560260465,-2.6579804560260465,dc
morning_peak,,line_synth_redist_00792,,,27.80046615556888,1.9934853420195346,-1.9934853420195346,dc
morning_peak,,line_synth_redist_00793,,,18.53364410371265,1.3289902280130277,-1.3289902280130277,dc
morning_peak,,line_synth_redist_00794,,,9.266822051856332,0.6644951140065144,-0.6644951140065144,dc
morning_peak,,line_synth_redist_00796,,,46.33411025928186,3.322475570032586,-3.322475570032586,dc
morning_peak,,line_synth_redist_00797,,,37.06728820742543,2.6579804560260647,-2.6579804560260647,dc
morning_peak,,line_synth_redist_00798,,,27.800466155569186,1.9934853420195564,-1.9934853420195564,dc
morning_peak,,line_synth_redist_00799,,,18.533644103712753,1.3289902280130352,-1.3289902280130352,dc
morning_peak,,line_synth_redist_00800,,,9.266822051856357,0.6644951140065161,-0.6644951140065161,dc
morning_peak,,line_synth_redist_00802,,,46.334110259260136,3.3224755700310284,-3.3224755700310284,dc
morning_peak,,line_synth_redist_00803,,,37.067288207403855,2.6579804560245175,-2.6579804560245175,dc
morning_peak,,line_synth_redist_00804,,,27.800466155547532,1.9934853420180039,-1.9934853420180039,dc
morning_peak,,line_synth_redist_00805,,,18.533644103691348,1.3289902280115002,-1.3289902280115002,dc
morning_peak,,line_synth_redist_00806,,,9.266822051856288,0.6644951140065111,-0.6644951140065111,dc
morning_peak,,line_synth_redist_00808,,,46.33411025928139,3.3224755700325526,-3.3224755700325526,dc
morning_peak,,line_synth_redist_00809,,,37.067288207425115,2.657980456026042,-2.657980456026042,dc
morning_peak,,line_synth_redist_00810,,,27.800466155568788,1.9934853420195282,-1.9934853420195282,dc
morning_peak,,line_synth_redist_00811,,,18.53364410371265,1.3289902280130277,-1.3289902280130277,dc
morning_peak,,line_synth_redist_00812,,,9.266822051856355,0.664495114006516,-0.664495114006516,dc
morning_peak,,line_synth_redist_00814,,,46.334110259281495,3.32247557003256,-3.32247557003256,dc
morning_peak,,line_synth_redist_00815,,,37.067288207425214,2.657980456026049,-2.657980456026049,dc
morning_peak,,line_synth_redist_00816,,,27.80046615556897,1.9934853420195413,-1.9934853420195413,dc
morning_peak,,line_synth_redist_00817,,,18.53364410371265,1.3289902280130275,-1.3289902280130275,dc
morning_peak,,line_synth_redist_00818,,,9.266822051856282,0.6644951140065108,-0.6644951140065108,dc
morning_peak,,line_synth_redist_00820,,,9.26682205185615,0.6644951140065013,-0.6644951140065013,dc
morning_peak,,line_synth_redist_00822,,,46.334110259299344,3.3224755700338404,-3.3224755700338404,dc
morning_peak,,line_synth_redist_00823,,,37.06728820742492,2.6579804560260287,-2.6579804560260287,dc
morning_peak,,line_synth_redist_00824,,,27.80046615556902,1.9934853420195446,-1.9934853420195446,dc
morning_peak,,line_synth_redist_00825,,,18.533644103712636,1.3289902280130266,-1.3289902280130266,dc
morning_peak,,line_synth_redist_00826,,,9.266822051856328,0.6644951140065141,-0.6644951140065141,dc
morning_peak,,line_synth_redist_00828,,,46.3341102592816,3.3224755700325677,-3.3224755700325677,dc
morning_peak,,line_synth_redist_00829,,,37.0672882074253,2.657980456026056,-2.657980456026056,dc
morning_peak,,line_synth_redist_00830,,,27.80046615556896,1.9934853420195406,-1.9934853420195406,dc
morning_peak,,line_synth_redist_00831,,,18.533644103712618,1.3289902280130255,-1.3289902280130255,dc
morning_peak,,line_synth_redist_00832,,,9.266822051856272,0.6644951140065101,-0.6644951140065101,dc
morning_peak,,line_synth_redist_01181,,,46.33411025928136,3.3224755700325503,-3.3224755700325503,dc
morning_peak,,line_synth_redist_01182,,,37.06728820742539,2.657980456026062,-2.657980456026062,dc
morning_peak,,line_synth_redist_01183,,,27.800466155569044,1.9934853420195462,-1.9934853420195462,dc
morning_peak,,line_synth_redist_01184,,,18.53364410371268,1.32899022801303,-1.32899022801303,dc
morning_peak,,line_synth_redist_01185,,,9.266822051856309,0.6644951140065127,-0.6644951140065127,dc
morning_peak,,line_synth_redist_01187,,,46.334110259281694,3.3224755700325743,-3.3224755700325743,dc
morning_peak,,line_synth_redist_01188,,,37.06728820742536,2.65798045602606,-2.65798045602606,dc
morning_peak,,line_synth_redist_01189,,,27.800466155568987,1.9934853420195422,-1.9934853420195422,dc
morning_peak,,line_synth_redist_01190,,,18.53364410371264,1.328990228013027,-1.328990228013027,dc
morning_peak,,line_synth_redist_01191,,,9.26682205185629,0.6644951140065114,-0.6644951140065114,dc
morning_peak,,line_synth_redist_01193,,,46.334110259281616,3.3224755700325685,-3.3224755700325685,dc
morning_peak,,line_synth_redist_01194,,,37.067288207425335,2.657980456026058,-2.657980456026058,dc
morning_peak,,line_synth_redist_01195,,,27.80046615556894,1.9934853420195393,-1.9934853420195393,dc
morning_peak,,line_synth_redist_01196,,,18.53364410371263,1.3289902280130261,-1.3289902280130261,dc
morning_peak,,line_synth_redist_01197,,,9.266822051856309,0.6644951140065127,-0.6644951140065127,dc
morning_peak,,line_synth_redist_01199,,,46.33411025928224,3.3224755700326134,-3.3224755700326134,dc
morning_peak,,line_synth_redist_01200,,,37.06728820742551,2.657980456026071,-2.657980456026071,dc
morning_peak,,line_synth_redist_01201,,,27.800466155569246,1.993485342019561,-1.993485342019561,dc
morning_peak,,line_synth_redist_01202,,,18.533644103712405,1.3289902280130101,-1.3289902280130101,dc
morning_peak,,line_synth_redist_01203,,,9.266822051856304,0.6644951140065123,-0.6644951140065123,dc
morning_peak,,line_synth_redist_01205,,,46.33411025928161,3.322475570032568,-3.322475570032568,dc
morning_peak,,line_synth_redist_01206,,,37.0672882074253,2.657980456026056,-2.657980456026056,dc
morning_peak,,line_synth_redist_01207,,,27.80046615556899,1.9934853420195426,-1.9934853420195426,dc
morning_peak,,line_synth_redist_01208,,,18.533644103712692,1.3289902280130308,-1.3289902280130308,dc
morning_peak,,line_synth_redist_01209,,,9.266822051856288,0.6644951140065111,-0.6644951140065111,dc
morning_peak,,line_synth_redist_01211,,,9.266822051855666,0.6644951140064664,-0.6644951140064664,dc
morning_peak,,line_synth_redist_01213,,,46.33411025928329,3.322475570032689,-3.322475570032689,dc
morning_peak,,line_synth_redist_01214,,,37.06728820742696,2.657980456026175,-2.657980456026175,dc
morning_peak,,line_synth_redist_01215,,,27.80046615556894,1.9934853420195393,-1.9934853420195393,dc
morning_peak,,line_synth_redist_01216,,,18.53364410371269,1.3289902280130304,-1.3289902280130304,dc
morning_peak,,line_synth_redist_01217,,,9.26682205185633,0.6644951140065142,-0.6644951140065142,dc
morning_peak,,line_synth_redist_01219,,,46.33411025928188,3.322475570032587,-3.322475570032587,dc
morning_peak,,line_synth_redist_01220,,,37.06728820742547,2.657980456026068,-2.657980456026068,dc
morning_peak,,line_synth_redist_01221,,,27.80046615556896,1.9934853420195406,-1.9934853420195406,dc
morning_peak,,line_synth_redist_01222,,,18.533644103712682,1.3289902280130301,-1.3289902280130301,dc
morning_peak,,line_synth_redist_01223,,,9.266822051856273,0.6644951140065102,-0.6644951140065102,dc
morning_peak,,line_synth_redist_01245,,,17.129783055874853,1.2283236994218791,-1.2283236994218791,dc
morning_peak,,line_synth_redist_01246,,,13.70382644469994,0.9826589595375075,-0.9826589595375075,dc
morning_peak,,line_synth_redist_01247,,,10.277869833524889,0.7369942196531258,-0.7369942196531258,dc
morning_peak,,line_synth_redist_01248,,,6.851913222349963,0.49132947976875313,-0.49132947976875313,dc
morning_peak,,line_synth_redist_01249,,,3.4259566111749615,0.24566473988437515,-0.24566473988437515,dc
morning_peak,,line_synth_redist_01251,,,17.129783055874853,1.2283236994218791,-1.2283236994218791,dc
morning_peak,,line_synth_redist_01252,,,13.70382644469993,0.9826589595375067,-0.9826589595375067,dc
morning_peak,,line_synth_redist_01253,,,10.277869833524901,0.7369942196531267,-0.7369942196531267,dc
morning_peak,,line_synth_redist_01254,,,6.851913222349926,0.4913294797687506,-0.4913294797687506,dc
morning_peak,,line_synth_redist_01255,,,3.425956611174953,0.24566473988437457,-0.24566473988437457,dc
morning_peak,,line_synth_redist_01257,,,17.12978305587491,1.2283236994218834,-1.2283236994218834,dc
morning_peak,,line_synth_redist_01258,,,13.70382644469984,0.9826589595375003,-0.9826589595375003,dc
morning_peak,,line_synth_redist_01259,,,10.277869833524848,0.736994219653123,-0.736994219653123,dc
morning_peak,,line_synth_redist_01260,,,6.8519132223498955,0.4913294797687483,-0.4913294797687483,dc
morning_peak,,line_synth_redist_01261,,,3.4259566111749127,0.24566473988437168,-0.24566473988437168,dc
morning_peak,,line_synth_redist_01263,,,17.12978305587554,1.2283236994219284,-1.2283236994219284,dc
morning_peak,,line_synth_redist_01264,,,13.703826444700585,0.9826589595375536,-0.9826589595375536,dc
morning_peak,,line_synth_redist_01265,,,10.277869833525282,0.736994219653154,-0.736994219653154,dc
morning_peak,,line_synth_redist_01266,,,6.851913222350565,0.4913294797687965,-0.4913294797687965,dc
morning_peak,,line_synth_redist_01267,,,3.425956611174654,0.2456647398843531,-0.2456647398843531,dc
morning_peak,,line_synth_redist_01269,,,17.129783055874604,1.2283236994218614,-1.2283236994218614,dc
morning_peak,,line_synth_redist_01270,,,13.70382644469964,0.9826589595374859,-0.9826589595374859,dc
morning_peak,,line_synth_redist_01271,,,10.277869833525047,0.7369942196531372,-0.7369942196531372,dc
morning_peak,,line_synth_redist_01272,,,6.851913222350216,0.49132947976877134,-0.49132947976877134,dc
morning_peak,,line_synth_redist_01273,,,3.425956611174944,0.2456647398843739,-0.2456647398843739,dc
morning_peak,,line_synth_redist_01275,,,17.12978305587452,1.228323699421855,-1.228323699421855,dc
morning_peak,,line_synth_redist_01276,,,13.703826444699565,0.9826589595374804,-0.9826589595374804,dc
morning_peak,,line_synth_redist_01277,,,10.27786983352464,0.7369942196531081,-0.7369942196531081,dc
morning_peak,,line_synth_redist_01278,,,6.851913222349674,0.4913294797687326,-0.4913294797687326,dc
morning_peak,,line_synth_redist_01279,,,3.4259566111750135,0.24566473988437887,-0.24566473988437887,dc
morning_peak,,line_synth_redist_01281,,,17.129783055874636,1.2283236994218636,-1.2283236994218636,dc
morning_peak,,line_synth_redist_01282,,,13.703826444700018,0.982658959537513,-0.982658959537513,dc
morning_peak,,line_synth_redist_01283,,,10.277869833524603,0.7369942196531053,-0.7369942196531053,dc
morning_peak,,line_synth_redist_01284,,,6.85191322234943,0.49132947976871494,-0.49132947976871494,dc
morning_peak,,line_synth_redist_01285,,,3.42595661117527,0.2456647398843973,-0.2456647398843973,dc
morning_peak,,line_synth_redist_01287,,,17.12978305587481,1.2283236994218762,-1.2283236994218762,dc
morning_peak,,line_synth_redist_01288,,,13.70382644469984,0.9826589595375002,-0.9826589595375002,dc
morning_peak,,line_synth_redist_01289,,,10.277869833524882,0.7369942196531253,-0.7369942196531253,dc
morning_peak,,line_synth_redist_01290,,,6.851913222349933,0.4913294797687511,-0.4913294797687511,dc
morning_peak,,line_synth_redist_01291,,,3.4259566111749655,0.24566473988437548,-0.24566473988437548,dc
morning_peak,,line_synth_redist_01293,,,17.129783055874867,1.2283236994218802,-1.2283236994218802,dc
morning_peak,,line_synth_redist_01294,,,13.703826444699901,0.9826589595375046,-0.9826589595375046,dc
morning_peak,,line_synth_redist_01295,,,10.27786983352493,0.7369942196531288,-0.7369942196531288,dc
morning_peak,,line_synth_redist_01296,,,6.8519132223499435,0.4913294797687518,-0.4913294797687518,dc
morning_peak,,line_synth_redist_01297,,,3.4259566111749677,0.24566473988437562,-0.24566473988437562,dc
morning_peak,,line_synth_redist_01299,,,17.129783055874846,1.2283236994218785,-1.2283236994218785,dc
morning_peak,,line_synth_redist_01300,,,13.703826444699876,0.9826589595375029,-0.9826589595375029,dc
morning_peak,,line_synth_redist_01301,,,10.277869833524909,0.7369942196531273,-0.7369942196531273,dc
morning_peak,,line_synth_redist_01302,,,6.851913222349937,0.49132947976875135,-0.49132947976875135,dc
morning_peak,,line_synth_redist_01303,,,3.425956611174969,0.24566473988437573,-0.24566473988437573,dc
morning_peak,,line_synth_redist_01305,,,17.12978305587484,1.2283236994218782,-1.2283236994218782,dc
morning_peak,,line_synth_redist_01306,,,13.703826444699875,0.9826589595375027,-0.9826589595375027,dc
morning_peak,,line_synth_redist_01307,,,10.277869833524907,0.7369942196531271,-0.7369942196531271,dc
morning_peak,,line_synth_redist_01308,,,6.851913222349938,0.49132947976875146,-0.49132947976875146,dc
morning_peak,,line_synth_redist_01309,,,3.4259566111749717,0.24566473988437593,-0.24566473988437593,dc
morning_peak,,line_synth_redist_01311,,,10.277869833524846,0.7369942196531227,-0.7369942196531227,dc
morning_peak,,line_synth_redist_01312,,,6.851913222349874,0.49132947976874686,-0.49132947976874686,dc
morning_peak,,line_synth_redist_01313,,,3.4259566111750575,0.24566473988438206,-0.24566473988438206,dc
morning_peak,,line_synth_redist_01315,,,17.129783055874853,1.2283236994218791,-1.2283236994218791,dc
morning_peak,,line_synth_redist_01316,,,13.703826444699867,0.9826589595375024,-0.9826589595375024,dc
morning_peak,,line_synth_redist_01317,,,10.277869833524896,0.7369942196531264,-0.7369942196531264,dc
morning_peak,,line_synth_redist_01318,,,6.851913222349934,0.49132947976875113,-0.49132947976875113,dc
morning_peak,,line_synth_redist_01319,,,3.4259566111749677,0.24566473988437562,-0.24566473988437562,dc
morning_peak,,line_synth_redist_01321,,,17.129783055874807,1.2283236994218756,-1.2283236994218756,dc
morning_peak,,line_synth_redist_01322,,,13.703826444699846,0.9826589595375007,-0.9826589595375007,dc
morning_peak,,line_synth_redist_01323,,,10.277869833524882,0.7369942196531253,-0.7369942196531253,dc
morning_peak,,line_synth_redist_01324,,,6.851913222349918,0.49132947976874997,-0.49132947976874997,dc
morning_peak,,line_synth_redist_01325,,,3.42595661117496,0.24566473988437507,-0.24566473988437507,dc
morning_peak,,line_synth_redist_01327,,,17.12978305587486,1.2283236994218796,-1.2283236994218796,dc
morning_peak,,line_synth_redist_01328,,,13.703826444699848,0.9826589595375009,-0.9826589595375009,dc
morning_peak,,line_synth_redist_01329,,,10.277869833524896,0.7369942196531264,-0.7369942196531264,dc
morning_peak,,line_synth_redist_01330,,,6.851913222349931,0.49132947976875097,-0.49132947976875097,dc
morning_peak,,line_synth_redist_01331,,,3.42595661117497,0.24566473988437576,-0.24566473988437576,dc
morning_peak,,line_synth_redist_01333,,,17.129783055874928,1.2283236994218845,-1.2283236994218845,dc
morning_peak,,line_synth_redist_01334,,,13.70382644469988,0.9826589595375032,-0.9826589595375032,dc
morning_peak,,line_synth_redist_01335,,,10.277869833524901,0.7369942196531267,-0.7369942196531267,dc
morning_peak,,line_synth_redist_01336,,,6.851913222349937,0.4913294797687513,-0.4913294797687513,dc
morning_peak,,line_synth_redist_01337,,,3.425956611174975,0.24566473988437612,-0.24566473988437612,dc
morning_peak,,line_synth_redist_01339,,,17.129783055875254,1.228323699421908,-1.228323699421908,dc
morning_peak,,line_synth_redist_01340,,,13.703826444700388,0.9826589595375397,-0.9826589595375397,dc
morning_peak,,line_synth_redist_01341,,,10.27786983352496,0.7369942196531309,-0.7369942196531309,dc
morning_peak,,line_synth_redist_01342,,,6.851913222349968,0.49132947976875363,-0.49132947976875363,dc
morning_peak,,line_synth_redist_01343,,,3.4259566111749717,0.2456647398843759,-0.2456647398843759,dc
morning_peak,,line_synth_redist_01345,,,17.1297830558759,1.2283236994219542,-1.2283236994219542,dc
morning_peak,,line_synth_redist_01346,,,13.703826444700596,0.9826589595375544,-0.9826589595375544,dc
morning_peak,,line_synth_redist_01347,,,10.277869833525576,0.7369942196531751,-0.7369942196531751,dc
morning_peak,,line_synth_redist_01348,,,6.851913222350649,0.4913294797688024,-0.4913294797688024,dc
morning_peak,,line_synth_redist_01349,,,3.4259566111749713,0.24566473988437584,-0.24566473988437584,dc
morning_peak,,line_synth_redist_01351,,,17.12978305587495,1.2283236994218858,-1.2283236994218858,dc
morning_peak,,line_synth_redist_01352,,,13.703826444699926,0.9826589595375064,-0.9826589595375064,dc
morning_peak,,line_synth_redist_01353,,,10.27786983352489,0.7369942196531261,-0.7369942196531261,dc
morning_peak,,line_synth_redist_01354,,,6.85191322234993,0.4913294797687508,-0.4913294797687508,dc
morning_peak,,line_synth_redist_01355,,,3.4259566111749615,0.2456647398843752,-0.2456647398843752,dc
morning_peak,,line_synth_redist_01576,,,17.12978305587484,1.2283236994218782,-1.2283236994218782,dc
morning_peak,,line_synth_redist_01577,,,13.703826444699875,0.9826589595375027,-0.9826589595375027,dc
morning_peak,,line_synth_redist_01578,,,10.277869833524903,0.736994219653127,-0.736994219653127,dc
morning_peak,,line_synth_redist_01579,,,6.851913222349933,0.491329479768751,-0.491329479768751,dc
morning_peak,,line_synth_redist_01580,,,3.425956611174965,0.24566473988437537,-0.24566473988437537,dc
morning_peak,,line_synth_redist_01582,,,17.129783055874835,1.2283236994218778,-1.2283236994218778,dc
morning_peak,,line_synth_redist_01583,,,13.70382644469986,0.9826589595375017,-0.9826589595375017,dc
morning_peak,,line_synth_redist_01584,,,10.277869833524898,0.7369942196531265,-0.7369942196531265,dc
morning_peak,,line_synth_redist_01585,,,6.851913222349931,0.4913294797687509,-0.4913294797687509,dc
morning_peak,,line_synth_redist_01586,,,3.425956611174965,0.24566473988437543,-0.24566473988437543,dc
morning_peak,,line_synth_redist_01588,,,17.12978305587481,1.2283236994218762,-1.2283236994218762,dc
morning_peak,,line_synth_redist_01589,,,13.703826444699867,0.9826589595375024,-0.9826589595375024,dc
morning_peak,,line_synth_redist_01590,,,10.277869833524903,0.7369942196531268,-0.7369942196531268,dc
morning_peak,,line_synth_redist_01591,,,6.851913222349943,0.4913294797687517,-0.4913294797687517,dc
morning_peak,,line_synth_redist_01592,,,3.4259566111749664,0.24566473988437554,-0.24566473988437554,dc
morning_peak,,line_synth_redist_01616,,,17.12978305587484,1.2283236994218782,-1.2283236994218782,dc
morning_peak,,line_synth_redist_01617,,,13.703826444699946,0.9826589595375079,-0.9826589595375079,dc
morning_peak,,line_synth_redist_01618,,,10.277869833524973,0.7369942196531318,-0.7369942196531318,dc
morning_peak,,line_synth_redist_01619,,,6.851913222349805,0.49132947976874186,-0.49132947976874186,dc
morning_peak,,line_synth_redist_01620,,,3.425956611174979,0.24566473988437645,-0.24566473988437645,dc
morning_peak,,line_synth_redist_01622,,,17.129783055874864,1.2283236994218798,-1.2283236994218798,dc
morning_peak,,line_synth_redist_01623,,,13.70382644469989,0.9826589595375038,-0.9826589595375038,dc
morning_peak,,line_synth_redist_01624,,,10.277869833524916,0.7369942196531278,-0.7369942196531278,dc
morning_peak,,line_synth_redist_01625,,,6.85191322234994,0.4913294797687516,-0.4913294797687516,dc
morning_peak,,line_synth_redist_01626,,,3.4259566111749664,0.24566473988437554,-0.24566473988437554,dc
morning_peak,,line_synth_redist_01628,,,17.12978305587475,1.2283236994218718,-1.2283236994218718,dc
morning_peak,,line_synth_redist_01629,,,13.703826444699867,0.9826589595375024,-0.9826589595375024,dc
morning_peak,,line_synth_redist_01630,,,10.277869833524944,0.7369942196531298,-0.7369942196531298,dc
morning_peak,,line_synth_redist_01631,,,6.8519132223499355,0.49132947976875124,-0.49132947976875124,dc
morning_peak,,line_synth_redist_01632,,,3.425956611174969,0.24566473988437573,-0.24566473988437573,dc
morning_peak,,line_synth_redist_01634,,,17.129783055874796,1.2283236994218754,-1.2283236994218754,dc
morning_peak,,line_synth_redist_01635,,,13.703826444699848,0.982658959537501,-0.982658959537501,dc
morning_peak,,line_synth_redist_01636,,,10.27786983352489,0.736994219653126,-0.736994219653126,dc
morning_peak,,line_synth_redist_01637,,,6.851913222349948,0.49132947976875213,-0.49132947976875213,dc
morning_peak,,line_synth_redist_01638,,,3.4259566111749717,0.24566473988437593,-0.24566473988437593,dc
morning_peak,,line_synth_redist_01640,,,17.129783055874952,1.2283236994218865,-1.2283236994218865,dc
morning_peak,,line_synth_redist_01641,,,13.703826444699985,0.9826589595375107,-0.9826589595375107,dc
morning_peak,,line_synth_redist_01642,,,10.277869833524958,0.7369942196531308,-0.7369942196531308,dc
morning_peak,,line_synth_redist_01643,,,6.85191322234999,0.4913294797687551,-0.4913294797687551,dc
morning_peak,,line_synth_redist_01644,,,3.4259566111749704,0.24566473988437582,-0.24566473988437582,dc
morning_peak,,line_synth_redist_01646,,,17.129783055873883,1.2283236994218099,-1.2283236994218099,dc
morning_peak,,line_synth_redist_01647,,,13.703826444698969,0.9826589595374378,-0.9826589595374378,dc
morning_peak,,line_synth_redist_01648,,,10.277869833524917,0.736994219653128,-0.736994219653128,dc
morning_peak,,line_synth_redist_01649,,,6.851913222349934,0.49132947976875113,-0.49132947976875113,dc
morning_peak,,line_synth_redist_01650,,,3.42595661117496,0.24566473988437507,-0.24566473988437507,dc
morning_peak,,line_synth_redist_01652,,,17.129783055992387,1.2283236994303073,-1.2283236994303073,dc
morning_peak,,line_synth_redist_01653,,,13.703826444817413,0.9826589595459311,-0.9826589595459311,dc
morning_peak,,line_synth_redist_01654,,,10.27786983364244,0.736994219661555,-0.736994219661555,dc
morning_peak,,line_synth_redist_01655,,,6.851913222349901,0.4913294797687488,-0.4913294797687488,dc
morning_peak,,line_synth_redist_01656,,,3.4259566111749726,0.24566473988437595,-0.24566473988437595,dc
morning_peak,,line_synth_redist_01658,,,17.12978305587487,1.2283236994218805,-1.2283236994218805,dc
morning_peak,,line_synth_redist_01659,,,13.703826444699875,0.9826589595375026,-0.9826589595375026,dc
morning_peak,,line_synth_redist_01660,,,10.277869833524878,0.7369942196531251,-0.7369942196531251,dc
morning_peak,,line_synth_redist_01661,,,6.851913222349999,0.49132947976875574,-0.49132947976875574,dc
morning_peak,,line_synth_redist_01662,,,3.425956611174967,0.2456647398843756,-0.2456647398843756,dc
morning_peak,,line_synth_redist_01664,,,17.129783055864113,1.2283236994211093,-1.2283236994211093,dc
morning_peak,,line_synth_redist_01665,,,13.703826444689124,0.9826589595367318,-0.9826589595367318,dc
morning_peak,,line_synth_redist_01666,,,10.277869833514295,0.7369942196523662,-0.7369942196523662,dc
morning_peak,,line_synth_redist_01667,,,6.851913222339334,0.4913294797679911,-0.4913294797679911,dc
morning_peak,,line_synth_redist_01668,,,3.4259566111752084,0.2456647398843929,-0.2456647398843929,dc
morning_peak,,line_synth_redist_01670,,,17.129783055874867,1.22832369942188,-1.22832369942188,dc
morning_peak,,line_synth_redist_01671,,,13.703826444699944,0.9826589595375076,-0.9826589595375076,dc
morning_peak,,line_synth_redist_01672,,,10.277869833524846,0.7369942196531228,-0.7369942196531228,dc
morning_peak,,line_synth_redist_01673,,,6.851913222349926,0.4913294797687506,-0.4913294797687506,dc
morning_peak,,line_synth_redist_01674,,,3.4259566111749447,0.24566473988437398,-0.24566473988437398,dc
morning_peak,,line_synth_redist_01676,,,17.129783055875034,1.228323699421892,-1.228323699421892,dc
morning_peak,,line_synth_redist_01677,,,13.703826444696821,0.9826589595372837,-0.9826589595372837,dc
morning_peak,,line_synth_redist_01678,,,10.27786983352154,0.7369942196528857,-0.7369942196528857,dc
morning_peak,,line_synth_redist_01679,,,6.8519132223465995,0.49132947976851205,-0.49132947976851205,dc
morning_peak,,line_synth_redist_01680,,,3.4259566111749544,0.24566473988437473,-0.24566473988437473,dc
morning_peak,,line_synth_redist_01682,,,17.12978305587503,1.2283236994218918,-1.2283236994218918,dc
morning_peak,,line_synth_redist_01683,,,13.703826444700065,0.9826589595375163,-0.9826589595375163,dc
morning_peak,,line_synth_redist_01684,,,10.277869833525102,0.736994219653141,-0.736994219653141,dc
morning_peak,,line_synth_redist_01685,,,6.851913222349963,0.4913294797687532,-0.4913294797687532,dc
morning_peak,,line_synth_redist_01686,,,3.42595661117497,0.24566473988437576,-0.24566473988437576,dc
morning_peak,,line_synth_redist_01688,,,17.129783055875063,1.2283236994218942,-1.2283236994218942,dc
morning_peak,,line_synth_redist_01689,,,13.70382644470004,0.9826589595375146,-0.9826589595375146,dc
morning_peak,,line_synth_redist_01690,,,10.277869833524948,0.73699421965313,-0.73699421965313,dc
morning_peak,,line_synth_redist_01691,,,6.8519132223499675,0.4913294797687535,-0.4913294797687535,dc
morning_peak,,line_synth_redist_01692,,,3.4259566111749953,0.2456647398843776,-0.2456647398843776,dc
morning_peak,,line_synth_redist_01694,,,17.12978305587474,1.228323699421871,-1.228323699421871,dc
morning_peak,,line_synth_redist_01695,,,13.703826444699832,0.9826589595374997,-0.9826589595374997,dc
morning_peak,,line_synth_redist_01696,,,10.277869833524848,0.736994219653123,-0.736994219653123,dc
morning_peak,,line_synth_redist_01697,,,6.85191322234987,0.4913294797687465,-0.4913294797687465,dc
morning_peak,,line_synth_redist_01698,,,3.425956611174863,0.2456647398843681,-0.2456647398843681,dc
morning_peak,,line_synth_redist_01700,,,17.12978305587488,1.2283236994218811,-1.2283236994218811,dc
morning_peak,,line_synth_redist_01701,,,13.703826444699867,0.9826589595375024,-0.9826589595375024,dc
morning_peak,,line_synth_redist_01702,,,10.277869833524909,0.7369942196531272,-0.7369942196531272,dc
morning_peak,,line_synth_redist_01703,,,6.851913222349914,0.4913294797687497,-0.4913294797687497,dc
morning_peak,,line_synth_redist_01704,,,3.4259566111749638,0.24566473988437532,-0.24566473988437532,dc
morning_peak,,line_synth_redist_01706,,,17.12978305587499,1.2283236994218891,-1.2283236994218891,dc
morning_peak,,line_synth_redist_01707,,,13.703826444700065,0.9826589595375164,-0.9826589595375164,dc
morning_peak,,line_synth_redist_01708,,,10.277869833525086,0.7369942196531399,-0.7369942196531399,dc
morning_peak,,line_synth_redist_01709,,,6.851913222350108,0.49132947976876357,-0.49132947976876357,dc
morning_peak,,line_synth_redist_01710,,,3.4259566111749407,0.24566473988437368,-0.24566473988437368,dc
morning_peak,,line_synth_redist_01712,,,17.129783055874558,1.228323699421858,-1.228323699421858,dc
morning_peak,,line_synth_redist_01713,,,13.703826444699624,0.9826589595374846,-0.9826589595374846,dc
morning_peak,,line_synth_redist_01714,,,10.277869833524875,0.7369942196531248,-0.7369942196531248,dc
morning_peak,,line_synth_redist_01715,,,6.851913222349886,0.49132947976874763,-0.49132947976874763,dc
morning_peak,,line_synth_redist_01716,,,3.4259566111751267,0.245664739884387,-0.245664739884387,dc
morning_peak,,line_synth_redist_01718,,,17.129783055874817,1.2283236994218767,-1.2283236994218767,dc
morning_peak,,line_synth_redist_01719,,,13.703826444699846,0.9826589595375007,-0.9826589595375007,dc
morning_peak,,line_synth_redist_01720,,,10.277869833524914,0.7369942196531276,-0.7369942196531276,dc
morning_peak,,line_synth_redist_01721,,,6.8519132223499355,0.49132947976875124,-0.49132947976875124,dc
morning_peak,,line_synth_redist_01722,,,3.4259566111749713,0.24566473988437587,-0.24566473988437587,dc
morning_peak,,line_synth_redist_01724,,,17.1297830558746,1.228323699421861,-1.228323699421861,dc
morning_peak,,line_synth_redist_01725,,,13.703826444699748,0.9826589595374936,-0.9826589595374936,dc
morning_peak,,line_synth_redist_01726,,,10.2778698335248,0.7369942196531194,-0.7369942196531194,dc
morning_peak,,line_synth_redist_01727,,,6.851913222350134,0.4913294797687655,-0.4913294797687655,dc
morning_peak,,line_synth_redist_01728,,,3.4259566111749664,0.24566473988437554,-0.24566473988437554,dc
morning_peak,,line_synth_redist_01730,,,17.12978305587479,1.2283236994218745,-1.2283236994218745,dc
morning_peak,,line_synth_redist_01731,,,13.703826444699763,0.9826589595374948,-0.9826589595374948,dc
morning_peak,,line_synth_redist_01732,,,10.277869833524806,0.7369942196531198,-0.7369942196531198,dc
morning_peak,,line_synth_redist_01733,,,6.8519132223498955,0.4913294797687484,-0.4913294797687484,dc
morning_peak,,line_synth_redist_01734,,,3.4259566111750557,0.24566473988438192,-0.24566473988438192,dc
morning_peak,,line_synth_redist_01736,,,17.129783055875354,1.2283236994219149,-1.2283236994219149,dc
morning_peak,,line_synth_redist_01737,,,13.703826444700487,0.9826589595375467,-0.9826589595375467,dc
morning_peak,,line_synth_redist_01738,,,10.277869833525486,0.7369942196531687,-0.7369942196531687,dc
morning_peak,,line_synth_redist_01739,,,6.851913222349916,0.49132947976874985,-0.49132947976874985,dc
morning_peak,,line_synth_redist_01740,,,3.4259566111749615,0.24566473988437512,-0.24566473988437512,dc
morning_peak,,line_synth_redist_01742,,,17.129783055874846,1.2283236994218785,-1.2283236994218785,dc
morning_peak,,line_synth_redist_01743,,,13.703826444700077,0.9826589595375171,-0.9826589595375171,dc
morning_peak,,line_synth_redist_01744,,,10.277869833524875,0.7369942196531248,-0.7369942196531248,dc
morning_peak,,line_synth_redist_01745,,,6.851913222349937,0.4913294797687513,-0.4913294797687513,dc
morning_peak,,line_synth_redist_01746,,,3.425956611174975,0.24566473988437612,-0.24566473988437612,dc
morning_peak,,line_synth_redist_01748,,,17.12978305587495,1.228323699421886,-1.228323699421886,dc
morning_peak,,line_synth_redist_01749,,,13.703826444699885,0.9826589595375035,-0.9826589595375035,dc
morning_peak,,line_synth_redist_01750,,,10.277869833524923,0.7369942196531284,-0.7369942196531284,dc
morning_peak,,line_synth_redist_01751,,,6.851913222349886,0.4913294797687476,-0.4913294797687476,dc
morning_peak,,line_synth_redist_01752,,,3.425956611174989,0.24566473988437715,-0.24566473988437715,dc
morning_peak,,line_synth_redist_01754,,,17.129783055874817,1.2283236994218767,-1.2283236994218767,dc
morning_peak,,line_synth_redist_01755,,,13.703826444699896,0.9826589595375042,-0.9826589595375042,dc
morning_peak,,line_synth_redist_01756,,,10.277869833524912,0.7369942196531275,-0.7369942196531275,dc
morning_peak,,line_synth_redist_01757,,,6.8519132223499435,0.49132947976875185,-0.49132947976875185,dc
morning_peak,,line_synth_redist_01758,,,3.425956611174958,0.24566473988437496,-0.24566473988437496,dc
morning_peak,,line_synth_redist_01760,,,17.12978305587481,1.228323699421876,-1.228323699421876,dc
morning_peak,,line_synth_redist_01761,,,13.703826444699885,0.9826589595375034,-0.9826589595375034,dc
morning_peak,,line_synth_redist_01762,,,10.2778698335249,0.7369942196531266,-0.7369942196531266,dc
morning_peak,,line_synth_redist_01763,,,6.851913222349933,0.4913294797687511,-0.4913294797687511,dc
morning_peak,,line_synth_redist_01764,,,3.425956611174969,0.2456647398843757,-0.2456647398843757,dc
morning_peak,,line_synth_redist_01766,,,17.129783055874782,1.228323699421874,-1.228323699421874,dc
morning_peak,,line_synth_redist_01767,,,13.703826444699697,0.98265895953749,-0.98265895953749,dc
morning_peak,,line_synth_redist_01768,,,10.277869833524834,0.736994219653122,-0.736994219653122,dc
morning_peak,,line_synth_redist_01769,,,6.851913222349931,0.49132947976875097,-0.49132947976875097,dc
morning_peak,,line_synth_redist_01770,,,3.4259566111749775,0.24566473988437632,-0.24566473988437632,dc
morning_peak,,line_synth_redist_01772,,,17.12978305587479,1.2283236994218745,-1.2283236994218745,dc
morning_peak,,line_synth_redist_01773,,,13.70382644469981,0.982658959537498,-0.982658959537498,dc
morning_peak,,line_synth_redist_01774,,,10.27786983352488,0.7369942196531252,-0.7369942196531252,dc
morning_peak,,line_synth_redist_01775,,,6.851913222349908,0.49132947976874924,-0.49132947976874924,dc
morning_peak,,line_synth_redist_01776,,,3.42595661117497,0.2456647398843758,-0.2456647398843758,dc
morning_peak,,line_synth_redist_01778,,,17.12978305587469,1.2283236994218674,-1.2283236994218674,dc
morning_peak,,line_synth_redist_01779,,,13.70382644469967,0.982658959537488,-0.982658959537488,dc
morning_peak,,line_synth_redist_01780,,,10.277869833524862,0.736994219653124,-0.736994219653124,dc
morning_peak,,line_synth_redist_01781,,,6.851913222349956,0.4913294797687527,-0.4913294797687527,dc
morning_peak,,line_synth_redist_01782,,,3.4259566111749793,0.24566473988437648,-0.24566473988437648,dc
morning_peak,,line_synth_redist_01784,,,17.129783055875862,1.2283236994219513,-1.2283236994219513,dc
morning_peak,,line_synth_redist_01785,,,13.703826444701575,0.9826589595376247,-0.9826589595376247,dc
morning_peak,,line_synth_redist_01786,,,10.27786983352635,0.7369942196532306,-0.7369942196532306,dc
morning_peak,,line_synth_redist_01787,,,6.851913222351396,0.4913294797688559,-0.4913294797688559,dc
morning_peak,,line_synth_redist_01788,,,3.4259566111750015,0.24566473988437806,-0.24566473988437806,dc
morning_peak,,line_synth_redist_01790,,,3.4259566111750175,0.2456647398843792,-0.2456647398843792,dc
morning_peak,,line_synth_redist_01792,,,17.12978305587515,1.2283236994219005,-1.2283236994219005,dc
morning_peak,,line_synth_redist_01793,,,13.703826444699901,0.9826589595375048,-0.9826589595375048,dc
morning_peak,,line_synth_redist_01794,,,10.27786983352482,0.736994219653121,-0.736994219653121,dc
morning_peak,,line_synth_redist_01795,,,6.851913222350059,0.49132947976876007,-0.49132947976876007,dc
morning_peak,,line_synth_redist_01796,,,3.4259566111749655,0.24566473988437548,-0.24566473988437548,dc
morning_peak,,line_synth_redist_01798,,,17.12978305587467,1.228323699421866,-1.228323699421866,dc
morning_peak,,line_synth_redist_01799,,,13.703826444699901,0.9826589595375047,-0.9826589595375047,dc
morning_peak,,line_synth_redist_01800,,,10.277869833524788,0.7369942196531186,-0.7369942196531186,dc
morning_peak,,line_synth_redist_01801,,,6.851913222349918,0.49132947976875,-0.49132947976875,dc
morning_peak,,line_synth_redist_01802,,,3.42595661117481,0.24566473988436432,-0.24566473988436432,dc
morning_peak,,line_synth_redist_01804,,,17.129783055874217,1.2283236994218336,-1.2283236994218336,dc
morning_peak,,line_synth_redist_01805,,,13.703826444699194,0.9826589595374541,-0.9826589595374541,dc
morning_peak,,line_synth_redist_01806,,,10.277869833524209,0.7369942196530771,-0.7369942196530771,dc
morning_peak,,line_synth_redist_01807,,,6.85191322234983,0.4913294797687437,-0.4913294797687437,dc
morning_peak,,line_synth_redist_01808,,,3.425956611174843,0.24566473988436668,-0.24566473988436668,dc
morning_peak,,line_synth_redist_01810,,,17.129783055874864,1.2283236994218798,-1.2283236994218798,dc
morning_peak,,line_synth_redist_01811,,,13.703826444699835,0.9826589595375,-0.9826589595375,dc
morning_peak,,line_synth_redist_01812,,,10.277869833525036,0.7369942196531365,-0.7369942196531365,dc
morning_peak,,line_synth_redist_01813,,,6.851913222349937,0.49132947976875135,-0.49132947976875135,dc
morning_peak,,line_synth_redist_01814,,,3.4259566111749233,0.24566473988437248,-0.24566473988437248,dc
morning_peak,,line_synth_redist_01816,,,17.129783055874835,1.2283236994218778,-1.2283236994218778,dc
morning_peak,,line_synth_redist_01817,,,13.703826444699732,0.9826589595374926,-0.9826589595374926,dc
morning_peak,,line_synth_redist_01818,,,10.277869833524898,0.7369942196531265,-0.7369942196531265,dc
morning_peak,,line_synth_redist_01819,,,6.85191322234958,0.4913294797687258,-0.4913294797687258,dc
morning_peak,,line_synth_redist_01820,,,3.42595661117501,0.2456647398843787,-0.2456647398843787,dc
morning_peak,,line_synth_redist_01822,,,17.129783055874686,1.2283236994218671,-1.2283236994218671,dc
morning_peak,,line_synth_redist_01823,,,13.703826444699347,0.9826589595374647,-0.9826589595374647,dc
morning_peak,,line_synth_redist_01824,,,10.277869833524898,0.7369942196531265,-0.7369942196531265,dc
morning_peak,,line_synth_redist_01825,,,6.8519132223499435,0.49132947976875185,-0.49132947976875185,dc
morning_peak,,line_synth_redist_01826,,,3.4259566111749615,0.24566473988437518,-0.24566473988437518,dc
morning_peak,,line_synth_redist_01828,,,17.12978305587457,1.2283236994218587,-1.2283236994218587,dc
morning_peak,,line_synth_redist_01829,,,13.703826444699917,0.9826589595375059,-0.9826589595375059,dc
morning_peak,,line_synth_redist_01830,,,10.277869833524994,0.7369942196531334,-0.7369942196531334,dc
morning_peak,,line_synth_redist_01831,,,6.851913222349908,0.4913294797687492,-0.4913294797687492,dc
morning_peak,,line_synth_redist_01832,,,3.425956611175,0.24566473988437795,-0.24566473988437795,dc
morning_peak,,line_synth_redist_01834,,,17.129783055871844,1.2283236994216635,-1.2283236994216635,dc
morning_peak,,line_synth_redist_01835,,,13.703826444704765,0.9826589595378534,-0.9826589595378534,dc
morning_peak,,line_synth_redist_01836,,,10.277869833528559,0.7369942196533891,-0.7369942196533891,dc
morning_peak,,line_synth_redist_01837,,,6.8519132223498955,0.4913294797687484,-0.4913294797687484,dc
morning_peak,,line_synth_redist_01838,,,3.4259566111749233,0.24566473988437246,-0.24566473988437246,dc
morning_peak,,line_synth_redist_01840,,,17.129783055874732,1.2283236994218705,-1.2283236994218705,dc
morning_peak,,line_synth_redist_01841,,,13.703826444700088,0.982658959537518,-0.982658959537518,dc
morning_peak,,line_synth_redist_01842,,,10.277869833525068,0.7369942196531387,-0.7369942196531387,dc
morning_peak,,line_synth_redist_01843,,,6.85191322235021,0.491329479768771,-0.491329479768771,dc
morning_peak,,line_synth_redist_01844,,,3.4259566111749558,0.24566473988437476,-0.24566473988437476,dc
morning_peak,,line_synth_redist_01846,,,17.129783055873155,1.2283236994217572,-1.2283236994217572,dc
morning_peak,,line_synth_redist_01847,,,13.703826444698333,0.9826589595373921,-0.9826589595373921,dc
morning_peak,,line_synth_redist_01848,,,10.277869833525202,0.7369942196531484,-0.7369942196531484,dc
morning_peak,,line_synth_redist_01849,,,6.851913222349883,0.49132947976874747,-0.49132947976874747,dc
morning_peak,,line_synth_redist_01850,,,3.4259566111749815,0.24566473988437657,-0.24566473988437657,dc
morning_peak,,line_synth_redist_01852,,,17.12978305587402,1.2283236994218196,-1.2283236994218196,dc
morning_peak,,line_synth_redist_01853,,,13.703826444698555,0.982658959537408,-0.982658959537408,dc
morning_peak,,line_synth_redist_01854,,,10.277869833523372,0.736994219653017,-0.736994219653017,dc
morning_peak,,line_synth_redist_01855,,,6.851913222348384,0.49132947976864,-0.49132947976864,dc
morning_peak,,line_synth_redist_01856,,,3.425956611175013,0.24566473988437884,-0.24566473988437884,dc
morning_peak,,line_synth_redist_01858,,,17.129783055874707,1.2283236994218687,-1.2283236994218687,dc
morning_peak,,line_synth_redist_01859,,,13.703826444699887,0.9826589595375037,-0.9826589595375037,dc
morning_peak,,line_synth_redist_01860,,,10.277869833524907,0.7369942196531271,-0.7369942196531271,dc
morning_peak,,line_synth_redist_01861,,,6.851913222349883,0.49132947976874747,-0.49132947976874747,dc
morning_peak,,line_synth_redist_01862,,,3.4259566111749877,0.24566473988437706,-0.24566473988437706,dc
morning_peak,,line_synth_redist_01864,,,17.129783055874505,1.2283236994218543,-1.2283236994218543,dc
morning_peak,,line_synth_redist_01865,,,13.703826444699674,0.9826589595374884,-0.9826589595374884,dc
morning_peak,,line_synth_redist_01866,,,10.2778698335247,0.7369942196531124,-0.7369942196531124,dc
morning_peak,,line_synth_redist_01867,,,6.851913222349874,0.49132947976874686,-0.49132947976874686,dc
morning_peak,,line_synth_redist_01868,,,3.425956611174883,0.24566473988436954,-0.24566473988436954,dc
morning_peak,,line_synth_redist_01871,,,17.129783055874874,1.2283236994218807,-1.2283236994218807,dc
morning_peak,,line_synth_redist_01872,,,13.703826444699848,0.9826589595375009,-0.9826589595375009,dc
morning_peak,,line_synth_redist_01873,,,10.2778698335249,0.7369942196531266,-0.7369942196531266,dc
morning_peak,,line_synth_redist_01874,,,6.851913222349973,0.49132947976875396,-0.49132947976875396,dc
morning_peak,,line_synth_redist_01875,,,3.4259566111749877,0.24566473988437704,-0.24566473988437704,dc
morning_peak,,line_synth_redist_01877,,,17.129783055877784,1.2283236994220894,-1.2283236994220894,dc
morning_peak,,line_synth_redist_01878,,,13.703826444702806,0.982658959537713,-0.982658959537713,dc
morning_peak,,line_synth_redist_01879,,,10.277869833527872,0.7369942196533397,-0.7369942196533397,dc
morning_peak,,line_synth_redist_01880,,,6.851913222352065,0.491329479768904,-0.491329479768904,dc
morning_peak,,line_synth_redist_01881,,,3.4259566111757267,0.24566473988443005,-0.24566473988443005,dc
morning_peak,,line_synth_redist_01883,,,17.129783055878345,1.2283236994221294,-1.2283236994221294,dc
morning_peak,,line_synth_redist_01884,,,13.703826444702734,0.982658959537708,-0.982658959537708,dc
morning_peak,,line_synth_redist_01885,,,10.277869833527726,0.7369942196533293,-0.7369942196533293,dc
morning_peak,,line_synth_redist_01886,,,6.8519132223513735,0.4913294797688543,-0.4913294797688543,dc
morning_peak,,line_synth_redist_01887,,,3.425956611175419,0.24566473988440796,-0.24566473988440796,dc
morning_peak,,line_synth_redist_01889,,,17.12978305587632,1.2283236994219844,-1.2283236994219844,dc
morning_peak,,line_synth_redist_01890,,,13.703826444701637,0.9826589595376288,-0.9826589595376288,dc
morning_peak,,line_synth_redist_01891,,,10.277869833526134,0.7369942196532151,-0.7369942196532151,dc
morning_peak,,line_synth_redist_01892,,,6.8519132223512695,0.49132947976884694,-0.49132947976884694,dc
morning_peak,,line_synth_redist_01893,,,3.425956611175839,0.24566473988443813,-0.24566473988443813,dc
morning_peak,,line_synth_redist_01895,,,17.12978305587996,1.2283236994222455,-1.2283236994222455,dc
morning_peak,,line_synth_redist_01896,,,13.70382644470481,0.9826589595378566,-0.9826589595378566,dc
morning_peak,,line_synth_redist_01897,,,10.2778698335289,0.7369942196534135,-0.7369942196534135,dc
morning_peak,,line_synth_redist_01898,,,6.851913222353172,0.4913294797689834,-0.4913294797689834,dc
morning_peak,,line_synth_redist_01899,,,3.4259566111758852,0.2456647398844414,-0.2456647398844414,dc
morning_peak,,line_synth_redist_01901,,,17.129783055878885,1.2283236994221682,-1.2283236994221682,dc
morning_peak,,line_synth_redist_01902,,,13.703826444703079,0.9826589595377326,-0.9826589595377326,dc
morning_peak,,line_synth_redist_01903,,,10.277869833527278,0.7369942196532971,-0.7369942196532971,dc
morning_peak,,line_synth_redist_01904,,,6.851913222351513,0.49132947976886443,-0.49132947976886443,dc
morning_peak,,line_synth_redist_01905,,,3.425956611175763,0.24566473988443258,-0.24566473988443258,dc
morning_peak,,line_synth_redist_01907,,,17.1297830558787,1.2283236994221551,-1.2283236994221551,dc
morning_peak,,line_synth_redist_01908,,,13.70382644470294,0.9826589595377225,-0.9826589595377225,dc
morning_peak,,line_synth_redist_01909,,,10.277869833527262,0.7369942196532959,-0.7369942196532959,dc
morning_peak,,line_synth_redist_01910,,,6.851913222351497,0.4913294797688632,-0.4913294797688632,dc
morning_peak,,line_synth_redist_01911,,,3.4259566111757525,0.2456647398844319,-0.2456647398844319,dc
morning_peak,,line_synth_redist_01913,,,17.1297830558788,1.2283236994221622,-1.2283236994221622,dc
morning_peak,,line_synth_redist_01914,,,13.703826444703058,0.982658959537731,-0.982658959537731,dc
morning_peak,,line_synth_redist_01915,,,10.277869833527282,0.7369942196532976,-0.7369942196532976,dc
morning_peak,,line_synth_redist_01916,,,6.851913222351527,0.4913294797688654,-0.4913294797688654,dc
morning_peak,,line_synth_redist_01917,,,3.425956611175763,0.24566473988443258,-0.24566473988443258,dc
morning_peak,,line_synth_redist_01919,,,17.1297830558787,1.2283236994221551,-1.2283236994221551,dc
morning_peak,,line_synth_redist_01920,,,13.703826444702816,0.9826589595377138,-0.9826589595377138,dc
morning_peak,,line_synth_redist_01921,,,10.277869833527282,0.7369942196532975,-0.7369942196532975,dc
morning_peak,,line_synth_redist_01922,,,6.851913222351517,0.4913294797688646,-0.4913294797688646,dc
morning_peak,,line_synth_redist_01923,,,3.425956611175756,0.2456647398844322,-0.2456647398844322,dc
morning_peak,,line_synth_redist_01925,,,17.12978305587885,1.2283236994221658,-1.2283236994221658,dc
morning_peak,,line_synth_redist_01926,,,13.703826444703072,0.9826589595377319,-0.9826589595377319,dc
morning_peak,,line_synth_redist_01927,,,10.277869833527262,0.736994219653296,-0.736994219653296,dc
morning_peak,,line_synth_redist_01928,,,6.851913222351536,0.49132947976886593,-0.49132947976886593,dc
morning_peak,,line_synth_redist_01929,,,3.425956611175761,0.2456647398844325,-0.2456647398844325,dc
morning_peak,,line_synth_redist_01931,,,17.129783055877155,1.2283236994220441,-1.2283236994220441,dc
morning_peak,,line_synth_redist_01932,,,13.703826444701269,0.9826589595376028,-0.9826589595376028,dc
morning_peak,,line_synth_redist_01933,,,10.27786983352526,0.7369942196531525,-0.7369942196531525,dc
morning_peak,,line_synth_redist_01934,,,6.851913222351366,0.4913294797688538,-0.4913294797688538,dc
morning_peak,,line_synth_redist_01935,,,3.4259566111757485,0.24566473988443158,-0.24566473988443158,dc
morning_peak,,line_synth_redist_01937,,,65.40033034299493,4.689655172414427,-4.689655172414427,dc
morning_peak,,line_synth_redist_01938,,,52.32026427439788,3.7517241379316792,-3.7517241379316792,dc
morning_peak,,line_synth_redist_01939,,,39.240198205800674,2.8137931034489223,-2.8137931034489223,dc
morning_peak,,line_synth_redist_01940,,,26.160132137194363,1.8758620689655119,-1.8758620689655119,dc
morning_peak,,line_synth_redist_01941,,,13.080066068597088,0.9379310344827493,-0.9379310344827493,dc
morning_peak,,line_synth_redist_01943,,,65.40033034298538,4.689655172413742,-4.689655172413742,dc
morning_peak,,line_synth_redist_01944,,,52.32026427438815,3.7517241379309825,-3.7517241379309825,dc
morning_peak,,line_synth_redist_01945,,,39.24019820579113,2.813793103448238,-2.813793103448238,dc
morning_peak,,line_synth_redist_01946,,,26.160132137194104,1.875862068965493,-1.875862068965493,dc
morning_peak,,line_synth_redist_01947,,,13.080066068597029,0.937931034482745,-0.937931034482745,dc
morning_peak,,line_synth_redist_01949,,,65.40033034298558,4.689655172413756,-4.689655172413756,dc
morning_peak,,line_synth_redist_01950,,,52.32026427438847,3.751724137931005,-3.751724137931005,dc
morning_peak,,line_synth_redist_01951,,,39.24019820579136,2.8137931034482544,-2.8137931034482544,dc
morning_peak,,line_synth_redist_01952,,,26.160132137194303,1.8758620689655074,-1.8758620689655074,dc
morning_peak,,line_synth_redist_01953,,,13.080066068597072,0.937931034482748,-0.937931034482748,dc
morning_peak,,line_synth_redist_01955,,,65.40033034298526,4.689655172413733,-4.689655172413733,dc
morning_peak,,line_synth_redist_01956,,,52.320264274388116,3.7517241379309803,-3.7517241379309803,dc
morning_peak,,line_synth_redist_01957,,,39.24019820579108,2.813793103448235,-2.813793103448235,dc
morning_peak,,line_synth_redist_01958,,,26.160132137194037,1.8758620689654886,-1.8758620689654886,dc
morning_peak,,line_synth_redist_01959,,,13.080066068597024,0.9379310344827446,-0.9379310344827446,dc
morning_peak,,line_synth_redist_01961,,,65.40033034298543,4.689655172413746,-4.689655172413746,dc
morning_peak,,line_synth_redist_01962,,,52.320264274388194,3.7517241379309856,-3.7517241379309856,dc
morning_peak,,line_synth_redist_01963,,,39.24019820579106,2.813793103448233,-2.813793103448233,dc
morning_peak,,line_synth_redist_01964,,,26.16013213719403,1.8758620689654877,-1.8758620689654877,dc
morning_peak,,line_synth_redist_01965,,,13.080066068597015,0.9379310344827441,-0.9379310344827441,dc
morning_peak,,line_synth_redist_01967,,,65.40033034298524,4.689655172413731,-4.689655172413731,dc
morning_peak,,line_synth_redist_01968,,,52.32026427438798,3.7517241379309705,-3.7517241379309705,dc
morning_peak,,line_synth_redist_01969,,,39.240198205791025,2.813793103448231,-2.813793103448231,dc
morning_peak,,line_synth_redist_01970,,,26.160132137194026,1.8758620689654872,-1.8758620689654872,dc
morning_peak,,line_synth_redist_01971,,,13.080066068597022,0.9379310344827445,-0.9379310344827445,dc
morning_peak,,line_synth_redist_01973,,,65.40033034298541,4.689655172413744,-4.689655172413744,dc
morning_peak,,line_synth_redist_01974,,,52.32026427438823,3.7517241379309882,-3.7517241379309882,dc
morning_peak,,line_synth_redist_01975,,,39.24019820579122,2.8137931034482446,-2.8137931034482446,dc
morning_peak,,line_synth_redist_01976,,,26.160132137194065,1.8758620689654906,-1.8758620689654906,dc
morning_peak,,line_synth_redist_01977,,,13.080066068596983,0.9379310344827416,-0.9379310344827416,dc
morning_peak,,line_synth_redist_01979,,,13.08006606859698,0.9379310344827413,-0.9379310344827413,dc
morning_peak,,line_synth_redist_01981,,,65.4003303429851,4.689655172413722,-4.689655172413722,dc
morning_peak,,line_synth_redist_01982,,,52.32026427438809,3.7517241379309776,-3.7517241379309776,dc
morning_peak,,line_synth_redist_01983,,,39.24019820579108,2.813793103448235,-2.813793103448235,dc
morning_peak,,line_synth_redist_01984,,,26.160132137194047,1.8758620689654892,-1.8758620689654892,dc
morning_peak,,line_synth_redist_01985,,,13.080066068597015,0.9379310344827441,-0.9379310344827441,dc
morning_peak,,line_synth_redist_01987,,,65.40033034298574,4.689655172413768,-4.689655172413768,dc
morning_peak,,line_synth_redist_01988,,,52.3202642743892,3.7517241379310584,-3.7517241379310584,dc
morning_peak,,line_synth_redist_01989,,,39.24019820579123,2.8137931034482455,-2.8137931034482455,dc
morning_peak,,line_synth_redist_01990,,,26.16013213719389,1.875862068965478,-1.875862068965478,dc
morning_peak,,line_synth_redist_01991,,,13.080066068596913,0.9379310344827365,-0.9379310344827365,dc
morning_peak,,line_synth_redist_01993,,,65.4003303429852,4.68965517241373,-4.68965517241373,dc
morning_peak,,line_synth_redist_01994,,,52.320264274388194,3.751724137930985,-3.751724137930985,dc
morning_peak,,line_synth_redist_01995,,,39.24019820579113,2.813793103448238,-2.813793103448238,dc
morning_peak,,line_synth_redist_01996,,,26.160132137194037,1.8758620689654883,-1.8758620689654883,dc
morning_peak,,line_synth_redist_01997,,,13.080066068597029,0.9379310344827448,-0.9379310344827448,dc
morning_peak,,line_synth_redist_01999,,,65.40033034298509,4.689655172413721,-4.689655172413721,dc
morning_peak,,line_synth_redist_02000,,,52.320264274388094,3.7517241379309785,-3.7517241379309785,dc
morning_peak,,line_synth_redist_02001,,,39.240198205791025,2.813793103448231,-2.813793103448231,dc
morning_peak,,line_synth_redist_02002,,,26.160132137194065,1.8758620689654903,-1.8758620689654903,dc
morning_peak,,line_synth_redist_02003,,,13.080066068597029,0.9379310344827447,-0.9379310344827447,dc
morning_peak,,line_synth_redist_02005,,,65.40033034298379,4.6896551724136275,-4.6896551724136275,dc
morning_peak,,line_synth_redist_02006,,,52.32026427438608,3.751724137930834,-3.751724137930834,dc
morning_peak,,line_synth_redist_02007,,,39.24019820578959,2.8137931034481274,-2.8137931034481274,dc
morning_peak,,line_synth_redist_02008,,,26.16013213719291,1.8758620689654077,-1.8758620689654077,dc
morning_peak,,line_synth_redist_02009,,,13.080066068596881,0.9379310344827344,-0.9379310344827344,dc
morning_peak,,line_synth_redist_02011,,,65.40033034298469,4.6896551724136915,-4.6896551724136915,dc
morning_peak,,line_synth_redist_02012,,,52.320264274388116,3.7517241379309803,-3.7517241379309803,dc
morning_peak,,line_synth_redist_02013,,,39.240198205791074,2.8137931034482344,-2.8137931034482344,dc
morning_peak,,line_synth_redist_02014,,,26.160132137194125,1.8758620689654948,-1.8758620689654948,dc
morning_peak,,line_synth_redist_02015,,,13.080066068597022,0.9379310344827445,-0.9379310344827445,dc
morning_peak,,line_synth_redist_02017,,,65.40033034298547,4.689655172413747,-4.689655172413747,dc
morning_peak,,line_synth_redist_02018,,,52.32026427438831,3.751724137930994,-3.751724137930994,dc
morning_peak,,line_synth_redist_02019,,,39.24019820579124,2.813793103448246,-2.813793103448246,dc
morning_peak,,line_synth_redist_02020,,,26.160132137194143,1.8758620689654963,-1.8758620689654963,dc
morning_peak,,line_synth_redist_02021,,,13.080066068597008,0.9379310344827434,-0.9379310344827434,dc
morning_peak,,line_synth_redist_02023,,,65.40033034298501,4.689655172413715,-4.689655172413715,dc
morning_peak,,line_synth_redist_02024,,,52.32026427438758,3.751724137930942,-3.751724137930942,dc
morning_peak,,line_synth_redist_02025,,,39.24019820579113,2.8137931034482384,-2.8137931034482384,dc
morning_peak,,line_synth_redist_02026,,,26.160132137194136,1.8758620689654952,-1.8758620689654952,dc
morning_peak,,line_synth_redist_02027,,,13.080066068597008,0.9379310344827434,-0.9379310344827434,dc
morning_peak,,line_synth_redist_02053,,,65.40033034298501,4.689655172413715,-4.689655172413715,dc
morning_peak,,line_synth_redist_02054,,,52.32026427438815,3.7517241379309825,-3.7517241379309825,dc
morning_peak,,line_synth_redist_02055,,,39.2401982057911,2.813793103448236,-2.813793103448236,dc
morning_peak,,line_synth_redist_02056,,,26.160132137194083,1.8758620689654915,-1.8758620689654915,dc
morning_peak,,line_synth_redist_02057,,,13.080066068597015,0.9379310344827441,-0.9379310344827441,dc
morning_peak,,line_synth_redist_02059,,,65.40033034299113,4.689655172414153,-4.689655172414153,dc
morning_peak,,line_synth_redist_02060,,,52.32026427438815,3.751724137930982,-3.751724137930982,dc
morning_peak,,line_synth_redist_02061,,,39.24019820579106,2.813793103448233,-2.813793103448233,dc
morning_peak,,line_synth_redist_02062,,,26.160132137194076,1.875862068965491,-1.875862068965491,dc
morning_peak,,line_synth_redist_02063,,,13.080066068597032,0.9379310344827453,-0.9379310344827453,dc
morning_peak,,line_synth_redist_02065,,,13.080066068596988,0.937931034482742,-0.937931034482742,dc
morning_peak,,line_synth_redist_02067,,,65.40033034304577,4.689655172418072,-4.689655172418072,dc
morning_peak,,line_synth_redist_02068,,,52.320264274448625,3.7517241379353186,-3.7517241379353186,dc
morning_peak,,line_synth_redist_02069,,,39.24019820585176,2.813793103452586,-2.813793103452586,dc
morning_peak,,line_synth_redist_02070,,,26.160132137254827,1.8758620689698473,-1.8758620689698473,dc
morning_peak,,line_synth_redist_02071,,,13.080066068597043,0.9379310344827461,-0.9379310344827461,dc
morning_peak,,line_synth_redist_02073,,,65.40033034298511,4.6896551724137225,-4.6896551724137225,dc
morning_peak,,line_synth_redist_02074,,,52.32026427438837,3.7517241379309985,-3.7517241379309985,dc
morning_peak,,line_synth_redist_02075,,,39.24019820579126,2.8137931034482473,-2.8137931034482473,dc
morning_peak,,line_synth_redist_02076,,,26.160132137194175,1.8758620689654986,-1.8758620689654986,dc
morning_peak,,line_synth_redist_02077,,,13.080066068596945,0.9379310344827388,-0.9379310344827388,dc
morning_peak,,line_synth_redist_02079,,,65.40033034298514,4.689655172413725,-4.689655172413725,dc
morning_peak,,line_synth_redist_02080,,,52.32026427438815,3.751724137930982,-3.751724137930982,dc
morning_peak,,line_synth_redist_02081,,,39.2401982057911,2.813793103448236,-2.813793103448236,dc
morning_peak,,line_synth_redist_02082,,,26.160132137194047,1.8758620689654892,-1.8758620689654892,dc
morning_peak,,line_synth_redist_02083,,,13.080066068597015,0.9379310344827441,-0.9379310344827441,dc
morning_peak,,line_synth_redist_02085,,,13.080066068596844,0.9379310344827316,-0.9379310344827316,dc
morning_peak,,line_synth_redist_02159,,,65.40033034298538,4.689655172413742,-4.689655172413742,dc
morning_peak,,line_synth_redist_02160,,,52.320264274388286,3.7517241379309922,-3.7517241379309922,dc
morning_peak,,line_synth_redist_02161,,,39.240198205791216,2.813793103448244,-2.813793103448244,dc
morning_peak,,line_synth_redist_02162,,,26.160132137194047,1.8758620689654892,-1.8758620689654892,dc
morning_peak,,line_synth_redist_02163,,,13.080066068597029,0.937931034482745,-0.937931034482745,dc
morning_peak,,line_synth_redist_02165,,,65.40033034298554,4.689655172413754,-4.689655172413754,dc
morning_peak,,line_synth_redist_02166,,,52.32026427438825,3.751724137930989,-3.751724137930989,dc
morning_peak,,line_synth_redist_02167,,,39.240198205791216,2.8137931034482437,-2.8137931034482437,dc
morning_peak,,line_synth_redist_02168,,,26.160132137194104,1.8758620689654932,-1.8758620689654932,dc
morning_peak,,line_synth_redist_02169,,,13.080066068596949,0.9379310344827392,-0.9379310344827392,dc
morning_peak,,line_synth_redist_02171,,,65.40033034298547,4.689655172413748,-4.689655172413748,dc
morning_peak,,line_synth_redist_02172,,,52.320264274388336,3.751724137930996,-3.751724137930996,dc
morning_peak,,line_synth_redist_02173,,,39.24019820579103,2.8137931034482313,-2.8137931034482313,dc
morning_peak,,line_synth_redist_02174,,,26.160132137194005,1.8758620689654861,-1.8758620689654861,dc
morning_peak,,line_synth_redist_02175,,,13.080066068596965,0.9379310344827405,-0.9379310344827405,dc
morning_peak,,line_synth_redist_02177,,,65.40033034298503,4.689655172413716,-4.689655172413716,dc
morning_peak,,line_synth_redist_02178,,,52.32026427438817,3.751724137930984,-3.751724137930984,dc
morning_peak,,line_synth_redist_02179,,,39.240198205791096,2.8137931034482353,-2.8137931034482353,dc
morning_peak,,line_synth_redist_02180,,,26.160132137194008,1.8758620689654866,-1.8758620689654866,dc
morning_peak,,line_synth_redist_02181,,,13.080066068597048,0.9379310344827463,-0.9379310344827463,dc
morning_peak,,line_synth_redist_02203,,,65.40033034298493,4.689655172413709,-4.689655172413709,dc
morning_peak,,line_synth_redist_02204,,,52.32026427438813,3.7517241379309807,-3.7517241379309807,dc
morning_peak,,line_synth_redist_02205,,,39.240198205791025,2.813793103448231,-2.813793103448231,dc
morning_peak,,line_synth_redist_02206,,,26.160132137194097,1.8758620689654926,-1.8758620689654926,dc
morning_peak,,line_synth_redist_02207,,,13.080066068597018,0.9379310344827443,-0.9379310344827443,dc
morning_peak,,line_synth_redist_02209,,,65.40033034285237,4.689655172404203,-4.689655172404203,dc
morning_peak,,line_synth_redist_02210,,,52.32026427425511,3.751724137921442,-3.751724137921442,dc
morning_peak,,line_synth_redist_02211,,,39.240198205791025,2.81379310344823,-2.81379310344823,dc
morning_peak,,line_synth_redist_02212,,,26.160132137193997,1.8758620689654855,-1.8758620689654855,dc
morning_peak,,line_synth_redist_02213,,,13.080066068597032,0.9379310344827453,-0.9379310344827453,dc
morning_peak,,line_synth_redist_02215,,,65.40033034298519,4.689655172413729,-4.689655172413729,dc
morning_peak,,line_synth_redist_02216,,,52.320264274388265,3.75172413793099,-3.75172413793099,dc
morning_peak,,line_synth_redist_02217,,,39.24019820579115,2.8137931034482393,-2.8137931034482393,dc
morning_peak,,line_synth_redist_02218,,,26.160132137193997,1.8758620689654855,-1.8758620689654855,dc
morning_peak,,line_synth_redist_02219,,,13.080066068597018,0.9379310344827443,-0.9379310344827443,dc
morning_peak,,line_synth_redist_02221,,,65.40033034298517,4.689655172413726,-4.689655172413726,dc
morning_peak,,line_synth_redist_02222,,,52.32026427438823,3.7517241379309874,-3.7517241379309874,dc
morning_peak,,line_synth_redist_02223,,,39.24019820579115,2.8137931034482397,-2.8137931034482397,dc
morning_peak,,line_synth_redist_02224,,,26.160132137194136,1.8758620689654952,-1.8758620689654952,dc
morning_peak,,line_synth_redist_02225,,,13.080066068597043,0.937931034482746,-0.937931034482746,dc
morning_peak,,line_synth_redist_02227,,,38.86495040874141,2.7868852459016153,-2.7868852459016153,dc
morning_peak,,line_synth_redist_02228,,,31.09196032699305,2.2295081967212873,-2.2295081967212873,dc
morning_peak,,line_synth_redist_02229,,,23.318970245245175,1.672131147540993,-1.672131147540993,dc
morning_peak,,line_synth_redist_02230,,,15.545980163496791,1.1147540983606625,-1.1147540983606625,dc
morning_peak,,line_synth_redist_02231,,,7.772990081748353,0.5573770491803283,-0.5573770491803283,dc
morning_peak,,line_synth_redist_02233,,,38.8649504087423,2.78688524590168,-2.78688524590168,dc
morning_peak,,line_synth_redist_02234,,,31.09196032699375,2.229508196721337,-2.229508196721337,dc
morning_peak,,line_synth_redist_02235,,,23.318970245245193,1.6721311475409943,-1.6721311475409943,dc
morning_peak,,line_synth_redist_02236,,,15.545980163496825,1.114754098360665,-1.114754098360665,dc
morning_peak,,line_synth_redist_02237,,,7.772990081748381,0.5573770491803303,-0.5573770491803303,dc
morning_peak,,line_synth_redist_02239,,,38.86495040875056,2.786885245902272,-2.786885245902272,dc
morning_peak,,line_synth_redist_02240,,,31.091960327002603,2.229508196721972,-2.229508196721972,dc
morning_peak,,line_synth_redist_02241,,,23.31897024525421,1.672131147541641,-1.672131147541641,dc
morning_peak,,line_synth_redist_02242,,,15.54598016350559,1.1147540983612936,-1.1147540983612936,dc
morning_peak,,line_synth_redist_02243,,,7.772990081748408,0.5573770491803323,-0.5573770491803323,dc
morning_peak,,line_synth_redist_02246,,,38.86495040874193,2.7868852459016535,-2.7868852459016535,dc
morning_peak,,line_synth_redist_02247,,,31.091960326993824,2.2295081967213424,-2.2295081967213424,dc
morning_peak,,line_synth_redist_02248,,,23.3189702452455,1.6721311475410163,-1.6721311475410163,dc
morning_peak,,line_synth_redist_02249,,,15.545980163496843,1.1147540983606663,-1.1147540983606663,dc
morning_peak,,line_synth_redist_02250,,,7.772990081748435,0.5573770491803341,-0.5573770491803341,dc
morning_peak,,line_synth_redist_02252,,,38.86495040874197,2.7868852459016558,-2.7868852459016558,dc
morning_peak,,line_synth_redist_02253,,,31.091960326993757,2.2295081967213375,-2.2295081967213375,dc
morning_peak,,line_synth_redist_02254,,,23.31897024524526,1.6721311475409992,-1.6721311475409992,dc
morning_peak,,line_synth_redist_02255,,,15.545980163496928,1.1147540983606723,-1.1147540983606723,dc
morning_peak,,line_synth_redist_02256,,,7.772990081748378,0.5573770491803299,-0.5573770491803299,dc
morning_peak,,line_synth_redist_02258,,,38.86495040874234,2.7868852459016824,-2.7868852459016824,dc
morning_peak,,line_synth_redist_02259,,,31.0919603269939,2.2295081967213477,-2.2295081967213477,dc
morning_peak,,line_synth_redist_02260,,,23.31897024524574,1.6721311475410334,-1.6721311475410334,dc
morning_peak,,line_synth_redist_02261,,,15.54598016349735,1.1147540983607027,-1.1147540983607027,dc
morning_peak,,line_synth_redist_02262,,,7.772990081748174,0.5573770491803154,-0.5573770491803154,dc
morning_peak,,line_synth_redist_02399,,,38.864950408742594,2.7868852459017006,-2.7868852459017006,dc
morning_peak,,line_synth_redist_02400,,,31.091960326993718,2.229508196721335,-2.229508196721335,dc
morning_peak,,line_synth_redist_02401,,,23.318970245245126,1.6721311475409897,-1.6721311475409897,dc
morning_peak,,line_synth_redist_02402,,,15.545980163496766,1.114754098360661,-1.114754098360661,dc
morning_peak,,line_synth_redist_02403,,,7.772990081748353,0.5573770491803283,-0.5573770491803283,dc
morning_peak,,line_synth_redist_02405,,,38.86495040874168,2.786885245901635,-2.786885245901635,dc
morning_peak,,line_synth_redist_02406,,,31.091960326993863,2.229508196721345,-2.229508196721345,dc
morning_peak,,line_synth_redist_02407,,,23.318970245245144,1.672131147540991,-1.672131147540991,dc
morning_peak,,line_synth_redist_02408,,,15.545980163496703,1.1147540983606563,-1.1147540983606563,dc
morning_peak,,line_synth_redist_02409,,,7.772990081748432,0.5573770491803339,-0.5573770491803339,dc
morning_peak,,line_synth_redist_02411,,,38.86495040874277,2.7868852459017135,-2.7868852459017135,dc
morning_peak,,line_synth_redist_02412,,,31.09196032699409,2.2295081967213615,-2.2295081967213615,dc
morning_peak,,line_synth_redist_02413,,,23.31897024524561,1.672131147541024,-1.672131147541024,dc
morning_peak,,line_synth_redist_02414,,,15.54598016349721,1.1147540983606927,-1.1147540983606927,dc
morning_peak,,line_synth_redist_02415,,,7.7729900817483575,0.5573770491803285,-0.5573770491803285,dc
morning_peak,,line_synth_redist_02417,,,38.86495040874208,2.786885245901664,-2.786885245901664,dc
morning_peak,,line_synth_redist_02418,,,31.09196032699368,2.229508196721332,-2.229508196721332,dc
morning_peak,,line_synth_redist_02419,,,23.31897024524516,1.6721311475409923,-1.6721311475409923,dc
morning_peak,,line_synth_redist_02420,,,15.545980163496816,1.1147540983606645,-1.1147540983606645,dc
morning_peak,,line_synth_redist_02421,,,7.772990081748388,0.5573770491803307,-0.5573770491803307,dc
morning_peak,,line_synth_redist_02423,,,38.864950408742295,2.7868852459016793,-2.7868852459016793,dc
morning_peak,,line_synth_redist_02424,,,31.091960326993796,2.2295081967213406,-2.2295081967213406,dc
morning_peak,,line_synth_redist_02425,,,23.318970245245357,1.6721311475410061,-1.6721311475410061,dc
morning_peak,,line_synth_redist_02426,,,15.545980163497013,1.1147540983606785,-1.1147540983606785,dc
morning_peak,,line_synth_redist_02427,,,7.772990081748408,0.5573770491803323,-0.5573770491803323,dc
morning_peak,,line_synth_redist_02429,,,38.86495040874257,2.786885245901699,-2.786885245901699,dc
morning_peak,,line_synth_redist_02430,,,31.09196032699373,2.2295081967213357,-2.2295081967213357,dc
morning_peak,,line_synth_redist_02431,,,23.318970245245296,1.6721311475410017,-1.6721311475410017,dc
morning_peak,,line_synth_redist_02432,,,15.545980163496791,1.1147540983606625,-1.1147540983606625,dc
morning_peak,,line_synth_redist_02433,,,7.772990081748407,0.5573770491803322,-0.5573770491803322,dc
morning_peak,,line_synth_redist_02435,,,38.86495040874199,2.7868852459016575,-2.7868852459016575,dc
morning_peak,,line_synth_redist_02436,,,31.09196032699361,2.2295081967213273,-2.2295081967213273,dc
morning_peak,,line_synth_redist_02437,,,23.318970245245158,1.6721311475409917,-1.6721311475409917,dc
morning_peak,,line_synth_redist_02438,,,15.5459801634969,1.1147540983606705,-1.1147540983606705,dc
morning_peak,,line_synth_redist_02439,,,7.772990081748425,0.5573770491803334,-0.5573770491803334,dc
morning_peak,,line_synth_redist_02441,,,38.864950408693346,2.786885245898169,-2.786885245898169,dc
morning_peak,,line_synth_redist_02442,,,31.09196032694481,2.2295081967178283,-2.2295081967178283,dc
morning_peak,,line_synth_redist_02443,,,23.318970245196454,1.6721311475374991,-1.6721311475374991,dc
morning_peak,,line_synth_redist_02444,,,15.545980163448078,1.1147540983571695,-1.1147540983571695,dc
morning_peak,,line_synth_redist_02445,,,7.772990081748116,0.5573770491803113,-0.5573770491803113,dc
morning_peak,,line_synth_redist_02447,,,38.864950408745216,2.7868852459018885,-2.7868852459018885,dc
morning_peak,,line_synth_redist_02448,,,31.091960326993735,2.229508196721336,-2.229508196721336,dc
morning_peak,,line_synth_redist_02449,,,23.31897024524528,1.6721311475410006,-1.6721311475410006,dc
morning_peak,,line_synth_redist_02450,,,15.545980163496987,1.1147540983606765,-1.1147540983606765,dc
morning_peak,,line_synth_redist_02451,,,7.77299008174844,0.5573770491803345,-0.5573770491803345,dc
morning_peak,,line_synth_redist_02453,,,38.86495040874202,2.7868852459016593,-2.7868852459016593,dc
morning_peak,,line_synth_redist_02454,,,31.09196032699374,2.2295081967213366,-2.2295081967213366,dc
morning_peak,,line_synth_redist_02455,,,23.318970245245357,1.6721311475410061,-1.6721311475410061,dc
morning_peak,,line_synth_redist_02456,,,15.545980163496814,1.1147540983606643,-1.1147540983606643,dc
morning_peak,,line_synth_redist_02457,,,7.772990081748407,0.5573770491803322,-0.5573770491803322,dc
morning_peak,,line_synth_redist_02459,,,38.8649504087406,2.786885245901557,-2.786885245901557,dc
morning_peak,,line_synth_redist_02460,,,31.09196032699224,2.229508196721229,-2.229508196721229,dc
morning_peak,,line_synth_redist_02461,,,23.318970245243843,1.6721311475408975,-1.6721311475408975,dc
morning_peak,,line_synth_redist_02462,,,15.545980163495523,1.114754098360572,-1.114754098360572,dc
morning_peak,,line_synth_redist_02463,,,7.772990081748427,0.5573770491803336,-0.5573770491803336,dc
morning_peak,,line_synth_redist_02465,,,38.86495040874326,2.786885245901749,-2.786885245901749,dc
morning_peak,,line_synth_redist_02466,,,31.0919603269942,2.2295081967213695,-2.2295081967213695,dc
morning_peak,,line_synth_redist_02467,,,23.31897024524543,1.6721311475410112,-1.6721311475410112,dc
morning_peak,,line_synth_redist_02468,,,15.545980163497122,1.1147540983606863,-1.1147540983606863,dc
morning_peak,,line_synth_redist_02469,,,7.772990081748418,0.5573770491803329,-0.5573770491803329,dc
morning_peak,,line_0000,,,19.163218390804634,-28.744827586206952,28.744827586206952,dc
morning_peak,,line_0001,,,19.163218390804634,-28.744827586206952,28.744827586206952,dc
morning_peak,,line_0010,,,21.797201182095293,-32.69580177314294,32.69580177314294,dc
morning_peak,,line_0011,,,21.797201182095293,-32.69580177314294,32.69580177314294,dc
morning_peak,,line_0012,,,21.797201182095293,-32.69580177314294,32.69580177314294,dc
morning_peak,,line_0027,,,3.9308770659004826e-15,2.948157799425362e-15,-2.948157799425362e-15,dc
morning_peak,,line_0028,,,3.9308770659004826e-15,2.948157799425362e-15,-2.948157799425362e-15,dc
morning_peak,,line_0030,,,0.0,0.0,-0.0,dc
morning_peak,,line_0040,,,63.27068203058863,-94.90602304588295,94.90602304588295,dc
morning_peak,,line_0041,,,1.93921343751689e-17,1.4544100781376673e-17,-1.4544100781376673e-17,dc
morning_peak,,line_0063,,,0.13832594561888942,0.4149778368566682,-0.4149778368566682,dc
morning_peak,,line_0064,,,0.13832594561888942,0.4149778368566682,-0.4149778368566682,dc
morning_peak,,line_0065,,,0.13832594561888942,0.4149778368566682,-0.4149778368566682,dc
morning_peak,,line_0066,,,0.13832594561888942,0.4149778368566682,-0.4149778368566682,dc
morning_peak,,line_0067,,,0.13832594561888942,0.4149778368566682,-0.4149778368566682,dc
morning_peak,,line_0080,,,63.973248386844936,-191.91974516053477,191.91974516053477,dc
morning_peak,,line_0084,,,22.857482212937587,34.28622331940638,-34.28622331940638,dc
morning_peak,,line_0085,,,22.857482212937587,34.28622331940638,-34.28622331940638,dc
morning_peak,,line_0086,,,22.857482212937587,34.28622331940638,-34.28622331940638,dc
morning_peak,,line_0091,,,4.687089966077066,14.061269898231197,-14.061269898231197,dc
morning_peak,,line_0092,,,4.687089966077066,14.061269898231197,-14.061269898231197,dc
morning_peak,,line_0093,,,4.687089966077066,14.061269898231197,-14.061269898231197,dc
morning_peak,,line_0094,,,21.797201182095293,-32.69580177314294,32.69580177314294,dc
morning_peak,,line_0095,,,21.797201182095293,-32.69580177314294,32.69580177314294,dc
morning_peak,,line_0096,,,21.797201182095293,-32.69580177314294,32.69580177314294,dc
morning_peak,,line_0102,,,7.741910615874617e-15,5.806432961905965e-15,-5.806432961905965e-15,dc
morning_peak,,line_0103,,,7.741910615874617e-15,5.806432961905965e-15,-5.806432961905965e-15,dc
morning_peak,,line_0104,,,10.631921824104037,15.947882736156052,-15.947882736156052,dc
morning_peak,,line_0105,,,10.631921824104037,15.947882736156052,-15.947882736156052,dc
morning_peak,,line_0113,,,8.089045558262939e-18,-6.066784168697206e-18,6.066784168697206e-18,dc
morning_peak,,line_0116,,,13.889361702127696,10.417021276595774,-10.417021276595774,dc
morning_peak,,line_0117,,,13.889361702127678,10.417021276595756,-10.417021276595756,dc
morning_peak,,line_0120,,,2.635640573581579e-15,3.9534608603723676e-15,-3.9534608603723676e-15,dc
morning_peak,,line_0141,,,1.963938202076889e-14,5.891814606230667e-15,-5.891814606230667e-15,dc
morning_peak,,line_0142,,,4.687089966077066,14.061269898231197,-14.061269898231197,dc
morning_peak,,line_0143,,,4.687089966077066,14.061269898231197,-14.061269898231197,dc
morning_peak,,line_0144,,,4.687089966077066,14.061269898231197,-14.061269898231197,dc
morning_peak,,line_0174,,,5.315960912052113,7.9739413680781706,-7.9739413680781706,dc
morning_peak,,line_0175,,,5.315960912052113,7.9739413680781706,-7.9739413680781706,dc
morning_peak,,line_0176,,,1.7146083911447094e-14,2.5719125867170638e-14,-2.5719125867170638e-14,dc
morning_peak,,line_0178,,,15.006896551723962,22.510344827585943,-22.510344827585943,dc
morning_peak,,line_0180,,,84.99310344827607,-127.4896551724141,127.4896551724141,dc
morning_peak,,line_0182,,,15.9478827361543,11.960912052115724,-11.960912052115724,dc
morning_peak,,line_0196,,,4.930888783084595e-15,7.396333174626891e-15,-7.396333174626891e-15,dc
morning_peak,,line_0197,,,4.930888783084595e-15,7.396333174626891e-15,-7.396333174626891e-15,dc
morning_peak,,line_0199,,,7.529357924358661e-15,-1.1294036886537991e-14,1.1294036886537991e-14,dc
morning_peak,,line_0200,,,7.529357924358661e-15,-1.1294036886537991e-14,1.1294036886537991e-14,dc
morning_peak,,line_0201,,,27.42558445754108,-82.27675337262323,82.27675337262323,dc
morning_peak,,line_0202,,,27.42558445754108,-82.27675337262323,82.27675337262323,dc
morning_peak,,line_0209,,,6.252873563218299,9.379310344827447,-9.379310344827447,dc
morning_peak,,line_0210,,,6.252873563218299,9.379310344827447,-9.379310344827447,dc
morning_peak,,line_0211,,,2.511824161430927e-16,1.883868121073195e-16,-1.883868121073195e-16,dc
morning_peak,,line_0215,,,22.99561703083091,68.98685109249273,-68.98685109249273,dc
morning_peak,,line_0216,,,22.99561703083091,68.98685109249273,-68.98685109249273,dc
morning_peak,,line_synth_01112,,,6.37499999999999,4.781249999999993,-4.781249999999993,dc
morning_peak,,line_synth_01118,,,6.375000000000009,4.781250000000006,-4.781250000000006,dc
morning_peak,,line_synth_01124,,,6.375000000000049,4.781250000000036,-4.781250000000036,dc
morning_peak,,line_synth_01130,,,6.375000000000066,4.781250000000049,-4.781250000000049,dc
morning_peak,,line_synth_01970,,,1.67424242424242,5.02272727272726,-5.02272727272726,dc
morning_peak,,line_synth_01976,,,1.6742424242424219,5.022727272727265,-5.022727272727265,dc
morning_peak,,line_synth_01982,,,1.6742424242424212,5.022727272727264,-5.022727272727264,dc
morning_peak,,line_synth_02012,,,4.107382550335543,3.0805369127516573,-3.0805369127516573,dc
morning_peak,,line_synth_02018,,,4.1073825503355605,3.08053691275167,-3.08053691275167,dc
morning_peak,,line_synth_02024,,,4.107382550335579,3.0805369127516835,-3.0805369127516835,dc
morning_peak,,line_synth_02030,,,4.107382550335544,3.080536912751658,-3.080536912751658,dc
morning_peak,,line_synth_02036,,,4.107382550335544,3.080536912751658,-3.080536912751658,dc
morning_peak,,line_synth_02042,,,4.107382550335561,3.080536912751671,-3.080536912751671,dc
morning_peak,,line_synth_02048,,,4.107382550335555,3.0805369127516666,-3.0805369127516666,dc
morning_peak,,line_synth_02054,,,10.268456375838872,3.0805369127516613,-3.0805369127516613,dc
morning_peak,,line_synth_02060,,,3.4228187919462902,1.0268456375838868,-1.0268456375838868,dc
morning_peak,,line_synth_02062,,,10.268456375767224,3.080536912730167,-3.080536912730167,dc
morning_peak,,line_synth_02068,,,10.268456375838895,3.0805369127516684,-3.0805369127516684,dc
morning_peak,,line_synth_02183,,,5.551020408163251,4.1632653061224385,-4.1632653061224385,dc
morning_peak,,line_synth_02189,,,3.7006802721088348,2.775510204081626,-2.775510204081626,dc
morning_peak,,line_synth_02193,,,1.850340136054418,1.3877551020408132,-1.3877551020408132,dc
morning_peak,,line_synth_02195,,,5.55102040816326,4.163265306122444,-4.163265306122444,dc
morning_peak,,line_synth_02201,,,5.55102040816326,4.163265306122445,-4.163265306122445,dc
morning_peak,,line_synth_02207,,,0.925170068027209,0.6938775510204067,-0.6938775510204067,dc
morning_peak,,line_synth_02208,,,5.5510204081632475,4.163265306122436,-4.163265306122436,dc
morning_peak,,line_synth_spur_000,,,6.944680851063817,10.417021276595726,-10.417021276595726,dc
morning_peak,,line_synth_spur_009,,,76.06936416185046,-114.10404624277568,114.10404624277568,dc
morning_peak,,line_synth_spur_010,,,38.326436781609424,57.48965517241414,-57.48965517241414,dc
morning_peak,,line_osm_inferred_0000,,,1.473988439306252,4.421965317918756,-4.421965317918756,dc
morning_peak,,line_v1_samar_15,,,0.5501128789693885,0.4125846592270413,-0.4125846592270413,dc
morning_peak,,line_v1_samar_16,,,7.980710694444143,5.985533020833108,-5.985533020833108,dc
morning_peak,,line_v1_leyte_16,,,29.47976878612505,22.109826589593787,-22.109826589593787,dc
morning_peak,,line_v1_leyte_17,,,7.861271676291645,-5.895953757218733,5.895953757218733,dc
morning_peak,,line_v1_leyte_18,,,48.15028901733019,36.112716762997636,-36.112716762997636,dc
morning_peak,,line_v1_leyte_19,,,5.8959537572263025,8.843930635839454,-8.843930635839454,dc
morning_peak,,line_osm_inferred_0006,,,2.5778804659308956,-1.9334103494481718,1.9334103494481718,dc
morning_peak,,line_osm_inferred_0007,,,2.5778804659308956,-1.9334103494481718,1.9334103494481718,dc
morning_peak,,line_osm_inferred_0008,,,5.158106263124294,3.8685796973432205,-3.8685796973432205,dc
morning_peak,,line_osm_inferred_0009,,,5.158106263124294,3.8685796973432205,-3.8685796973432205,dc
morning_peak,,line_synth_redist_00044,,,3.4723404255319146,2.6042553191489355,-2.6042553191489355,dc
morning_peak,,line_synth_redist_00050,,,3.4723404255319146,2.6042553191489355,-2.6042553191489355,dc
morning_peak,,line_synth_redist_00056,,,3.472340425531917,2.6042553191489377,-2.6042553191489377,dc
morning_peak,,line_synth_redist_00062,,,3.472340425531917,2.6042553191489377,-2.6042553191489377,dc
morning_peak,,line_synth_redist_00068,,,0.5787234042553188,0.43404255319148904,-0.43404255319148904,dc
morning_peak,,line_synth_redist_00069,,,3.4723404255318995,2.604255319148925,-2.604255319148925,dc
morning_peak,,line_synth_redist_00075,,,3.4723404255319106,2.604255319148933,-2.604255319148933,dc
morning_peak,,line_synth_redist_00081,,,1.7361702127659564,2.6042553191489346,-2.6042553191489346,dc
morning_peak,,line_synth_redist_00087,,,1.736170212765962,2.604255319148943,-2.604255319148943,dc
morning_peak,,line_synth_redist_00093,,,1.7361702127659564,2.6042553191489346,-2.6042553191489346,dc
morning_peak,,line_synth_redist_00099,,,1.7361702127659564,2.6042553191489346,-2.6042553191489346,dc
morning_peak,,line_synth_redist_00105,,,8.680851063829778,2.604255319148933,-2.604255319148933,dc
morning_peak,,line_synth_redist_00111,,,8.680851063829781,2.604255319148934,-2.604255319148934,dc
morning_peak,,line_synth_redist_00117,,,8.680851063829772,2.604255319148932,-2.604255319148932,dc
morning_peak,,line_synth_redist_00123,,,8.680851063829923,2.6042553191489763,-2.6042553191489763,dc
morning_peak,,line_synth_redist_00129,,,8.680851063829774,2.6042553191489324,-2.6042553191489324,dc
morning_peak,,line_synth_redist_00135,,,8.680851063829824,2.604255319148947,-2.604255319148947,dc
morning_peak,,line_synth_redist_00141,,,8.68085106382978,2.6042553191489333,-2.6042553191489333,dc
morning_peak,,line_synth_redist_00147,,,8.680851063829866,2.6042553191489595,-2.6042553191489595,dc
morning_peak,,line_synth_redist_00153,,,1.736170212765806,2.604255319148709,-2.604255319148709,dc
morning_peak,,line_synth_redist_00159,,,1.736170212765957,2.604255319148935,-2.604255319148935,dc
morning_peak,,line_synth_redist_00165,,,0.28936170212765516,0.43404255319148266,-0.43404255319148266,dc
morning_peak,,line_synth_redist_00231,,,3.4723404255319195,2.6042553191489395,-2.6042553191489395,dc
morning_peak,,line_synth_redist_00237,,,3.472340425531832,2.604255319148874,-2.604255319148874,dc
morning_peak,,line_synth_redist_00243,,,3.4723404255319132,2.604255319148935,-2.604255319148935,dc
morning_peak,,line_synth_redist_00249,,,3.4723404255319252,2.604255319148944,-2.604255319148944,dc
morning_peak,,line_synth_redist_00255,,,3.472340425531962,2.6042553191489715,-2.6042553191489715,dc
morning_peak,,line_synth_redist_00261,,,3.472340425531907,2.60425531914893,-2.60425531914893,dc
morning_peak,,line_synth_redist_00267,,,3.4723404255319035,2.604255319148928,-2.604255319148928,dc
morning_peak,,line_synth_redist_00273,,,3.472340425531913,2.6042553191489346,-2.6042553191489346,dc
morning_peak,,line_synth_redist_00303,,,2.6579804560260567,3.9869706840390853,-3.9869706840390853,dc
morning_peak,,line_synth_redist_00309,,,2.6579804560260567,3.9869706840390853,-3.9869706840390853,dc
morning_peak,,line_synth_redist_00315,,,2.6579804560260567,3.9869706840390853,-3.9869706840390853,dc
morning_peak,,line_synth_redist_00321,,,2.6579804560260567,3.9869706840390853,-3.9869706840390853,dc
morning_peak,,line_synth_redist_00327,,,2.657980456026058,3.986970684039086,-3.986970684039086,dc
morning_peak,,line_synth_redist_00333,,,2.6579804560260336,3.986970684039051,-3.986970684039051,dc
morning_peak,,line_synth_redist_00339,,,2.657980456026058,3.986970684039086,-3.986970684039086,dc
morning_peak,,line_synth_redist_00345,,,0.44299674267101197,0.664495114006518,-0.664495114006518,dc
morning_peak,,line_synth_redist_00346,,,5.3159609120521445,3.9869706840391084,-3.9869706840391084,dc
morning_peak,,line_synth_redist_00352,,,5.3159609120521445,3.9869706840391084,-3.9869706840391084,dc
morning_peak,,line_synth_redist_00358,,,5.3159609120521205,3.986970684039091,-3.986970684039091,dc
morning_peak,,line_synth_redist_00364,,,5.315960912052075,3.9869706840390564,-3.9869706840390564,dc
morning_peak,,line_synth_redist_00370,,,2.214983713355118,3.322475570032677,-3.322475570032677,dc
morning_peak,,line_synth_redist_00375,,,2.657980456026058,3.9869706840390866,-3.9869706840390866,dc
morning_peak,,line_synth_redist_00381,,,5.315960912052154,3.9869706840391146,-3.9869706840391146,dc
morning_peak,,line_synth_redist_00387,,,5.315960912052154,3.9869706840391146,-3.9869706840391146,dc
morning_peak,,line_synth_redist_00393,,,5.315960912052559,3.986970684039419,-3.986970684039419,dc
morning_peak,,line_synth_redist_00399,,,5.315960912052442,3.9869706840393317,-3.9869706840393317,dc
morning_peak,,line_synth_redist_00405,,,5.315960912052257,3.9869706840391927,-3.9869706840391927,dc
morning_peak,,line_synth_redist_00411,,,2.65798045602606,3.9869706840390893,-3.9869706840390893,dc
morning_peak,,line_synth_redist_00417,,,2.6579804560260363,3.986970684039054,-3.986970684039054,dc
morning_peak,,line_synth_redist_00423,,,2.65798045602606,3.9869706840390893,-3.9869706840390893,dc
morning_peak,,line_synth_redist_00429,,,2.6579804560260825,3.986970684039124,-3.986970684039124,dc
morning_peak,,line_synth_redist_00459,,,5.315960912052116,3.986970684039087,-3.986970684039087,dc
morning_peak,,line_synth_redist_00465,,,0.8859934853420207,0.6644951140065156,-0.6644951140065156,dc
morning_peak,,line_synth_redist_00466,,,5.315960912052139,3.9869706840391044,-3.9869706840391044,dc
morning_peak,,line_synth_redist_00472,,,5.3159609120511435,3.986970684038358,-3.986970684038358,dc
morning_peak,,line_synth_redist_00478,,,5.315960912052091,3.986970684039069,-3.986970684039069,dc
morning_peak,,line_synth_redist_00484,,,5.31596091205208,3.98697068403906,-3.98697068403906,dc
morning_peak,,line_synth_redist_00490,,,5.315960912052127,3.9869706840390946,-3.9869706840390946,dc
morning_peak,,line_synth_redist_00496,,,5.315960912052116,3.986970684039086,-3.986970684039086,dc
morning_peak,,line_synth_redist_00502,,,5.315960912052104,3.9869706840390773,-3.9869706840390773,dc
morning_peak,,line_synth_redist_00508,,,5.315960912052127,3.9869706840390946,-3.9869706840390946,dc
morning_peak,,line_synth_redist_00514,,,5.315960912056617,3.986970684042463,-3.986970684042463,dc
morning_peak,,line_synth_redist_00520,,,5.315960912052127,3.9869706840390946,-3.9869706840390946,dc
morning_peak,,line_synth_redist_00526,,,5.315960912052244,3.9869706840391825,-3.9869706840391825,dc
morning_peak,,line_synth_redist_00532,,,5.3159609120521285,3.986970684039096,-3.986970684039096,dc
morning_peak,,line_synth_redist_00538,,,5.3159609120521285,3.986970684039096,-3.986970684039096,dc
morning_peak,,line_synth_redist_00544,,,5.315960912052244,3.9869706840391825,-3.9869706840391825,dc
morning_peak,,line_synth_redist_00550,,,1.3289902280130357,3.986970684039107,-3.986970684039107,dc
morning_peak,,line_synth_redist_00556,,,1.3289902280130357,3.986970684039107,-3.986970684039107,dc
morning_peak,,line_synth_redist_00562,,,1.1074918566778167,3.3224755700334496,-3.3224755700334496,dc
morning_peak,,line_synth_redist_00567,,,1.3289902280130261,3.9869706840390786,-3.9869706840390786,dc
morning_peak,,line_synth_redist_00573,,,1.1074918566775178,3.322475570032553,-3.322475570032553,dc
morning_peak,,line_synth_redist_00578,,,1.3289902280130261,3.9869706840390786,-3.9869706840390786,dc
morning_peak,,line_synth_redist_00584,,,1.3289902280130261,3.9869706840390786,-3.9869706840390786,dc
morning_peak,,line_synth_redist_00590,,,2.657980456026104,3.9869706840391563,-3.9869706840391563,dc
morning_peak,,line_synth_redist_00596,,,2.657980456026058,3.986970684039087,-3.986970684039087,dc
morning_peak,,line_synth_redist_00602,,,0.4429967426710125,0.6644951140065188,-0.6644951140065188,dc
morning_peak,,line_synth_redist_00771,,,5.315960912052136,3.9869706840391026,-3.9869706840391026,dc
morning_peak,,line_synth_redist_00777,,,5.315960912052066,3.9869706840390506,-3.9869706840390506,dc
morning_peak,,line_synth_redist_00783,,,5.315960912052147,3.986970684039111,-3.986970684039111,dc
morning_peak,,line_synth_redist_00789,,,5.315960912052113,3.9869706840390853,-3.9869706840390853,dc
morning_peak,,line_synth_redist_00795,,,13.289902280130333,3.9869706840391004,-3.9869706840391004,dc
morning_peak,,line_synth_redist_00801,,,13.28990228012515,3.9869706840375447,-3.9869706840375447,dc
morning_peak,,line_synth_redist_00807,,,13.289902280130194,3.9869706840390586,-3.9869706840390586,dc
morning_peak,,line_synth_redist_00813,,,2.6579804560260603,3.9869706840390906,-3.9869706840390906,dc
morning_peak,,line_synth_redist_00819,,,0.8859934853420244,1.3289902280130363,-1.3289902280130363,dc
morning_peak,,line_synth_redist_00821,,,2.6579804560268943,3.9869706840403407,-3.9869706840403407,dc
morning_peak,,line_synth_redist_00827,,,2.6579804560260603,3.9869706840390906,-3.9869706840390906,dc
morning_peak,,line_synth_redist_01180,,,5.3159609120521045,3.9869706840390786,-3.9869706840390786,dc
morning_peak,,line_synth_redist_01186,,,5.3159609120521045,3.9869706840390786,-3.9869706840390786,dc
morning_peak,,line_synth_redist_01192,,,5.3159609120521045,3.9869706840390786,-3.9869706840390786,dc
morning_peak,,line_synth_redist_01198,,,5.315960912052175,3.986970684039131,-3.986970684039131,dc
morning_peak,,line_synth_redist_01204,,,5.31596091205213,3.9869706840390977,-3.9869706840390977,dc
morning_peak,,line_synth_redist_01210,,,1.7719869706844058,1.3289902280133044,-1.3289902280133044,dc
morning_peak,,line_synth_redist_01212,,,5.3159609120521765,3.9869706840391324,-3.9869706840391324,dc
morning_peak,,line_synth_redist_01218,,,5.315960912052154,3.986970684039115,-3.986970684039115,dc
morning_peak,,line_synth_redist_01244,,,0.9826589595375043,1.4739884393062561,-1.4739884393062561,dc
morning_peak,,line_synth_redist_01250,,,0.9826589595375043,1.4739884393062561,-1.4739884393062561,dc
morning_peak,,line_synth_redist_01256,,,0.9826589595375043,1.4739884393062561,-1.4739884393062561,dc
morning_peak,,line_synth_redist_01262,,,1.9653179190750498,1.4739884393062874,-1.4739884393062874,dc
morning_peak,,line_synth_redist_01268,,,1.9653179190749572,1.473988439306218,-1.473988439306218,dc
morning_peak,,line_synth_redist_01274,,,1.9653179190749572,1.473988439306218,-1.473988439306218,dc
morning_peak,,line_synth_redist_01280,,,1.9653179190750036,1.4739884393062528,-1.4739884393062528,dc
morning_peak,,line_synth_redist_01286,,,0.4913294797687506,1.4739884393062517,-1.4739884393062517,dc
morning_peak,,line_synth_redist_01292,,,0.49132947976875196,1.473988439306256,-1.473988439306256,dc
morning_peak,,line_synth_redist_01298,,,0.4913294797687513,1.473988439306254,-1.473988439306254,dc
morning_peak,,line_synth_redist_01304,,,0.4913294797687513,1.473988439306254,-1.473988439306254,dc
morning_peak,,line_synth_redist_01310,,,1.3102119460499988,0.982658959537499,-0.982658959537499,dc
morning_peak,,line_synth_redist_01314,,,1.9653179190750036,1.4739884393062528,-1.4739884393062528,dc
morning_peak,,line_synth_redist_01320,,,1.9653179190750005,1.4739884393062506,-1.4739884393062506,dc
morning_peak,,line_synth_redist_01326,,,1.9653179190750067,1.473988439306255,-1.473988439306255,dc
morning_peak,,line_synth_redist_01332,,,0.9826589595374998,1.4739884393062497,-1.4739884393062497,dc
morning_peak,,line_synth_redist_01338,,,0.9826589595375114,1.473988439306267,-1.473988439306267,dc
morning_peak,,line_synth_redist_01344,,,0.9826589595375228,1.4739884393062843,-1.4739884393062843,dc
morning_peak,,line_synth_redist_01350,,,0.9826589595374998,1.4739884393062497,-1.4739884393062497,dc
morning_peak,,line_synth_redist_01575,,,1.9653179190750047,1.4739884393062535,-1.4739884393062535,dc
morning_peak,,line_synth_redist_01581,,,1.9653179190750047,1.4739884393062535,-1.4739884393062535,dc
morning_peak,,line_synth_redist_01587,,,1.9653179190750028,1.473988439306252,-1.473988439306252,dc
morning_peak,,line_synth_redist_01615,,,1.9653179190750047,1.4739884393062535,-1.4739884393062535,dc
morning_peak,,line_synth_redist_01621,,,1.9653179190750074,1.4739884393062557,-1.4739884393062557,dc
morning_peak,,line_synth_redist_01627,,,1.9653179190750005,1.4739884393062501,-1.4739884393062501,dc
morning_peak,,line_synth_redist_01633,,,1.9653179190749988,1.473988439306249,-1.473988439306249,dc
morning_peak,,line_synth_redist_01639,,,0.9826589595375069,1.4739884393062603,-1.4739884393062603,dc
morning_peak,,line_synth_redist_01645,,,0.9826589595374605,1.4739884393061908,-1.4739884393061908,dc
morning_peak,,line_synth_redist_01651,,,0.9826589595431207,1.473988439314681,-1.473988439314681,dc
morning_peak,,line_synth_redist_01657,,,0.9826589595375069,1.4739884393062603,-1.4739884393062603,dc
morning_peak,,line_synth_redist_01663,,,1.9653179190739765,1.4739884393054823,-1.4739884393054823,dc
morning_peak,,line_synth_redist_01669,,,1.9653179190750412,1.473988439306281,-1.473988439306281,dc
morning_peak,,line_synth_redist_01675,,,1.9653179190750412,1.473988439306281,-1.473988439306281,dc
morning_peak,,line_synth_redist_01681,,,1.9653179190750412,1.473988439306281,-1.473988439306281,dc
morning_peak,,line_synth_redist_01687,,,4.913294797687566,1.4739884393062699,-1.4739884393062699,dc
morning_peak,,line_synth_redist_01693,,,4.913294797687497,1.473988439306249,-1.473988439306249,dc
morning_peak,,line_synth_redist_01699,,,4.913294797687508,1.4739884393062523,-1.4739884393062523,dc
morning_peak,,line_synth_redist_01705,,,4.913294797687532,1.4739884393062594,-1.4739884393062594,dc
morning_peak,,line_synth_redist_01711,,,4.913294797687451,1.4739884393062352,-1.4739884393062352,dc
morning_peak,,line_synth_redist_01717,,,4.913294797687497,1.4739884393062492,-1.4739884393062492,dc
morning_peak,,line_synth_redist_01723,,,4.91329479768744,1.473988439306232,-1.473988439306232,dc
morning_peak,,line_synth_redist_01729,,,4.913294797687497,1.4739884393062492,-1.4739884393062492,dc
morning_peak,,line_synth_redist_01735,,,4.913294797687651,1.4739884393062952,-1.4739884393062952,dc
morning_peak,,line_synth_redist_01741,,,4.913294797687511,1.4739884393062535,-1.4739884393062535,dc
morning_peak,,line_synth_redist_01747,,,4.913294797687535,1.4739884393062606,-1.4739884393062606,dc
morning_peak,,line_synth_redist_01753,,,4.913294797687506,1.473988439306252,-1.473988439306252,dc
morning_peak,,line_synth_redist_01759,,,4.913294797687506,1.473988439306252,-1.473988439306252,dc
morning_peak,,line_synth_redist_01765,,,4.913294797687484,1.473988439306245,-1.473988439306245,dc
morning_peak,,line_synth_redist_01771,,,4.913294797687506,1.473988439306252,-1.473988439306252,dc
morning_peak,,line_synth_redist_01777,,,4.913294797687493,1.4739884393062477,-1.4739884393062477,dc
morning_peak,,line_synth_redist_01783,,,4.9132947976877706,1.473988439306331,-1.473988439306331,dc
morning_peak,,line_synth_redist_01789,,,1.6377649325624608,0.49132947976873825,-0.49132947976873825,dc
morning_peak,,line_synth_redist_01791,,,4.913294797687446,1.4739884393062337,-1.4739884393062337,dc
morning_peak,,line_synth_redist_01797,,,4.913294797687485,1.4739884393062455,-1.4739884393062455,dc
morning_peak,,line_synth_redist_01803,,,4.913294797687392,1.4739884393062177,-1.4739884393062177,dc
morning_peak,,line_synth_redist_01809,,,4.913294797687577,1.4739884393062732,-1.4739884393062732,dc
morning_peak,,line_synth_redist_01815,,,4.913294797687547,1.4739884393062639,-1.4739884393062639,dc
morning_peak,,line_synth_redist_01821,,,4.9132947976875,1.47398843930625,-1.47398843930625,dc
morning_peak,,line_synth_redist_01827,,,4.9132947976874535,1.4739884393062361,-1.4739884393062361,dc
morning_peak,,line_synth_redist_01833,,,4.913294797686967,1.47398843930609,-1.47398843930609,dc
morning_peak,,line_synth_redist_01839,,,4.913294797687453,1.473988439306236,-1.473988439306236,dc
morning_peak,,line_synth_redist_01845,,,4.913294797687106,1.4739884393061318,-1.4739884393061318,dc
morning_peak,,line_synth_redist_01851,,,4.913294797687338,1.4739884393062013,-1.4739884393062013,dc
morning_peak,,line_synth_redist_01857,,,4.913294797687446,1.4739884393062337,-1.4739884393062337,dc
morning_peak,,line_synth_redist_01863,,,4.913294797687446,1.4739884393062337,-1.4739884393062337,dc
morning_peak,,line_synth_redist_01869,,,0.8188824662812492,0.24566473988437476,-0.24566473988437476,dc
morning_peak,,line_synth_redist_01870,,,4.913294797687493,1.4739884393062477,-1.4739884393062477,dc
morning_peak,,line_synth_redist_01876,,,4.913294797688124,1.4739884393064369,-1.4739884393064369,dc
morning_peak,,line_synth_redist_01882,,,4.913294797688541,1.4739884393065619,-1.4739884393065619,dc
morning_peak,,line_synth_redist_01888,,,4.913294797688169,1.4739884393064506,-1.4739884393064506,dc
morning_peak,,line_synth_redist_01894,,,4.913294797688771,1.4739884393066311,-1.4739884393066311,dc
morning_peak,,line_synth_redist_01900,,,4.91329479768868,1.4739884393066038,-1.4739884393066038,dc
morning_peak,,line_synth_redist_01906,,,4.913294797688575,1.4739884393065725,-1.4739884393065725,dc
morning_peak,,line_synth_redist_01912,,,4.913294797688653,1.4739884393065958,-1.4739884393065958,dc
morning_peak,,line_synth_redist_01918,,,4.913294797688629,1.473988439306589,-1.473988439306589,dc
morning_peak,,line_synth_redist_01924,,,4.913294797688629,1.473988439306589,-1.473988439306589,dc
morning_peak,,line_synth_redist_01930,,,4.913294797688295,1.4739884393064884,-1.4739884393064884,dc
morning_peak,,line_synth_redist_01936,,,3.7517241379314608,5.627586206897191,-5.627586206897191,dc
morning_peak,,line_synth_redist_01942,,,3.751724137930998,5.627586206896496,-5.627586206896496,dc
morning_peak,,line_synth_redist_01948,,,3.7517241379309514,5.627586206896427,-5.627586206896427,dc
morning_peak,,line_synth_redist_01954,,,3.7517241379309745,5.627586206896462,-5.627586206896462,dc
morning_peak,,line_synth_redist_01960,,,7.503448275861993,5.627586206896494,-5.627586206896494,dc
morning_peak,,line_synth_redist_01966,,,7.503448275861947,5.627586206896459,-5.627586206896459,dc
morning_peak,,line_synth_redist_01972,,,7.503448275861947,5.627586206896459,-5.627586206896459,dc
morning_peak,,line_synth_redist_01978,,,2.501149425287332,1.875862068965499,-1.875862068965499,dc
morning_peak,,line_synth_redist_01980,,,18.758620689654908,5.6275862068964715,-5.6275862068964715,dc
morning_peak,,line_synth_redist_01986,,,18.758620689655068,5.62758620689652,-5.62758620689652,dc
morning_peak,,line_synth_redist_01992,,,18.758620689654894,5.627586206896468,-5.627586206896468,dc
morning_peak,,line_synth_redist_01998,,,18.75862068965492,5.627586206896475,-5.627586206896475,dc
morning_peak,,line_synth_redist_02004,,,7.503448275861858,5.627586206896393,-5.627586206896393,dc
morning_peak,,line_synth_redist_02010,,,7.5034482758619045,5.627586206896428,-5.627586206896428,dc
morning_peak,,line_synth_redist_02016,,,7.503448275861996,5.627586206896497,-5.627586206896497,dc
morning_peak,,line_synth_redist_02022,,,7.50344827586195,5.627586206896463,-5.627586206896463,dc
morning_peak,,line_synth_redist_02052,,,3.7517241379309745,5.627586206896462,-5.627586206896462,dc
morning_peak,,line_synth_redist_02058,,,3.7517241379312756,5.627586206896913,-5.627586206896913,dc
morning_peak,,line_synth_redist_02064,,,1.2505747126436617,1.8758620689654926,-1.8758620689654926,dc
morning_peak,,line_synth_redist_02066,,,3.751724137933897,5.627586206900845,-5.627586206900845,dc
morning_peak,,line_synth_redist_02072,,,3.7517241379309807,5.62758620689647,-5.62758620689647,dc
morning_peak,,line_synth_redist_02078,,,3.7517241379309807,5.62758620689647,-5.62758620689647,dc
morning_peak,,line_synth_redist_02084,,,1.250574712643667,1.8758620689655008,-1.8758620689655008,dc
morning_peak,,line_synth_redist_02158,,,3.7517241379309776,5.627586206896467,-5.627586206896467,dc
morning_peak,,line_synth_redist_02164,,,3.751724137931024,5.627586206896536,-5.627586206896536,dc
morning_peak,,line_synth_redist_02170,,,3.7517241379309776,5.627586206896467,-5.627586206896467,dc
morning_peak,,line_synth_redist_02176,,,3.7517241379309776,5.627586206896467,-5.627586206896467,dc
morning_peak,,line_synth_redist_02202,,,7.503448275861954,5.627586206896465,-5.627586206896465,dc
morning_peak,,line_synth_redist_02208,,,7.503448275849268,5.627586206886951,-5.627586206886951,dc
morning_peak,,line_synth_redist_02214,,,7.503448275861979,5.627586206896483,-5.627586206896483,dc
morning_peak,,line_synth_redist_02220,,,7.503448275861979,5.627586206896483,-5.627586206896483,dc
morning_peak,,line_synth_redist_02226,,,4.459016393442591,3.3442622950819425,-3.3442622950819425,dc
morning_peak,,line_synth_redist_02232,,,4.459016393442659,3.3442622950819945,-3.3442622950819945,dc
morning_peak,,line_synth_redist_02238,,,4.459016393443562,3.3442622950826717,-3.3442622950826717,dc
morning_peak,,line_synth_redist_02244,,,0.7431693989071085,0.5573770491803313,-0.5573770491803313,dc
morning_peak,,line_synth_redist_02245,,,4.459016393442659,3.3442622950819945,-3.3442622950819945,dc
morning_peak,,line_synth_redist_02251,,,4.459016393442612,3.3442622950819594,-3.3442622950819594,dc
morning_peak,,line_synth_redist_02257,,,4.459016393442682,3.344262295082012,-3.344262295082012,dc
morning_peak,,line_synth_redist_02398,,,4.459016393442676,3.344262295082007,-3.344262295082007,dc
morning_peak,,line_synth_redist_02404,,,4.45901639344263,3.3442622950819723,-3.3442622950819723,dc
morning_peak,,line_synth_redist_02410,,,4.459016393442676,3.344262295082007,-3.344262295082007,dc
morning_peak,,line_synth_redist_02416,,,4.459016393442676,3.344262295082007,-3.344262295082007,dc
morning_peak,,line_synth_redist_02422,,,4.4590163934426785,3.3442622950820087,-3.3442622950820087,dc
morning_peak,,line_synth_redist_02428,,,4.459016393442609,3.3442622950819567,-3.3442622950819567,dc
morning_peak,,line_synth_redist_02434,,,4.459016393442656,3.3442622950819914,-3.3442622950819914,dc
morning_peak,,line_synth_redist_02440,,,4.459016393438002,3.3442622950785017,-3.3442622950785017,dc
morning_peak,,line_synth_redist_02446,,,4.45901639344296,3.3442622950822196,-3.3442622950822196,dc
morning_peak,,line_synth_redist_02452,,,4.459016393442659,3.344262295081994,-3.344262295081994,dc
morning_peak,,line_synth_redist_02458,,,4.459016393442543,3.344262295081907,-3.344262295081907,dc
morning_peak,,line_synth_redist_02464,,,4.459016393442821,3.3442622950821157,-3.3442622950821157,dc
evening_peak,sub_cadiz_substation_56,,,7.21792293643551,,,,dc
evening_peak,tower_0001,,,8.47373973152373,,,,dc
evening_peak,tower_0003,,,-0.08706772370762426,,,,dc
evening_peak,tower_0005,,,-0.35987155643026253,,,,dc
evening_peak,tower_0006,,,-0.35987155643026253,,,,dc
evening_peak,sub_cebu_city_substation_14,,,5.869791714839635,,,,dc
evening_peak,sub_compostela_substation_15,,,5.214930612970809,,,,dc
evening_peak,sub_naga_substation_16,,,7.218191857902763,,,,dc
evening_peak,tower_0007,,,7.297660040626885,,,,dc
evening_peak,tower_0008,,,7.218191857902763,,,,dc
evening_peak,tower_0011,,,3.622460960463365,,,,dc
evening_peak,sub_tabango_substation_57,,,4.067499670279154,,,,dc
evening_peak,tower_0012,,,-19.49362841062581,,,,dc
evening_peak,sub_osm_13,,,-19.493628410625924,,,,dc
evening_peak,tower_0019,,,-0.18147721571682462,,,,dc
evening_peak,sub_maasin_substation_19,,,-0.18147721571682474,,,,dc
evening_peak,tower_0020,,,-0.18147721571682407,,,,dc
evening_peak,tower_0021,,,-0.18147721571682404,,,,dc
evening_peak,sub_milagro_substation_104,,,0.0,,,,dc
evening_peak,tower_0022,,,0.0,,,,dc
evening_peak,tower_0023,,,8.073023688325344,,,,dc
evening_peak,sub_daanbantayan_cable_terminal_27,,,4.206877522764895,,,,dc
evening_peak,sub_suba_cable_terminal_29,,,9.261865261972842,,,,dc
evening_peak,sub_osm_83,,,9.81639342841212,,,,dc
evening_peak,sub_magdugo_substation_72,,,5.5937310217094485,,,,dc
evening_peak,sub_national_grid_corporation_of_the_philippines_34,,,-3.098374473039573,,,,dc
evening_peak,tower_0025,,,-3.0983744730395735,,,,dc
evening_peak,sub_bio_os_cable_terminal_66,,,9.495023328093273,,,,dc
evening_peak,sub_paranas_substation_47,,,-2.6917004596000176,,,,dc
evening_peak,tower_0029,,,8.76713260367783,,,,dc
evening_peak,tower_0030,,,8.76713260367783,,,,dc
evening_peak,sub_amlan_substation_33,,,9.674628797876114,,,,dc
evening_peak,tower_0034,,,10.718449571497617,,,,dc
evening_peak,tower_0035,,,-1.1130574169348348,,,,dc
evening_peak,sub_cabacungan_cable_terminal_36,,,-0.08706772370762426,,,,dc
evening_peak,tower_0037,,,-19.493628410625924,,,,dc
evening_peak,tower_0038,,,-19.493628410625924,,,,dc
evening_peak,sub_babatngon_substation_20,,,-0.35987155643026253,,,,dc
evening_peak,sub_ubay_substation_54,,,0.6289517915026317,,,,dc
evening_peak,sub_tugas_terminal_submerged_ngcp_lines_58,,,-0.07026439919447798,,,,dc
evening_peak,sub_osm_55,,,3.530076233903653,,,,dc
evening_peak,tower_0040,,,3.674953188298432,,,,dc
evening_peak,tower_0041,,,-19.49362841062581,,,,dc
evening_peak,tower_0042,,,-19.49362841062581,,,,dc
evening_peak,tower_0043,,,3.6178891587944344,,,,dc
evening_peak,tower_0045,,,3.530076233903653,,,,dc
evening_peak,sub_maasin_terminal_submerged_lines_59,,,-0.14146756293656018,,,,dc
evening_peak,sub_corella_substation_boheco_i_18,,,1.814410429491585,,,,dc
evening_peak,tower_0047,,,-0.4374575383194399,,,,dc
evening_peak,sub_trinidad_substation_73,,,-1.4516792809242898,,,,dc
evening_peak,sub_mandugo_substation_62,,,8.805930944965098,,,,dc
evening_peak,tower_0048,,,7.4559841762311345,,,,dc
evening_peak,tower_0049,,,8.455681044970468,,,,dc
evening_peak,tower_0050,,,5.593665702903069,,,,dc
evening_peak,sub_san_jose_substation_116,,,5.593665702903069,,,,dc
evening_peak,sub_mandaue_gas_insulated_substation_64,,,5.053480756340452,,,,dc
evening_peak,sub_lapu_lapu_gas_insulated_substation_63,,,5.047480737352494,,,,dc
evening_peak,tower_0051,,,10.597665047125126,,,,dc
evening_peak,tower_0052,,,7.335307974580529,,,,dc
evening_peak,sub_toledo_substation_68,,,8.094606166873179,,,,dc
evening_peak,tower_0053,,,7.472319216357472,,,,dc
evening_peak,sub_bagolibas_substation_48,,,-11.993738978484853,,,,dc
evening_peak,tower_0054,,,-0.18147721571682474,,,,dc
evening_peak,tower_0055,,,-0.4374575383194414,,,,dc
evening_peak,sub_alicia_substation_71,,,-1.6481088671171868,,,,dc
evening_peak,tower_0056,,,-1.648108867117187,,,,dc
evening_peak,tower_0057,,,1.814410429491585,,,,dc
evening_peak,tower_0060,,,5.5937310217094485,,,,dc
evening_peak,sub_santander_cable_terminal_82,,,3.8894374955001645,,,,dc
evening_peak,sub_dumanjug_converter_station_100,,,3.915155047511501,,,,dc
evening_peak,tower_0064,,,-0.18147721571682401,,,,dc
evening_peak,tower_0065,,,-0.18147721571682401,,,,dc
evening_peak,sub_argao_cable_terminal_117,,,2.5767089373280445,,,,dc
evening_peak,sub_bohol_cable_terminal_89,,,2.2123700230411045,,,,dc
evening_peak,tower_0070,,,5.834067851034899,,,,dc
evening_peak,sub_cebeco_iii_8,,,5.185575542459846,,,,dc
evening_peak,tower_0078,,,7.21792293643551,,,,dc
evening_peak,tower_0079,,,7.21792293643551,,,,dc
evening_peak,tower_0080,,,6.0657047099561545,,,,dc
evening_peak,sub_cadiz_substation_96,,,5.5224595956187335,,,,dc
evening_peak,sub_osm_80,,,12.935426866185788,,,,dc
evening_peak,tower_0081,,,6.972280100397985,,,,dc
evening_peak,sub_ginatilan_substation_102,,,8.037405037991523,,,,dc
evening_peak,tower_0095,,,5.645052449115127,,,,dc
evening_peak,tower_0097,,,5.5937310217094485,,,,dc
evening_peak,tower_0098,,,5.645052449115127,,,,dc
evening_peak,sub_talvera_cable_terminal_10,,,5.784695613332254,,,,dc
evening_peak,sub_calatrava_cable_terminal_112,,,6.034023921469001,,,,dc
evening_peak,sub_calatrava_substation_113,,,6.073756630602799,,,,dc
evening_peak,sub_osm_60,,,-3.5023770309701656,,,,dc
evening_peak,sub_albuera_electrode_station_114,,,-0.113171822527944,,,,dc
evening_peak,sub_osm_60_F0_B0,,,-3.991842250712713,,,,dc
evening_peak,sub_osm_60_F0_B1,,,-4.583520456997027,,,,dc
evening_peak,sub_osm_60_F0_B2,,,-5.4280497876755796,,,,dc
evening_peak,sub_osm_60_F0_B3,,,-5.771382170429399,,,,dc
evening_peak,sub_osm_60_F0_B4,,,-6.455875008949882,,,,dc
evening_peak,sub_osm_60_F0_B5,,,-7.001291277058665,,,,dc
evening_peak,sub_osm_60_F1_B0,,,-3.991842250712714,,,,dc
evening_peak,sub_osm_60_F1_B1,,,-4.726395047706556,,,,dc
evening_peak,sub_osm_60_F1_B2,,,-5.364268215302021,,,,dc
evening_peak,sub_osm_60_F1_B3,,,-6.185234428530389,,,,dc
evening_peak,sub_osm_60_F1_B4,,,-6.923178313429438,,,,dc
evening_peak,sub_osm_60_F1_B5,,,-7.370987142328918,,,,dc
evening_peak,sub_osm_60_F2_B0,,,-3.9918422507127147,,,,dc
evening_peak,sub_osm_60_F2_B1,,,-4.922014415744622,,,,dc
evening_peak,sub_osm_60_F2_B2,,,-5.333203069814864,,,,dc
evening_peak,sub_osm_60_F2_B3,,,-6.010319417453535,,,,dc
evening_peak,sub_osm_60_F2_B4,,,-6.350085354115668,,,,dc
evening_peak,sub_osm_60_F2_B5,,,-6.57003825381517,,,,dc
evening_peak,sub_osm_60_F3_B0,,,-3.991842250712718,,,,dc
evening_peak,sub_osm_60_F3_B1,,,-5.387596828495481,,,,dc
evening_peak,sub_osm_60_F3_B2,,,-5.997270636767117,,,,dc
evening_peak,sub_osm_60_F3_B3,,,-6.3605222823642995,,,,dc
evening_peak,sub_osm_60_F3_B4,,,-7.326366939886445,,,,dc
evening_peak,sub_osm_60_F3_B5,,,-7.685867605433146,,,,dc
evening_peak,sub_cabacungan_cable_terminal_36_F0_B0,,,-0.215614910003252,,,,dc
evening_peak,sub_cabacungan_cable_terminal_36_F0_B1,,,-0.5046630176902315,,,,dc
evening_peak,sub_cabacungan_cable_terminal_36_F0_B2,,,-2.1821706372613137,,,,dc
evening_peak,sub_cabacungan_cable_terminal_36_F0_B3,,,-2.519179057752867,,,,dc
evening_peak,sub_cabacungan_cable_terminal_36_F0_B4,,,-2.998149951851018,,,,dc
evening_peak,sub_cabacungan_cable_terminal_36_F0_B5,,,-3.082621255775445,,,,dc
evening_peak,sub_cabacungan_cable_terminal_36_F2_B0,,,-0.21561491000325209,,,,dc
evening_peak,sub_cabacungan_cable_terminal_36_F2_B1,,,-0.3923790408327342,,,,dc
evening_peak,sub_cabacungan_cable_terminal_36_F2_B2,,,-0.4261102552321494,,,,dc
evening_peak,sub_cabacungan_cable_terminal_36_F2_B3,,,-0.48349501985963617,,,,dc
evening_peak,sub_cabacungan_cable_terminal_36_F2_B4,,,-1.3176991213179072,,,,dc
evening_peak,sub_cabacungan_cable_terminal_36_F2_B5,,,-1.7393825163604928,,,,dc
evening_peak,sub_cabacungan_cable_terminal_36_F3_B0,,,-0.21561491000325206,,,,dc
evening_peak,sub_cabacungan_cable_terminal_36_F3_B1,,,-0.8081956523315997,,,,dc
evening_peak,sub_cabacungan_cable_terminal_36_F3_B2,,,-2.166505926993691,,,,dc
evening_peak,sub_cabacungan_cable_terminal_36_F3_B3,,,-2.3886379104913176,,,,dc
evening_peak,sub_cabacungan_cable_terminal_36_F3_B4,,,-3.025276365623146,,,,dc
evening_peak,sub_cabacungan_cable_terminal_36_F3_B5,,,-3.306217737796701,,,,dc
evening_peak,sub_national_grid_corporation_of_the_philippines_34_F0_B0,,,-3.413734614618664,,,,dc
evening_peak,sub_national_grid_corporation_of_the_philippines_34_F0_B1,,,-3.8065891519402495,,,,dc
evening_peak,sub_national_grid_corporation_of_the_philippines_34_F0_B2,,,-4.1348478688306365,,,,dc
evening_peak,sub_national_grid_corporation_of_the_philippines_34_F0_B3,,,-4.392410750384496,,,,dc
evening_peak,sub_national_grid_corporation_of_the_philippines_34_F0_B4,,,-5.082430885704248,,,,dc
evening_peak,sub_national_grid_corporation_of_the_philippines_34_F0_B5,,,-5.26246389157039,,,,dc
evening_peak,sub_national_grid_corporation_of_the_philippines_34_F1_B0,,,-3.4137346146186562,,,,dc
evening_peak,sub_national_grid_corporation_of_the_philippines_34_F1_B1,,,-3.779901019245627,,,,dc
evening_peak,sub_national_grid_corporation_of_the_philippines_34_F1_B2,,,-4.136647948145335,,,,dc
evening_peak,sub_national_grid_corporation_of_the_philippines_34_F1_B3,,,-4.363737177393101,,,,dc
evening_peak,sub_national_grid_corporation_of_the_philippines_34_F1_B4,,,-4.527256516969208,,,,dc
evening_peak,sub_national_grid_corporation_of_the_philippines_34_F1_B5,,,-4.666911585129732,,,,dc
evening_peak,sub_national_grid_corporation_of_the_philippines_34_F3_B0,,,-3.413734614618666,,,,dc
evening_peak,sub_national_grid_corporation_of_the_philippines_34_F3_B1,,,-3.8728289422319415,,,,dc
evening_peak,sub_national_grid_corporation_of_the_philippines_34_F3_B2,,,-4.161851846641519,,,,dc
evening_peak,sub_national_grid_corporation_of_the_philippines_34_F3_B3,,,-4.657645585173892,,,,dc
evening_peak,sub_national_grid_corporation_of_the_philippines_34_F3_B4,,,-5.098798684747933,,,,dc
evening_peak,sub_national_grid_corporation_of_the_philippines_34_F3_B5,,,-5.35776524739898,,,,dc
evening_peak,sub_paranas_substation_47_F0_B0,,,-3.0070606011791097,,,,dc
evening_peak,sub_paranas_substation_47_F0_B1,,,-3.8454945408773398,,,,dc
evening_peak,sub_paranas_substation_47_F0_B2,,,-3.974987818142104,,,,dc
evening_peak,sub_paranas_substation_47_F0_B3,,,-4.09614563291011,,,,dc
evening_peak,sub_paranas_substation_47_F0_B4,,,-4.413747859983583,,,,dc
evening_peak,sub_paranas_substation_47_F0_B5,,,-4.521281729008223,,,,dc
evening_peak,sub_paranas_substation_47_F1_B0,,,-3.0070606011791097,,,,dc
evening_peak,sub_paranas_substation_47_F1_B1,,,-3.5463022551718812,,,,dc
evening_peak,sub_paranas_substation_47_F1_B2,,,-4.192776292101011,,,,dc
evening_peak,sub_paranas_substation_47_F1_B3,,,-4.755532356325136,,,,dc
evening_peak,sub_paranas_substation_47_F1_B4,,,-5.098376844976182,,,,dc
evening_peak,sub_paranas_substation_47_F1_B5,,,-5.229682963823668,,,,dc
evening_peak,sub_paranas_substation_47_F2_B0,,,-3.007060601179111,,,,dc
evening_peak,sub_paranas_substation_47_F2_B1,,,-3.8053744629217707,,,,dc
evening_peak,sub_paranas_substation_47_F2_B2,,,-4.655136884386675,,,,dc
evening_peak,sub_paranas_substation_47_F2_B3,,,-5.343727630455945,,,,dc
evening_peak,sub_paranas_substation_47_F2_B4,,,-5.518375678122971,,,,dc
evening_peak,sub_paranas_substation_47_F2_B5,,,-5.837183845652701,,,,dc
evening_peak,sub_paranas_substation_47_F3_B0,,,-3.007060601179111,,,,dc
evening_peak,sub_paranas_substation_47_F3_B1,,,-3.8364494095200903,,,,dc
evening_peak,sub_paranas_substation_47_F3_B2,,,-4.210286303733898,,,,dc
evening_peak,sub_paranas_substation_47_F3_B3,,,-4.470511908954564,,,,dc
evening_peak,sub_paranas_substation_47_F3_B4,,,-4.87382234955878,,,,dc
evening_peak,sub_paranas_substation_47_F3_B5,,,-5.143179171525059,,,,dc
evening_peak,sub_bagolibas_substation_48_F0_B0,,,-12.78212372058236,,,,dc
evening_peak,sub_bagolibas_substation_48_F0_B1,,,-13.035626440358937,,,,dc
evening_peak,sub_bagolibas_substation_48_F0_B2,,,-13.391317779022893,,,,dc
evening_peak,sub_bagolibas_substation_48_F0_B3,,,-14.329335019216332,,,,dc
evening_peak,sub_bagolibas_substation_48_F0_B4,,,-15.095605147703875,,,,dc
evening_peak,sub_bagolibas_substation_48_F0_B5,,,-15.354623571383273,,,,dc
evening_peak,sub_bagolibas_substation_48_F1_B0,,,-12.256533892517353,,,,dc
evening_peak,sub_bagolibas_substation_48_F1_B1,,,-12.280003709051135,,,,dc
evening_peak,sub_bagolibas_substation_48_F2_B0,,,-12.7821237205771,,,,dc
evening_peak,sub_bagolibas_substation_48_F2_B1,,,-13.034898641031306,,,,dc
evening_peak,sub_bagolibas_substation_48_F2_B2,,,-13.317324956418279,,,,dc
evening_peak,sub_bagolibas_substation_48_F2_B3,,,-13.488096617087297,,,,dc
evening_peak,sub_bagolibas_substation_48_F2_B4,,,-14.000656384591158,,,,dc
evening_peak,sub_bagolibas_substation_48_F2_B5,,,-14.16879766895145,,,,dc
evening_peak,sub_bagolibas_substation_48_F3_B0,,,-12.782123720582355,,,,dc
evening_peak,sub_bagolibas_substation_48_F3_B1,,,-12.900687103745103,,,,dc
evening_peak,sub_bagolibas_substation_48_F3_B2,,,-13.510608593352964,,,,dc
evening_peak,sub_bagolibas_substation_48_F3_B3,,,-13.888505271173104,,,,dc
evening_peak,sub_bagolibas_substation_48_F3_B4,,,-14.075408226326642,,,,dc
evening_peak,sub_bagolibas_substation_48_F3_B5,,,-14.384336932020178,,,,dc
evening_peak,sub_maasin_substation_19_F0_B0,,,-0.6076782233838016,,,,dc
evening_peak,sub_maasin_substation_19_F0_B1,,,-0.8104872612432775,,,,dc
evening_peak,sub_maasin_substation_19_F0_B2,,,-1.20293076339843,,,,dc
evening_peak,sub_maasin_substation_19_F0_B3,,,-1.6200885935781384,,,,dc
evening_peak,sub_maasin_substation_19_F0_B4,,,-2.073170137457926,,,,dc
evening_peak,sub_maasin_substation_19_F0_B5,,,-2.4392113350342086,,,,dc
evening_peak,sub_maasin_substation_19_F1_B0,,,-0.46561122082814277,,,,dc
evening_peak,sub_maasin_substation_19_F1_B1,,,-0.569972298831196,,,,dc
evening_peak,sub_maasin_substation_19_F1_B2,,,-0.6748731937492979,,,,dc
evening_peak,sub_maasin_substation_19_F1_B3,,,-0.6977913059866415,,,,dc
evening_peak,sub_maasin_substation_19_F2_B0,,,-0.3235442182724837,,,,dc
evening_peak,sub_maasin_substation_19_F2_B1,,,-0.33721804129229865,,,,dc
evening_peak,sub_maasin_substation_19_F3_B0,,,-0.6076782233838024,,,,dc
evening_peak,sub_maasin_substation_19_F3_B1,,,-0.7042568559575085,,,,dc
evening_peak,sub_maasin_substation_19_F3_B2,,,-1.2413335717161493,,,,dc
evening_peak,sub_maasin_substation_19_F3_B3,,,-1.9681320973904846,,,,dc
evening_peak,sub_maasin_substation_19_F3_B4,,,-2.1547196621275164,,,,dc
evening_peak,sub_maasin_substation_19_F3_B5,,,-2.512403680220028,,,,dc
evening_peak,sub_maasin_terminal_submerged_lines_59_F0_B0,,,-0.5676685706035378,,,,dc
evening_peak,sub_maasin_terminal_submerged_lines_59_F0_B1,,,-1.000355972522286,,,,dc
evening_peak,sub_maasin_terminal_submerged_lines_59_F0_B2,,,-1.8906168191474995,,,,dc
evening_peak,sub_maasin_terminal_submerged_lines_59_F0_B3,,,-2.267812617968712,,,,dc
evening_peak,sub_maasin_terminal_submerged_lines_59_F0_B4,,,-2.3728347924159974,,,,dc
evening_peak,sub_maasin_terminal_submerged_lines_59_F0_B5,,,-2.4992969054742833,,,,dc
evening_peak,sub_maasin_terminal_submerged_lines_59_F1_B0,,,-0.21250106421438972,,,,dc
evening_peak,sub_maasin_terminal_submerged_lines_59_F3_B0,,,-0.5676685706035368,,,,dc
evening_peak,sub_maasin_terminal_submerged_lines_59_F3_B1,,,-1.2100189392240956,,,,dc
evening_peak,sub_maasin_terminal_submerged_lines_59_F3_B2,,,-1.449710907254677,,,,dc
evening_peak,sub_maasin_terminal_submerged_lines_59_F3_B3,,,-1.7226274330876707,,,,dc
evening_peak,sub_maasin_terminal_submerged_lines_59_F3_B4,,,-1.7625729060578443,,,,dc
evening_peak,sub_maasin_terminal_submerged_lines_59_F3_B5,,,-1.839730694683109,,,,dc
evening_peak,v1_07corella,,,1.2812030587272056,,,,dc
evening_peak,v1_07tapal,,,0.5738431838938427,,,,dc
evening_peak,v1_05naga,,,7.144404331575389,,,,dc
evening_peak,v1_05therma,,,10.943390157111535,,,,dc
evening_peak,v1_04babatngn,,,-0.6356518544423259,,,,dc
evening_peak,v1_04kananga,,,3.605338890370912,,,,dc
evening_peak,v1_04tongona,,,8.868939650927432,,,,dc
evening_peak,v1_06bacolod,,,11.27876619385428,,,,dc
evening_peak,v1_06kabankalan,,,6.446658675362513,,,,dc
evening_peak,v1_06mabinay,,,7.449561539225102,,,,dc
evening_peak,v1_06pgpp1,,,10.775225296303155,,,,dc
evening_peak,v1_06pgpp2,,,10.641432930702303,,,,dc
evening_peak,v1_04allen,,,-3.140611511657278,,,,dc
evening_peak,v1_04sanisidro,,,-3.1406115116572786,,,,dc
evening_peak,v1_04catarman,,,-3.1406115116572777,,,,dc
evening_peak,v1_04bobon,,,-3.1406115116572777,,,,dc
evening_peak,v1_04bobolosan,,,-3.1406115116572777,,,,dc
evening_peak,v1_04lopedevega,,,-3.1406115116572857,,,,dc
evening_peak,v1_04capoocan,,,-3.1538273319103047,,,,dc
evening_peak,v1_04sanagustins,,,-3.211535035216442,,,,dc
evening_peak,v1_04catbalogan,,,-3.2671531065685384,,,,dc
evening_peak,v1_04paranas69,,,-3.304450312738498,,,,dc
evening_peak,v1_04calbayog69,,,-3.140611511657292,,,,dc
evening_peak,v1_04starita69,,,-11.993186526823115,,,,dc
evening_peak,v1_04taft,,,-3.898410539289469,,,,dc
evening_peak,v1_04borongan,,,-5.724915857770147,,,,dc
evening_peak,v1_04quinapondan,,,-8.542186250308893,,,,dc
evening_peak,v1_04babatngn69,,,-2.8990748359107847,,,,dc
evening_peak,v1_04palo,,,-4.139262644034433,,,,dc
evening_peak,v1_04tolosa,,,-4.4207823185268875,,,,dc
evening_peak,v1_04tunga,,,-3.6933270121789494,,,,dc
evening_peak,v1_04talisayan,,,-17.171713395492585,,,,dc
evening_peak,v1_04sanagustinl,,,-15.254756639045123,,,,dc
evening_peak,v1_04baybay,,,-14.087576829935212,,,,dc
evening_peak,v1_04javier,,,-14.819841213888202,,,,dc
evening_peak,v1_04hilongos,,,-7.821952432084874,,,,dc
evening_peak,v1_04isabel69,,,-18.890048948901647,,,,dc
evening_peak,v1_04tabango69,,,3.6148127767472213,,,,dc
evening_peak,v1_04sambulawan,,,2.9775172041175995,,,,dc
evening_peak,v1_04bontoc,,,-3.8784014187812765,,,,dc
evening_peak,v1_04himayangan,,,-3.8784014187812756,,,,dc
evening_peak,v1_04stbernard,,,-3.8784014187812756,,,,dc
evening_peak,v1_04maasin69,,,-3.8784014187812783,,,,dc
evening_peak,v1_04biliran,,,2.9775172041175995,,,,dc
evening_peak,v1_04naval,,,2.9775172041175995,,,,dc
evening_peak,sub_ubay_substation_54_F0_B0,,,0.3623494590471138,,,,dc
evening_peak,sub_ubay_substation_54_F0_B1,,,0.21172875294082324,,,,dc
evening_peak,sub_ubay_substation_54_F0_B2,,,0.12989169581678117,,,,dc
evening_peak,sub_ubay_substation_54_F0_B3,,,-0.004842626532781274,,,,dc
evening_peak,sub_ubay_substation_54_F0_B4,,,-0.24249099094179768,,,,dc
evening_peak,sub_ubay_substation_54_F0_B5,,,-0.3443930552375543,,,,dc
evening_peak,sub_ubay_substation_54_F1_B0,,,0.36234945904711374,,,,dc
evening_peak,sub_ubay_substation_54_F1_B1,,,0.04355409200746963,,,,dc
evening_peak,sub_ubay_substation_54_F1_B2,,,-0.2650775831039513,,,,dc
evening_peak,sub_ubay_substation_54_F1_B3,,,-0.5213058419521559,,,,dc
evening_peak,sub_ubay_substation_54_F1_B4,,,-1.0982959806041992,,,,dc
evening_peak,sub_ubay_substation_54_F1_B5,,,-1.1746479145433695,,,,dc
evening_peak,sub_ubay_substation_54_F2_B0,,,0.3623494590471138,,,,dc
evening_peak,sub_ubay_substation_54_F2_B1,,,-0.1446693018128877,,,,dc
evening_peak,sub_ubay_substation_54_F2_B2,,,-0.5642561633478773,,,,dc
evening_peak,sub_ubay_substation_54_F2_B3,,,-1.2320403564439442,,,,dc
evening_peak,sub_ubay_substation_54_F2_B4,,,-1.4683553537724188,,,,dc
evening_peak,sub_ubay_substation_54_F2_B5,,,-1.825677407281109,,,,dc
evening_peak,sub_ubay_substation_54_F3_B0,,,0.36234945904711413,,,,dc
evening_peak,sub_ubay_substation_54_F3_B1,,,-0.041186745159232055,,,,dc
evening_peak,sub_ubay_substation_54_F3_B2,,,-0.2575442226810809,,,,dc
evening_peak,sub_ubay_substation_54_F3_B3,,,-0.3799635408708172,,,,dc
evening_peak,sub_ubay_substation_54_F3_B4,,,-0.5427335708291315,,,,dc
evening_peak,sub_ubay_substation_54_F3_B5,,,-0.6218962518261084,,,,dc
evening_peak,sub_tugas_terminal_submerged_ngcp_lines_58_F0_B0,,,-0.11469812127039761,,,,dc
evening_peak,sub_tugas_terminal_submerged_ngcp_lines_58_F1_B0,,,-0.33686673164999614,,,,dc
evening_peak,sub_tugas_terminal_submerged_ngcp_lines_58_F1_B1,,,-0.9240087939180169,,,,dc
evening_peak,sub_tugas_terminal_submerged_ngcp_lines_58_F1_B2,,,-1.2828401385942578,,,,dc
evening_peak,sub_tugas_terminal_submerged_ngcp_lines_58_F1_B3,,,-1.4422858334568291,,,,dc
evening_peak,sub_tugas_terminal_submerged_ngcp_lines_58_F1_B4,,,-1.728749921145072,,,,dc
evening_peak,sub_tugas_terminal_submerged_ngcp_lines_58_F1_B5,,,-2.075514974454729,,,,dc
evening_peak,sub_tugas_terminal_submerged_ngcp_lines_58_F2_B0,,,-0.33686673164999553,,,,dc
evening_peak,sub_tugas_terminal_submerged_ngcp_lines_58_F2_B1,,,-0.47227613024946596,,,,dc
evening_peak,sub_tugas_terminal_submerged_ngcp_lines_58_F2_B2,,,-0.5629971217483818,,,,dc
evening_peak,sub_tugas_terminal_submerged_ngcp_lines_58_F2_B3,,,-0.634812735208611,,,,dc
evening_peak,sub_tugas_terminal_submerged_ngcp_lines_58_F2_B4,,,-1.1644327754620816,,,,dc
evening_peak,sub_tugas_terminal_submerged_ngcp_lines_58_F2_B5,,,-1.2829887540448066,,,,dc
evening_peak,sub_corella_substation_boheco_i_18_F0_B0,,,1.6811085868004896,,,,dc
evening_peak,sub_corella_substation_boheco_i_18_F0_B1,,,1.2032343751856984,,,,dc
evening_peak,sub_corella_substation_boheco_i_18_F0_B2,,,0.6913977546814395,,,,dc
evening_peak,sub_corella_substation_boheco_i_18_F0_B3,,,0.46417135611964444,,,,dc
evening_peak,sub_corella_substation_boheco_i_18_F0_B4,,,0.24568608054518007,,,,dc
evening_peak,sub_corella_substation_boheco_i_18_F0_B5,,,0.15292242944580542,,,,dc
evening_peak,sub_corella_substation_boheco_i_18_F1_B0,,,1.6811085868004896,,,,dc
evening_peak,sub_corella_substation_boheco_i_18_F1_B1,,,1.4248493175339854,,,,dc
evening_peak,sub_corella_substation_boheco_i_18_F1_B2,,,0.46890275780210094,,,,dc
evening_peak,sub_corella_substation_boheco_i_18_F1_B3,,,-0.0487145642444558,,,,dc
evening_peak,sub_corella_substation_boheco_i_18_F1_B4,,,-0.5522782995358121,,,,dc
evening_peak,sub_corella_substation_boheco_i_18_F1_B5,,,-0.6371062741426928,,,,dc
evening_peak,sub_corella_substation_boheco_i_18_F2_B0,,,1.6811085868004896,,,,dc
evening_peak,sub_corella_substation_boheco_i_18_F2_B1,,,1.3932132981810967,,,,dc
evening_peak,sub_corella_substation_boheco_i_18_F2_B2,,,1.1893033530240975,,,,dc
evening_peak,sub_corella_substation_boheco_i_18_F2_B3,,,0.9623059551175795,,,,dc
evening_peak,sub_corella_substation_boheco_i_18_F2_B4,,,0.8566201139021178,,,,dc
evening_peak,sub_corella_substation_boheco_i_18_F2_B5,,,0.7509740922800319,,,,dc
evening_peak,sub_corella_substation_boheco_i_18_F3_B0,,,1.6811085868004896,,,,dc
evening_peak,sub_corella_substation_boheco_i_18_F3_B1,,,1.261396328311474,,,,dc
evening_peak,sub_corella_substation_boheco_i_18_F3_B2,,,1.0818073040968035,,,,dc
evening_peak,sub_corella_substation_boheco_i_18_F3_B3,,,0.4731384869339354,,,,dc
evening_peak,sub_corella_substation_boheco_i_18_F3_B4,,,0.10125077383319532,,,,dc
evening_peak,sub_corella_substation_boheco_i_18_F3_B5,,,-0.03215751828272084,,,,dc
evening_peak,sub_trinidad_substation_73_F0_B0,,,-2.1181719139599187,,,,dc
evening_peak,sub_trinidad_substation_73_F0_B1,,,-2.2141270947388736,,,,dc
evening_peak,sub_trinidad_substation_73_F0_B2,,,-2.6150715016820403,,,,dc
evening_peak,sub_trinidad_substation_73_F0_B3,,,-2.7934161652882032,,,,dc
evening_peak,sub_trinidad_substation_73_F0_B4,,,-3.1070513589260957,,,,dc
evening_peak,sub_trinidad_substation_73_F0_B5,,,-3.226207843073436,,,,dc
evening_peak,sub_trinidad_substation_73_F1_B0,,,-2.1181719139599196,,,,dc
evening_peak,sub_trinidad_substation_73_F1_B1,,,-2.402675000772107,,,,dc
evening_peak,sub_trinidad_substation_73_F1_B2,,,-3.1146069285077598,,,,dc
evening_peak,sub_trinidad_substation_73_F1_B3,,,-3.338389890367561,,,,dc
evening_peak,sub_trinidad_substation_73_F1_B4,,,-3.514799042386016,,,,dc
evening_peak,sub_trinidad_substation_73_F1_B5,,,-3.5901191257696055,,,,dc
evening_peak,sub_trinidad_substation_73_F2_B0,,,-2.118171913959918,,,,dc
evening_peak,sub_trinidad_substation_73_F2_B1,,,-2.5193082049220044,,,,dc
evening_peak,sub_trinidad_substation_73_F2_B2,,,-2.8423236835785675,,,,dc
evening_peak,sub_trinidad_substation_73_F2_B3,,,-3.752615561750043,,,,dc
evening_peak,sub_trinidad_substation_73_F2_B4,,,-4.037275238145861,,,,dc
evening_peak,sub_trinidad_substation_73_F2_B5,,,-4.099540251712175,,,,dc
evening_peak,sub_trinidad_substation_73_F3_B0,,,-2.1181719139599187,,,,dc
evening_peak,sub_trinidad_substation_73_F3_B1,,,-2.5940549206010455,,,,dc
evening_peak,sub_trinidad_substation_73_F3_B2,,,-2.9118165495280115,,,,dc
evening_peak,sub_trinidad_substation_73_F3_B3,,,-3.033957675754165,,,,dc
evening_peak,sub_trinidad_substation_73_F3_B4,,,-3.151838167848241,,,,dc
evening_peak,sub_trinidad_substation_73_F3_B5,,,-3.1796883310425734,,,,dc
evening_peak,sub_alicia_substation_71_F0_B0,,,-2.3146015001528157,,,,dc
evening_peak,sub_alicia_substation_71_F0_B1,,,-2.531342265324647,,,,dc
evening_peak,sub_alicia_substation_71_F0_B2,,,-3.3745439670095765,,,,dc
evening_peak,sub_alicia_substation_71_F0_B3,,,-4.352009881997834,,,,dc
evening_peak,sub_alicia_substation_71_F0_B4,,,-4.895547631084374,,,,dc
evening_peak,sub_alicia_substation_71_F0_B5,,,-5.1568191765845555,,,,dc
evening_peak,sub_alicia_substation_71_F1_B0,,,-2.3146015001528157,,,,dc
evening_peak,sub_alicia_substation_71_F1_B1,,,-2.3667040892482785,,,,dc
evening_peak,sub_alicia_substation_71_F1_B2,,,-2.9860241501268057,,,,dc
evening_peak,sub_alicia_substation_71_F1_B3,,,-3.4196446795735924,,,,dc
evening_peak,sub_alicia_substation_71_F1_B4,,,-3.7588718807140893,,,,dc
evening_peak,sub_alicia_substation_71_F1_B5,,,-3.858222982338132,,,,dc
evening_peak,sub_alicia_substation_71_F2_B0,,,-2.3146015001528157,,,,dc
evening_peak,sub_alicia_substation_71_F2_B1,,,-2.43254840715545,,,,dc
evening_peak,sub_alicia_substation_71_F2_B2,,,-3.0466237651587957,,,,dc
evening_peak,sub_alicia_substation_71_F2_B3,,,-3.4743569240069543,,,,dc
evening_peak,sub_alicia_substation_71_F2_B4,,,-3.6913641089847684,,,,dc
evening_peak,sub_alicia_substation_71_F2_B5,,,-3.841604205659363,,,,dc
evening_peak,sub_alicia_substation_71_F3_B0,,,-2.3146015001528366,,,,dc
evening_peak,sub_alicia_substation_71_F3_B1,,,-2.6255554724639123,,,,dc
evening_peak,sub_alicia_substation_71_F3_B2,,,-3.160401659543486,,,,dc
evening_peak,sub_alicia_substation_71_F3_B3,,,-3.4007731448466623,,,,dc
evening_peak,sub_alicia_substation_71_F3_B4,,,-3.5229596998755954,,,,dc
evening_peak,sub_alicia_substation_71_F3_B5,,,-3.731489823097852,,,,dc
evening_peak,sub_bohol_cable_terminal_89_F0_B0,,,2.079068180350014,,,,dc
evening_peak,sub_bohol_cable_terminal_89_F0_B1,,,1.9034988270515323,,,,dc
evening_peak,sub_bohol_cable_terminal_89_F0_B2,,,1.6773854353986515,,,,dc
evening_peak,sub_bohol_cable_terminal_89_F0_B3,,,1.0479734612522462,,,,dc
evening_peak,sub_bohol_cable_terminal_89_F0_B4,,,0.8111031590160692,,,,dc
evening_peak,sub_bohol_cable_terminal_89_F0_B5,,,0.5525154647734909,,,,dc
evening_peak,sub_bohol_cable_terminal_89_F1_B0,,,2.0790681803500095,,,,dc
evening_peak,sub_bohol_cable_terminal_89_F1_B1,,,1.9879666328894778,,,,dc
evening_peak,sub_bohol_cable_terminal_89_F1_B2,,,1.9290663901044656,,,,dc
evening_peak,sub_bohol_cable_terminal_89_F1_B3,,,1.3752515468103732,,,,dc
evening_peak,sub_bohol_cable_terminal_89_F1_B4,,,1.1423929458104354,,,,dc
evening_peak,sub_bohol_cable_terminal_89_F1_B5,,,1.0715727406038753,,,,dc
evening_peak,sub_bohol_cable_terminal_89_F3_B0,,,2.1901530492592554,,,,dc
evening_peak,v1_07corella_F0_B0,,,1.0146007262716876,,,,dc
evening_peak,v1_07corella_F0_B1,,,0.6303781712967175,,,,dc
evening_peak,v1_07corella_F0_B2,,,0.20907494910603802,,,,dc
evening_peak,v1_07corella_F0_B3,,,-0.33687975995608216,,,,dc
evening_peak,v1_07corella_F0_B4,,,-0.5082201329290073,,,,dc
evening_peak,v1_07corella_F0_B5,,,-0.6068213849176326,,,,dc
evening_peak,v1_07corella_F1_B0,,,1.014600726271694,,,,dc
evening_peak,v1_07corella_F1_B1,,,0.607702765139017,,,,dc
evening_peak,v1_07corella_F1_B2,,,0.585962966694706,,,,dc
evening_peak,v1_07corella_F1_B3,,,0.3439746882920778,,,,dc
evening_peak,v1_07corella_F1_B4,,,-0.10398803790952464,,,,dc
evening_peak,v1_07corella_F1_B5,,,-0.305545449821656,,,,dc
evening_peak,v1_07corella_F2_B0,,,1.0146007262716878,,,,dc
evening_peak,v1_07corella_F2_B1,,,0.5957349083200312,,,,dc
evening_peak,v1_07corella_F2_B2,,,0.3185780375508381,,,,dc
evening_peak,v1_07corella_F2_B3,,,0.08440726512689156,,,,dc
evening_peak,v1_07corella_F2_B4,,,-0.3926227211674168,,,,dc
evening_peak,v1_07corella_F2_B5,,,-0.5805401985469172,,,,dc
evening_peak,v1_07corella_F3_B0,,,1.0146007262716876,,,,dc
evening_peak,v1_07corella_F3_B1,,,0.8452073652315334,,,,dc
evening_peak,v1_07corella_F3_B2,,,0.7684603059904695,,,,dc
evening_peak,v1_07corella_F3_B3,,,0.6567376302245138,,,,dc
evening_peak,v1_07corella_F3_B4,,,0.49501205894494427,,,,dc
evening_peak,v1_07corella_F3_B5,,,0.4517010640523181,,,,dc
evening_peak,v1_07tapal_F0_B0,,,0.30724085143832264,,,,dc
evening_peak,v1_07tapal_F0_B1,,,-0.04349958355142876,,,,dc
evening_peak,v1_07tapal_F0_B2,,,-0.5207395493278418,,,,dc
evening_peak,v1_07tapal_F0_B3,,,-0.7608684163183658,,,,dc
evening_peak,v1_07tapal_F0_B4,,,-0.8200878964533718,,,,dc
evening_peak,v1_07tapal_F0_B5,,,-0.8411880971607804,,,,dc
evening_peak,v1_07tapal_F1_B0,,,0.3072408514383248,,,,dc
evening_peak,v1_07tapal_F1_B1,,,-0.20830424184493368,,,,dc
evening_peak,v1_07tapal_F1_B2,,,-0.29162638688520215,,,,dc
evening_peak,v1_07tapal_F1_B3,,,-0.35295434595730757,,,,dc
evening_peak,v1_07tapal_F1_B4,,,-0.4052917393012826,,,,dc
evening_peak,v1_07tapal_F1_B5,,,-0.6276093472495583,,,,dc
evening_peak,v1_07tapal_F2_B0,,,0.30724085143832497,,,,dc
evening_peak,v1_07tapal_F2_B1,,,0.05411937884365822,,,,dc
evening_peak,v1_07tapal_F2_B2,,,-0.5719339988385039,,,,dc
evening_peak,v1_07tapal_F2_B3,,,-0.7538852130947964,,,,dc
evening_peak,v1_07tapal_F2_B4,,,-1.0991121451614634,,,,dc
evening_peak,v1_07tapal_F2_B5,,,-1.3301912438161931,,,,dc
evening_peak,v1_07tapal_F3_B0,,,0.30724085143832486,,,,dc
evening_peak,v1_07tapal_F3_B1,,,-0.03937271685071026,,,,dc
evening_peak,v1_07tapal_F3_B2,,,-0.20925687024123665,,,,dc
evening_peak,v1_07tapal_F3_B3,,,-0.921137238320185,,,,dc
evening_peak,v1_07tapal_F3_B4,,,-1.3801819273384968,,,,dc
evening_peak,v1_07tapal_F3_B5,,,-1.5880774717451123,,,,dc
evening_peak,sub_cebu_city_substation_14_F0_B0,,,5.6657139752148336,,,,dc
evening_peak,sub_cebu_city_substation_14_F0_B1,,,4.6179468161308455,,,,dc
evening_peak,sub_cebu_city_substation_14_F0_B2,,,4.221737981268111,,,,dc
evening_peak,sub_cebu_city_substation_14_F0_B3,,,3.9107915935264774,,,,dc
evening_peak,sub_cebu_city_substation_14_F0_B4,,,3.5524884461596677,,,,dc
evening_peak,sub_cebu_city_substation_14_F0_B5,,,3.293376313519937,,,,dc
evening_peak,sub_cebu_city_substation_14_F1_B0,,,5.6657139752148336,,,,dc
evening_peak,sub_cebu_city_substation_14_F1_B1,,,5.125240270051472,,,,dc
evening_peak,sub_cebu_city_substation_14_F1_B2,,,4.3834658876267865,,,,dc
evening_peak,sub_cebu_city_substation_14_F1_B3,,,3.6671957380738878,,,,dc
evening_peak,sub_cebu_city_substation_14_F1_B4,,,3.379086676170304,,,,dc
evening_peak,sub_cebu_city_substation_14_F1_B5,,,3.2048496971519436,,,,dc
evening_peak,sub_cebu_city_substation_14_F2_B0,,,5.6657139752148336,,,,dc
evening_peak,sub_cebu_city_substation_14_F2_B1,,,5.532098870552661,,,,dc
evening_peak,sub_cebu_city_substation_14_F2_B2,,,4.338807529957633,,,,dc
evening_peak,sub_cebu_city_substation_14_F2_B3,,,3.5330463984914307,,,,dc
evening_peak,sub_cebu_city_substation_14_F2_B4,,,3.2649177796197706,,,,dc
evening_peak,sub_cebu_city_substation_14_F2_B5,,,2.9089883097384024,,,,dc
evening_peak,sub_cebu_city_substation_14_F3_B0,,,5.6657139752148336,,,,dc
evening_peak,sub_cebu_city_substation_14_F3_B1,,,4.868959659528063,,,,dc
evening_peak,sub_cebu_city_substation_14_F3_B2,,,3.9704464989805137,,,,dc
evening_peak,sub_cebu_city_substation_14_F3_B3,,,3.3072364837255073,,,,dc
evening_peak,sub_cebu_city_substation_14_F3_B4,,,2.8574682663709776,,,,dc
evening_peak,sub_cebu_city_substation_14_F3_B5,,,2.627666938214713,,,,dc
evening_peak,sub_compostela_substation_15_F0_B0,,,5.010852873346009,,,,dc
evening_peak,sub_compostela_substation_15_F0_B1,,,4.1409914812250515,,,,dc
evening_peak,sub_compostela_substation_15_F0_B2,,,3.5815559471812826,,,,dc
evening_peak,sub_compostela_substation_15_F0_B3,,,3.2443550248861777,,,,dc
evening_peak,sub_compostela_substation_15_F0_B4,,,2.9785973995807207,,,,dc
evening_peak,sub_compostela_substation_15_F0_B5,,,2.832271172624323,,,,dc
evening_peak,sub_compostela_substation_15_F1_B0,,,5.010852873346009,,,,dc
evening_peak,sub_compostela_substation_15_F1_B1,,,4.02925530645297,,,,dc
evening_peak,sub_compostela_substation_15_F1_B2,,,3.394866435772024,,,,dc
evening_peak,sub_compostela_substation_15_F1_B3,,,2.454041244989041,,,,dc
evening_peak,sub_compostela_substation_15_F1_B4,,,2.110634147790635,,,,dc
evening_peak,sub_compostela_substation_15_F1_B5,,,1.9009456473918256,,,,dc
evening_peak,sub_compostela_substation_15_F2_B0,,,5.010852873346009,,,,dc
evening_peak,sub_compostela_substation_15_F2_B1,,,4.616667164776199,,,,dc
evening_peak,sub_compostela_substation_15_F2_B2,,,4.428108201975172,,,,dc
evening_peak,sub_compostela_substation_15_F2_B3,,,3.7552848990473757,,,,dc
evening_peak,sub_compostela_substation_15_F2_B4,,,3.4076301025041875,,,,dc
evening_peak,sub_compostela_substation_15_F2_B5,,,3.154418239615743,,,,dc
evening_peak,sub_compostela_substation_15_F3_B0,,,5.180917656366676,,,,dc
evening_peak,sub_naga_substation_16_F0_B0,,,6.810038449908978,,,,dc
evening_peak,sub_naga_substation_16_F0_B1,,,5.985830711982266,,,,dc
evening_peak,sub_naga_substation_16_F0_B2,,,5.299049070595743,,,,dc
evening_peak,sub_naga_substation_16_F0_B3,,,4.891100856736573,,,,dc
evening_peak,sub_naga_substation_16_F0_B4,,,4.78970743217305,,,,dc
evening_peak,sub_naga_substation_16_F0_B5,,,4.3161336929665435,,,,dc
evening_peak,sub_naga_substation_16_F1_B0,,,6.810038449908979,,,,dc
evening_peak,sub_naga_substation_16_F1_B1,,,5.637012516721271,,,,dc
evening_peak,sub_naga_substation_16_F1_B2,,,5.043158175352051,,,,dc
evening_peak,sub_naga_substation_16_F1_B3,,,3.9041766282208874,,,,dc
evening_peak,sub_naga_substation_16_F1_B4,,,2.9120286004177953,,,,dc
evening_peak,sub_naga_substation_16_F1_B5,,,2.458372959056105,,,,dc
evening_peak,sub_naga_substation_16_F2_B0,,,6.810038449908979,,,,dc
evening_peak,sub_naga_substation_16_F2_B1,,,6.522109959840778,,,,dc
evening_peak,sub_naga_substation_16_F2_B2,,,6.362084606653184,,,,dc
evening_peak,sub_naga_substation_16_F2_B3,,,5.871857529987592,,,,dc
evening_peak,sub_naga_substation_16_F2_B4,,,5.2271691819934425,,,,dc
evening_peak,sub_naga_substation_16_F2_B5,,,5.198877179234069,,,,dc
evening_peak,sub_naga_substation_16_F3_B0,,,6.810038449908982,,,,dc
evening_peak,sub_naga_substation_16_F3_B1,,,6.645369375016518,,,,dc
evening_peak,sub_naga_substation_16_F3_B2,,,5.684584301090504,,,,dc
evening_peak,sub_naga_substation_16_F3_B3,,,5.113368224491569,,,,dc
evening_peak,sub_naga_substation_16_F3_B4,,,4.71510387842969,,,,dc
evening_peak,sub_naga_substation_16_F3_B5,,,4.357116591646829,,,,dc
evening_peak,sub_daanbantayan_cable_terminal_27_F1_B0,,,4.036812739744224,,,,dc
evening_peak,sub_daanbantayan_cable_terminal_27_F1_B1,,,3.7772233524870797,,,,dc
evening_peak,sub_daanbantayan_cable_terminal_27_F1_B2,,,3.7358374308414524,,,,dc
evening_peak,sub_daanbantayan_cable_terminal_27_F1_B3,,,3.556630473407473,,,,dc
evening_peak,sub_daanbantayan_cable_terminal_27_F1_B4,,,3.538477585470988,,,,dc
evening_peak,sub_daanbantayan_cable_terminal_27_F2_B0,,,4.0027997831400945,,,,dc
evening_peak,sub_daanbantayan_cable_terminal_27_F2_B1,,,3.4278967395063717,,,,dc
evening_peak,sub_daanbantayan_cable_terminal_27_F2_B2,,,3.21295785066301,,,,dc
evening_peak,sub_daanbantayan_cable_terminal_27_F2_B3,,,2.5088168448144024,,,,dc
evening_peak,sub_daanbantayan_cable_terminal_27_F2_B4,,,2.1196503777087474,,,,dc
evening_peak,sub_daanbantayan_cable_terminal_27_F2_B5,,,1.9672538885790063,,,,dc
evening_peak,sub_suba_cable_terminal_29_F0_B0,,,8.853711853979057,,,,dc
evening_peak,sub_suba_cable_terminal_29_F0_B1,,,8.619645115857809,,,,dc
evening_peak,sub_suba_cable_terminal_29_F0_B2,,,7.6996588324163735,,,,dc
evening_peak,sub_suba_cable_terminal_29_F0_B3,,,6.651120371811,,,,dc
evening_peak,sub_suba_cable_terminal_29_F0_B4,,,6.500339599443722,,,,dc
evening_peak,sub_suba_cable_terminal_29_F0_B5,,,6.448070297394586,,,,dc
evening_peak,sub_suba_cable_terminal_29_F3_B0,,,8.853711853979057,,,,dc
evening_peak,sub_suba_cable_terminal_29_F3_B1,,,8.15186693876086,,,,dc
evening_peak,sub_suba_cable_terminal_29_F3_B2,,,7.111971718672458,,,,dc
evening_peak,sub_suba_cable_terminal_29_F3_B3,,,6.663713240571847,,,,dc
evening_peak,sub_suba_cable_terminal_29_F3_B4,,,6.498893085023646,,,,dc
evening_peak,sub_suba_cable_terminal_29_F3_B5,,,6.370542191877458,,,,dc
evening_peak,sub_osm_83_F0_B0,,,9.408240020418312,,,,dc
evening_peak,sub_osm_83_F0_B1,,,8.478259158591378,,,,dc
evening_peak,sub_osm_83_F0_B2,,,8.438043122348645,,,,dc
evening_peak,sub_osm_83_F0_B3,,,7.5549486931845955,,,,dc
evening_peak,sub_osm_83_F0_B4,,,6.963314721006605,,,,dc
evening_peak,sub_osm_83_F0_B5,,,6.491028561757737,,,,dc
evening_peak,sub_osm_83_F2_B0,,,9.40824002041832,,,,dc
evening_peak,sub_osm_83_F2_B1,,,8.582002065751343,,,,dc
evening_peak,sub_osm_83_F2_B2,,,7.723141952232975,,,,dc
evening_peak,sub_osm_83_F2_B3,,,7.197051685293512,,,,dc
evening_peak,sub_osm_83_F2_B4,,,7.035113811050138,,,,dc
evening_peak,sub_osm_83_F2_B5,,,6.432329053377702,,,,dc
evening_peak,sub_osm_83_F3_B0,,,9.40824002041833,,,,dc
evening_peak,sub_osm_83_F3_B1,,,8.9164578519546,,,,dc
evening_peak,sub_osm_83_F3_B2,,,8.849469406069382,,,,dc
evening_peak,sub_osm_83_F3_B3,,,8.344655615604552,,,,dc
evening_peak,sub_osm_83_F3_B4,,,7.827754712447039,,,,dc
evening_peak,sub_osm_83_F3_B5,,,7.497530427693479,,,,dc
evening_peak,sub_magdugo_substation_72_F0_B0,,,5.389653282084648,,,,dc
evening_peak,sub_magdugo_substation_72_F0_B1,,,4.903923539038703,,,,dc
evening_peak,sub_magdugo_substation_72_F0_B2,,,4.217295612442523,,,,dc
evening_peak,sub_magdugo_substation_72_F0_B3,,,3.2992090302455597,,,,dc
evening_peak,sub_magdugo_substation_72_F0_B4,,,2.892415925317303,,,,dc
evening_peak,sub_magdugo_substation_72_F0_B5,,,2.7070892311011847,,,,dc
evening_peak,sub_magdugo_substation_72_F1_B0,,,5.389653282084648,,,,dc
evening_peak,sub_magdugo_substation_72_F1_B1,,,5.22171701223055,,,,dc
evening_peak,sub_magdugo_substation_72_F1_B2,,,4.149620668720654,,,,dc
evening_peak,sub_magdugo_substation_72_F1_B3,,,3.5419328234347387,,,,dc
evening_peak,sub_magdugo_substation_72_F1_B4,,,3.409612376069769,,,,dc
evening_peak,sub_magdugo_substation_72_F1_B5,,,3.2775364211279467,,,,dc
evening_peak,sub_magdugo_substation_72_F2_B0,,,5.389653282084648,,,,dc
evening_peak,sub_magdugo_substation_72_F2_B1,,,5.084035699651112,,,,dc
evening_peak,sub_magdugo_substation_72_F2_B2,,,4.077054790245147,,,,dc
evening_peak,sub_magdugo_substation_72_F2_B3,,,3.6803323271865116,,,,dc
evening_peak,sub_magdugo_substation_72_F2_B4,,,2.9925550661018954,,,,dc
evening_peak,sub_magdugo_substation_72_F2_B5,,,2.845754537458653,,,,dc
evening_peak,sub_magdugo_substation_72_F3_B0,,,5.389653282084647,,,,dc
evening_peak,sub_magdugo_substation_72_F3_B1,,,5.217663693403155,,,,dc
evening_peak,sub_magdugo_substation_72_F3_B2,,,5.086789507145783,,,,dc
evening_peak,sub_magdugo_substation_72_F3_B3,,,4.071269685633579,,,,dc
evening_peak,sub_magdugo_substation_72_F3_B4,,,3.60612777860661,,,,dc
evening_peak,sub_magdugo_substation_72_F3_B5,,,3.413251788714597,,,,dc
evening_peak,sub_mandugo_substation_62_F0_B0,,,8.397777536971313,,,,dc
evening_peak,sub_mandugo_substation_62_F0_B1,,,7.897514529573046,,,,dc
evening_peak,sub_mandugo_substation_62_F0_B2,,,7.59753076600403,,,,dc
evening_peak,sub_mandugo_substation_62_F0_B3,,,7.324150018425602,,,,dc
evening_peak,sub_mandugo_substation_62_F0_B4,,,6.365107646051777,,,,dc
evening_peak,sub_mandugo_substation_62_F0_B5,,,6.10592553407429,,,,dc
evening_peak,sub_mandugo_substation_62_F1_B0,,,8.737905376966133,,,,dc
evening_peak,sub_mandugo_substation_62_F2_B0,,,8.397777536971311,,,,dc
evening_peak,sub_mandugo_substation_62_F2_B1,,,8.308062129595685,,,,dc
evening_peak,sub_mandugo_substation_62_F2_B2,,,7.315981211417583,,,,dc
evening_peak,sub_mandugo_substation_62_F2_B3,,,7.002581386108764,,,,dc
evening_peak,sub_mandugo_substation_62_F2_B4,,,6.743849284941579,,,,dc
evening_peak,sub_mandugo_substation_62_F2_B5,,,6.707570237581195,,,,dc
evening_peak,sub_mandugo_substation_62_F3_B0,,,8.397777536971356,,,,dc
evening_peak,sub_mandugo_substation_62_F3_B1,,,8.075882165083161,,,,dc
evening_peak,sub_mandugo_substation_62_F3_B2,,,7.8350043513460506,,,,dc
evening_peak,sub_mandugo_substation_62_F3_B3,,,7.0997771119029345,,,,dc
evening_peak,sub_mandugo_substation_62_F3_B4,,,6.789064609423726,,,,dc
evening_peak,sub_mandugo_substation_62_F3_B5,,,6.472868053318725,,,,dc
evening_peak,sub_mandaue_gas_insulated_substation_64_F0_B0,,,4.645327348346671,,,,dc
evening_peak,sub_mandaue_gas_insulated_substation_64_F0_B1,,,3.958909689292774,,,,dc
evening_peak,sub_mandaue_gas_insulated_substation_64_F0_B2,,,3.216440345215674,,,,dc
evening_peak,sub_mandaue_gas_insulated_substation_64_F0_B3,,,3.175697444860439,,,,dc
evening_peak,sub_mandaue_gas_insulated_substation_64_F0_B4,,,2.8770450201009115,,,,dc
evening_peak,sub_mandaue_gas_insulated_substation_64_F0_B5,,,2.771679936465234,,,,dc
evening_peak,sub_mandaue_gas_insulated_substation_64_F1_B0,,,4.645327348346671,,,,dc
evening_peak,sub_mandaue_gas_insulated_substation_64_F1_B1,,,4.1374563801721,,,,dc
evening_peak,sub_mandaue_gas_insulated_substation_64_F1_B2,,,2.7767019547883094,,,,dc
evening_peak,sub_mandaue_gas_insulated_substation_64_F1_B3,,,1.968042926148728,,,,dc
evening_peak,sub_mandaue_gas_insulated_substation_64_F1_B4,,,1.4028096341598784,,,,dc
evening_peak,sub_mandaue_gas_insulated_substation_64_F1_B5,,,1.1191963509420297,,,,dc
evening_peak,sub_mandaue_gas_insulated_substation_64_F2_B0,,,4.645327348346668,,,,dc
evening_peak,sub_mandaue_gas_insulated_substation_64_F2_B1,,,4.510227375306705,,,,dc
evening_peak,sub_mandaue_gas_insulated_substation_64_F2_B2,,,3.741024232679359,,,,dc
evening_peak,sub_mandaue_gas_insulated_substation_64_F2_B3,,,2.636360052002932,,,,dc
evening_peak,sub_mandaue_gas_insulated_substation_64_F2_B4,,,2.1235263983895156,,,,dc
evening_peak,sub_mandaue_gas_insulated_substation_64_F2_B5,,,2.009116402120146,,,,dc
evening_peak,sub_mandaue_gas_insulated_substation_64_F3_B0,,,4.645327348346669,,,,dc
evening_peak,sub_mandaue_gas_insulated_substation_64_F3_B1,,,4.408045990791285,,,,dc
evening_peak,sub_mandaue_gas_insulated_substation_64_F3_B2,,,3.925554766706183,,,,dc
evening_peak,sub_mandaue_gas_insulated_substation_64_F3_B3,,,3.489025703260902,,,,dc
evening_peak,sub_mandaue_gas_insulated_substation_64_F3_B4,,,2.8004549314341367,,,,dc
evening_peak,sub_mandaue_gas_insulated_substation_64_F3_B5,,,2.4829943877852236,,,,dc
evening_peak,sub_lapu_lapu_gas_insulated_substation_63_F0_B0,,,4.639327329358711,,,,dc
evening_peak,sub_lapu_lapu_gas_insulated_substation_63_F0_B1,,,4.275615972597309,,,,dc
evening_peak,sub_lapu_lapu_gas_insulated_substation_63_F0_B2,,,3.756723236472913,,,,dc
evening_peak,sub_lapu_lapu_gas_insulated_substation_63_F0_B3,,,3.078668351936252,,,,dc
evening_peak,sub_lapu_lapu_gas_insulated_substation_63_F0_B4,,,2.361683363803547,,,,dc
evening_peak,sub_lapu_lapu_gas_insulated_substation_63_F0_B5,,,1.784824407132281,,,,dc
evening_peak,sub_lapu_lapu_gas_insulated_substation_63_F1_B0,,,4.63932732935871,,,,dc
evening_peak,sub_lapu_lapu_gas_insulated_substation_63_F1_B1,,,4.018833391275316,,,,dc
evening_peak,sub_lapu_lapu_gas_insulated_substation_63_F1_B2,,,3.7628002094182498,,,,dc
evening_peak,sub_lapu_lapu_gas_insulated_substation_63_F1_B3,,,3.0443636260642633,,,,dc
evening_peak,sub_lapu_lapu_gas_insulated_substation_63_F1_B4,,,2.820903358683999,,,,dc
evening_peak,sub_lapu_lapu_gas_insulated_substation_63_F1_B5,,,2.4875521214326914,,,,dc
evening_peak,sub_lapu_lapu_gas_insulated_substation_63_F2_B0,,,4.639327329358888,,,,dc
evening_peak,sub_lapu_lapu_gas_insulated_substation_63_F2_B1,,,3.718188433686595,,,,dc
evening_peak,sub_lapu_lapu_gas_insulated_substation_63_F2_B2,,,3.5583363544835196,,,,dc
evening_peak,sub_lapu_lapu_gas_insulated_substation_63_F2_B3,,,3.215244256677751,,,,dc
evening_peak,sub_lapu_lapu_gas_insulated_substation_63_F2_B4,,,3.0946791943739824,,,,dc
evening_peak,sub_lapu_lapu_gas_insulated_substation_63_F2_B5,,,3.038023332034521,,,,dc
evening_peak,sub_lapu_lapu_gas_insulated_substation_63_F3_B0,,,4.63932732935871,,,,dc
evening_peak,sub_lapu_lapu_gas_insulated_substation_63_F3_B1,,,4.352702200382507,,,,dc
evening_peak,sub_lapu_lapu_gas_insulated_substation_63_F3_B2,,,3.903785604058784,,,,dc
evening_peak,sub_lapu_lapu_gas_insulated_substation_63_F3_B3,,,2.856695648922526,,,,dc
evening_peak,sub_lapu_lapu_gas_insulated_substation_63_F3_B4,,,2.265046904034971,,,,dc
evening_peak,sub_lapu_lapu_gas_insulated_substation_63_F3_B5,,,2.200363171918978,,,,dc
evening_peak,sub_toledo_substation_68_F0_B0,,,7.686452758879389,,,,dc
evening_peak,sub_toledo_substation_68_F0_B1,,,7.6050292112236555,,,,dc
evening_peak,sub_toledo_substation_68_F0_B2,,,7.26584237687741,,,,dc
evening_peak,sub_toledo_substation_68_F0_B3,,,6.540172607115507,,,,dc
evening_peak,sub_toledo_substation_68_F0_B4,,,6.139235733427703,,,,dc
evening_peak,sub_toledo_substation_68_F0_B5,,,5.955100463802462,,,,dc
evening_peak,sub_toledo_substation_68_F1_B0,,,7.686452758879395,,,,dc
evening_peak,sub_toledo_substation_68_F1_B1,,,7.014646026073637,,,,dc
evening_peak,sub_toledo_substation_68_F1_B2,,,6.673531747671657,,,,dc
evening_peak,sub_toledo_substation_68_F1_B3,,,6.3821298856727,,,,dc
evening_peak,sub_toledo_substation_68_F1_B4,,,5.966749246945613,,,,dc
evening_peak,sub_toledo_substation_68_F1_B5,,,5.8645474496658085,,,,dc
evening_peak,sub_toledo_substation_68_F2_B0,,,7.686452758879395,,,,dc
evening_peak,sub_toledo_substation_68_F2_B1,,,7.078288049886436,,,,dc
evening_peak,sub_toledo_substation_68_F2_B2,,,6.6100992161068195,,,,dc
evening_peak,sub_toledo_substation_68_F2_B3,,,5.325139393268688,,,,dc
evening_peak,sub_toledo_substation_68_F2_B4,,,4.683037516902147,,,,dc
evening_peak,sub_toledo_substation_68_F2_B5,,,4.506220292571771,,,,dc
evening_peak,sub_toledo_substation_68_F3_B0,,,7.686452758879389,,,,dc
evening_peak,sub_toledo_substation_68_F3_B1,,,7.6454563001330245,,,,dc
evening_peak,sub_toledo_substation_68_F3_B2,,,6.519244756128868,,,,dc
evening_peak,sub_toledo_substation_68_F3_B3,,,5.634432343737374,,,,dc
evening_peak,sub_toledo_substation_68_F3_B4,,,5.366523191388454,,,,dc
evening_peak,sub_toledo_substation_68_F3_B5,,,5.083482543481975,,,,dc
evening_peak,sub_santander_cable_terminal_82_F0_B0,,,3.787398536295818,,,,dc
evening_peak,sub_santander_cable_terminal_82_F0_B1,,,3.573735299810554,,,,dc
evening_peak,sub_santander_cable_terminal_82_F0_B2,,,3.1367679665343426,,,,dc
evening_peak,sub_santander_cable_terminal_82_F0_B3,,,3.1050381905440023,,,,dc
evening_peak,sub_santander_cable_terminal_82_F0_B4,,,2.945593741010148,,,,dc
evening_peak,sub_santander_cable_terminal_82_F0_B5,,,2.841444329921899,,,,dc
evening_peak,sub_santander_cable_terminal_82_F1_B0,,,3.787398536295818,,,,dc
evening_peak,sub_santander_cable_terminal_82_F1_B1,,,3.2534283665089405,,,,dc
evening_peak,sub_santander_cable_terminal_82_F1_B2,,,2.991029943744176,,,,dc
evening_peak,sub_santander_cable_terminal_82_F1_B3,,,2.8094140031832935,,,,dc
evening_peak,sub_santander_cable_terminal_82_F1_B4,,,2.7027265995276037,,,,dc
evening_peak,sub_santander_cable_terminal_82_F1_B5,,,2.4367460846044757,,,,dc
evening_peak,sub_santander_cable_terminal_82_F2_B0,,,3.8044050294965346,,,,dc
evening_peak,sub_santander_cable_terminal_82_F2_B1,,,3.7566842946991508,,,,dc
evening_peak,sub_santander_cable_terminal_82_F2_B2,,,3.640020395425861,,,,dc
evening_peak,sub_santander_cable_terminal_82_F2_B3,,,3.489390363411833,,,,dc
evening_peak,sub_santander_cable_terminal_82_F2_B4,,,3.454938924319668,,,,dc
evening_peak,sub_dumanjug_converter_station_100_F0_B0,,,3.8131160883071544,,,,dc
evening_peak,sub_dumanjug_converter_station_100_F0_B1,,,3.531102441378568,,,,dc
evening_peak,sub_dumanjug_converter_station_100_F0_B2,,,3.369372833627048,,,,dc
evening_peak,sub_dumanjug_converter_station_100_F0_B3,,,2.3188910569813688,,,,dc
evening_peak,sub_dumanjug_converter_station_100_F0_B4,,,1.6495197637538637,,,,dc
evening_peak,sub_dumanjug_converter_station_100_F0_B5,,,1.4544752586189733,,,,dc
evening_peak,sub_dumanjug_converter_station_100_F1_B0,,,3.830122581507879,,,,dc
evening_peak,sub_dumanjug_converter_station_100_F1_B1,,,3.2016566264857533,,,,dc
evening_peak,sub_dumanjug_converter_station_100_F1_B2,,,2.9539944194772256,,,,dc
evening_peak,sub_dumanjug_converter_station_100_F1_B3,,,2.8441432509867095,,,,dc
evening_peak,sub_dumanjug_converter_station_100_F1_B4,,,2.8421687537118796,,,,dc
evening_peak,sub_dumanjug_converter_station_100_F2_B0,,,3.8131160883071544,,,,dc
evening_peak,sub_dumanjug_converter_station_100_F2_B1,,,3.5220114675525296,,,,dc
evening_peak,sub_dumanjug_converter_station_100_F2_B2,,,2.7778765044552767,,,,dc
evening_peak,sub_dumanjug_converter_station_100_F2_B3,,,2.362933591172829,,,,dc
evening_peak,sub_dumanjug_converter_station_100_F2_B4,,,2.1652158161398045,,,,dc
evening_peak,sub_dumanjug_converter_station_100_F2_B5,,,2.072484277764915,,,,dc
evening_peak,sub_dumanjug_converter_station_100_F3_B0,,,3.8131160883071544,,,,dc
evening_peak,sub_dumanjug_converter_station_100_F3_B1,,,3.2005721129732656,,,,dc
evening_peak,sub_dumanjug_converter_station_100_F3_B2,,,2.7275785131558283,,,,dc
evening_peak,sub_dumanjug_converter_station_100_F3_B3,,,2.4056036369395253,,,,dc
evening_peak,sub_dumanjug_converter_station_100_F3_B4,,,1.9500382584081983,,,,dc
evening_peak,sub_dumanjug_converter_station_100_F3_B5,,,1.4694233935395884,,,,dc
evening_peak,sub_argao_cable_terminal_117_F1_B0,,,2.3726311977032393,,,,dc
evening_peak,sub_argao_cable_terminal_117_F1_B1,,,2.0748053293079693,,,,dc
evening_peak,sub_argao_cable_terminal_117_F1_B2,,,1.3353644859046931,,,,dc
evening_peak,sub_argao_cable_terminal_117_F1_B3,,,1.0529952113154786,,,,dc
evening_peak,sub_argao_cable_terminal_117_F1_B4,,,1.0126627906302454,,,,dc
evening_peak,sub_argao_cable_terminal_117_F1_B5,,,0.5808712697465288,,,,dc
evening_peak,sub_argao_cable_terminal_117_F2_B0,,,2.3726311977032437,,,,dc
evening_peak,sub_argao_cable_terminal_117_F2_B1,,,2.13468801466619,,,,dc
evening_peak,sub_argao_cable_terminal_117_F2_B2,,,1.9775640824303753,,,,dc
evening_peak,sub_argao_cable_terminal_117_F2_B3,,,0.8452986274917037,,,,dc
evening_peak,sub_argao_cable_terminal_117_F2_B4,,,-0.05942097368834229,,,,dc
evening_peak,sub_argao_cable_terminal_117_F2_B5,,,-0.589600845284213,,,,dc
evening_peak,sub_argao_cable_terminal_117_F3_B0,,,2.542695980723911,,,,dc
evening_peak,sub_cebeco_iii_8_F0_B0,,,4.777422134466062,,,,dc
evening_peak,sub_cebeco_iii_8_F0_B1,,,4.079316876086896,,,,dc
evening_peak,sub_cebeco_iii_8_F0_B2,,,3.757860851159431,,,,dc
evening_peak,sub_cebeco_iii_8_F0_B3,,,3.194513521846702,,,,dc
evening_peak,sub_cebeco_iii_8_F0_B4,,,2.571005248650223,,,,dc
evening_peak,sub_cebeco_iii_8_F0_B5,,,2.550085843949368,,,,dc
evening_peak,sub_cebeco_iii_8_F1_B0,,,4.777422134466065,,,,dc
evening_peak,sub_cebeco_iii_8_F1_B1,,,4.261060036468456,,,,dc
evening_peak,sub_cebeco_iii_8_F1_B2,,,3.826168440465964,,,,dc
evening_peak,sub_cebeco_iii_8_F1_B3,,,3.322885696336553,,,,dc
evening_peak,sub_cebeco_iii_8_F1_B4,,,3.055175072392564,,,,dc
evening_peak,sub_cebeco_iii_8_F1_B5,,,2.7593755993036626,,,,dc
evening_peak,sub_cebeco_iii_8_F2_B0,,,4.777422134466061,,,,dc
evening_peak,sub_cebeco_iii_8_F2_B1,,,4.680642906309005,,,,dc
evening_peak,sub_cebeco_iii_8_F2_B2,,,3.590713855602482,,,,dc
evening_peak,sub_cebeco_iii_8_F2_B3,,,3.0100621841849327,,,,dc
evening_peak,sub_cebeco_iii_8_F2_B4,,,2.7983361775710276,,,,dc
evening_peak,sub_cebeco_iii_8_F2_B5,,,2.285008176874973,,,,dc
evening_peak,sub_cebeco_iii_8_F3_B0,,,4.777422134466063,,,,dc
evening_peak,sub_cebeco_iii_8_F3_B1,,,4.191504759079195,,,,dc
evening_peak,sub_cebeco_iii_8_F3_B2,,,3.8941112596554466,,,,dc
evening_peak,sub_cebeco_iii_8_F3_B3,,,3.5419409295186823,,,,dc
evening_peak,sub_cebeco_iii_8_F3_B4,,,2.6794262813822725,,,,dc
evening_peak,sub_cebeco_iii_8_F3_B5,,,2.471143187578042,,,,dc
evening_peak,sub_ginatilan_substation_102_F0_B0,,,7.017041723572168,,,,dc
evening_peak,sub_ginatilan_substation_102_F0_B1,,,6.206377084667182,,,,dc
evening_peak,sub_ginatilan_substation_102_F0_B2,,,5.792665569314438,,,,dc
evening_peak,sub_ginatilan_substation_102_F0_B3,,,5.621505686866198,,,,dc
evening_peak,sub_ginatilan_substation_102_F0_B4,,,4.975560797892347,,,,dc
evening_peak,sub_ginatilan_substation_102_F0_B5,,,4.739751653694439,,,,dc
evening_peak,sub_ginatilan_substation_102_F2_B0,,,7.017041723572248,,,,dc
evening_peak,sub_ginatilan_substation_102_F2_B1,,,6.689483698330084,,,,dc
evening_peak,sub_ginatilan_substation_102_F2_B2,,,5.91762972294143,,,,dc
evening_peak,sub_ginatilan_substation_102_F2_B3,,,5.547432988993527,,,,dc
evening_peak,sub_ginatilan_substation_102_F2_B4,,,5.252057365550079,,,,dc
evening_peak,sub_ginatilan_substation_102_F2_B5,,,5.023281558608213,,,,dc
evening_peak,sub_ginatilan_substation_102_F3_B0,,,7.017041723572175,,,,dc
evening_peak,sub_ginatilan_substation_102_F3_B1,,,6.334240107701783,,,,dc
evening_peak,sub_ginatilan_substation_102_F3_B2,,,5.359450805565737,,,,dc
evening_peak,sub_ginatilan_substation_102_F3_B3,,,4.957116606297967,,,,dc
evening_peak,sub_ginatilan_substation_102_F3_B4,,,4.613193214296972,,,,dc
evening_peak,sub_ginatilan_substation_102_F3_B5,,,4.400404209689049,,,,dc
evening_peak,sub_talvera_cable_terminal_10_F0_B0,,,5.580617873707453,,,,dc
evening_peak,sub_talvera_cable_terminal_10_F0_B1,,,5.032188365243443,,,,dc
evening_peak,sub_talvera_cable_terminal_10_F0_B2,,,4.4446014640666744,,,,dc
evening_peak,sub_talvera_cable_terminal_10_F0_B3,,,3.8507376643447837,,,,dc
evening_peak,sub_talvera_cable_terminal_10_F0_B4,,,2.9768822026270247,,,,dc
evening_peak,sub_talvera_cable_terminal_10_F0_B5,,,2.8570004073657786,,,,dc
evening_peak,sub_talvera_cable_terminal_10_F1_B0,,,5.716669700123987,,,,dc
evening_peak,sub_talvera_cable_terminal_10_F1_B1,,,5.70009145707138,,,,dc
evening_peak,sub_talvera_cable_terminal_10_F2_B0,,,5.580617873707423,,,,dc
evening_peak,sub_talvera_cable_terminal_10_F2_B1,,,5.30836188913868,,,,dc
evening_peak,sub_talvera_cable_terminal_10_F2_B2,,,5.2625434396586614,,,,dc
evening_peak,sub_talvera_cable_terminal_10_F2_B3,,,4.914343390212254,,,,dc
evening_peak,sub_talvera_cable_terminal_10_F2_B4,,,4.598804413104979,,,,dc
evening_peak,sub_talvera_cable_terminal_10_F2_B5,,,4.484634805279975,,,,dc
evening_peak,sub_talvera_cable_terminal_10_F3_B0,,,5.580617873707452,,,,dc
evening_peak,sub_talvera_cable_terminal_10_F3_B1,,,5.110329700129029,,,,dc
evening_peak,sub_talvera_cable_terminal_10_F3_B2,,,4.273222676051327,,,,dc
evening_peak,sub_talvera_cable_terminal_10_F3_B3,,,3.193347977757198,,,,dc
evening_peak,sub_talvera_cable_terminal_10_F3_B4,,,2.4848341946777226,,,,dc
evening_peak,sub_talvera_cable_terminal_10_F3_B5,,,2.387396855552078,,,,dc
evening_peak,v1_05naga_F0_B0,,,6.736250923581607,,,,dc
evening_peak,v1_05naga_F0_B1,,,6.327240276621029,,,,dc
evening_peak,v1_05naga_F0_B2,,,5.142443862115185,,,,dc
evening_peak,v1_05naga_F0_B3,,,4.44007605231175,,,,dc
evening_peak,v1_05naga_F0_B4,,,4.2632820121664015,,,,dc
evening_peak,v1_05naga_F0_B5,,,4.049723820517957,,,,dc
evening_peak,v1_05naga_F1_B0,,,6.736250923581607,,,,dc
evening_peak,v1_05naga_F1_B1,,,5.962536821441273,,,,dc
evening_peak,v1_05naga_F1_B2,,,5.404251446173212,,,,dc
evening_peak,v1_05naga_F1_B3,,,4.413869345898828,,,,dc
evening_peak,v1_05naga_F1_B4,,,3.565262506052024,,,,dc
evening_peak,v1_05naga_F1_B5,,,3.391907229323429,,,,dc
evening_peak,v1_05naga_F2_B0,,,6.736250923581607,,,,dc
evening_peak,v1_05naga_F2_B1,,,5.805921966141691,,,,dc
evening_peak,v1_05naga_F2_B2,,,5.365336127826574,,,,dc
evening_peak,v1_05naga_F2_B3,,,4.949082410578236,,,,dc
evening_peak,v1_05naga_F2_B4,,,4.4100142133431595,,,,dc
evening_peak,v1_05naga_F2_B5,,,4.060563404510285,,,,dc
evening_peak,v1_05naga_F3_B0,,,6.736250923581603,,,,dc
evening_peak,v1_05naga_F3_B1,,,6.5449887385526555,,,,dc
evening_peak,v1_05naga_F3_B2,,,6.180442698750053,,,,dc
evening_peak,v1_05naga_F3_B3,,,5.992909760630535,,,,dc
evening_peak,v1_05naga_F3_B4,,,5.908638785584336,,,,dc
evening_peak,v1_05naga_F3_B5,,,5.856798764176762,,,,dc
evening_peak,v1_05therma_F0_B0,,,10.535236749117752,,,,dc
evening_peak,v1_05therma_F0_B1,,,10.305806729680695,,,,dc
evening_peak,v1_05therma_F0_B2,,,9.862689805567106,,,,dc
evening_peak,v1_05therma_F0_B3,,,9.228466439821556,,,,dc
evening_peak,v1_05therma_F0_B4,,,9.027616593022461,,,,dc
evening_peak,v1_05therma_F0_B5,,,8.906673717593641,,,,dc
evening_peak,v1_05therma_F1_B0,,,10.807339021113597,,,,dc
evening_peak,v1_05therma_F1_B1,,,10.79587594734443,,,,dc
evening_peak,v1_05therma_F2_B0,,,10.535236749117749,,,,dc
evening_peak,v1_05therma_F2_B1,,,10.448701778547145,,,,dc
evening_peak,v1_05therma_F2_B2,,,9.687377337082138,,,,dc
evening_peak,v1_05therma_F2_B3,,,9.263145836843321,,,,dc
evening_peak,v1_05therma_F2_B4,,,8.240338943489249,,,,dc
evening_peak,v1_05therma_F2_B5,,,7.944483054883484,,,,dc
evening_peak,v1_05therma_F3_B0,,,10.53523674911775,,,,dc
evening_peak,v1_05therma_F3_B1,,,10.036248852644459,,,,dc
evening_peak,v1_05therma_F3_B2,,,9.16732491684737,,,,dc
evening_peak,v1_05therma_F3_B3,,,8.591164070040316,,,,dc
evening_peak,v1_05therma_F3_B4,,,8.23529472028009,,,,dc
evening_peak,v1_05therma_F3_B5,,,8.097944190596746,,,,dc
evening_peak,sub_tabango_substation_57_F0_B0,,,3.9920518546905037,,,,dc
evening_peak,sub_tabango_substation_57_F0_B1,,,3.670413408330837,,,,dc
evening_peak,sub_tabango_substation_57_F0_B2,,,3.5832757412303016,,,,dc
evening_peak,sub_tabango_substation_57_F0_B3,,,3.391880194874108,,,,dc
evening_peak,sub_tabango_substation_57_F0_B4,,,3.1367702114776916,,,,dc
evening_peak,sub_tabango_substation_57_F0_B5,,,3.057335615692754,,,,dc
evening_peak,sub_tabango_substation_57_F1_B0,,,3.9920518546905037,,,,dc
evening_peak,sub_tabango_substation_57_F1_B1,,,3.6855890900927357,,,,dc
evening_peak,sub_tabango_substation_57_F1_B2,,,3.488842290699367,,,,dc
evening_peak,sub_tabango_substation_57_F1_B3,,,3.250273273280761,,,,dc
evening_peak,sub_tabango_substation_57_F1_B4,,,3.0051039303933527,,,,dc
evening_peak,sub_tabango_substation_57_F1_B5,,,2.9681916289079266,,,,dc
evening_peak,sub_tabango_substation_57_F3_B0,,,3.9920518546905037,,,,dc
evening_peak,sub_tabango_substation_57_F3_B1,,,3.5878661988637486,,,,dc
evening_peak,sub_tabango_substation_57_F3_B2,,,3.5409519205064544,,,,dc
evening_peak,sub_tabango_substation_57_F3_B3,,,3.315358937148852,,,,dc
evening_peak,sub_tabango_substation_57_F3_B4,,,3.147235517831245,,,,dc
evening_peak,sub_tabango_substation_57_F3_B5,,,3.1256076328030495,,,,dc
evening_peak,sub_osm_13_F0_B0,,,-19.644523276057154,,,,dc
evening_peak,sub_osm_13_F0_B1,,,-19.90431519362209,,,,dc
evening_peak,sub_osm_13_F0_B2,,,-20.042863798473427,,,,dc
evening_peak,sub_osm_13_F0_B3,,,-20.131973869491727,,,,dc
evening_peak,sub_osm_13_F0_B4,,,-20.23854085497594,,,,dc
evening_peak,sub_osm_13_F0_B5,,,-20.25845785811491,,,,dc
evening_peak,sub_osm_13_F1_B0,,,-19.64452327605715,,,,dc
evening_peak,sub_osm_13_F1_B1,,,-20.00253879843077,,,,dc
evening_peak,sub_osm_13_F1_B2,,,-20.26596279837942,,,,dc
evening_peak,sub_osm_13_F1_B3,,,-20.36498059185089,,,,dc
evening_peak,sub_osm_13_F1_B4,,,-20.59992102764278,,,,dc
evening_peak,sub_osm_13_F1_B5,,,-20.706218173679503,,,,dc
evening_peak,sub_osm_13_F2_B0,,,-19.64452327605715,,,,dc
evening_peak,sub_osm_13_F2_B1,,,-19.990884634540176,,,,dc
evening_peak,sub_osm_13_F2_B2,,,-20.04834432555408,,,,dc
evening_peak,sub_osm_13_F2_B3,,,-20.160898681741557,,,,dc
evening_peak,sub_osm_13_F2_B4,,,-20.217813414482944,,,,dc
evening_peak,sub_osm_13_F2_B5,,,-20.242327973435632,,,,dc
evening_peak,sub_osm_13_F3_B0,,,-19.644523276057154,,,,dc
evening_peak,sub_osm_13_F3_B1,,,-19.858340069558665,,,,dc
evening_peak,sub_osm_13_F3_B2,,,-19.931881489292167,,,,dc
evening_peak,sub_osm_13_F3_B3,,,-19.96633828874606,,,,dc
evening_peak,sub_osm_13_F3_B4,,,-20.07611134857234,,,,dc
evening_peak,sub_osm_13_F3_B5,,,-20.08799174371222,,,,dc
evening_peak,sub_milagro_substation_104_F0_B0,,,-0.03772394084264798,,,,dc
evening_peak,sub_milagro_substation_104_F0_B1,,,-0.37059125560902434,,,,dc
evening_peak,sub_milagro_substation_104_F0_B2,,,-0.6836217537667157,,,,dc
evening_peak,sub_milagro_substation_104_F0_B3,,,-0.906590898245085,,,,dc
evening_peak,sub_milagro_substation_104_F0_B4,,,-0.9748204108253192,,,,dc
evening_peak,sub_milagro_substation_104_F0_B5,,,-1.0628776657733858,,,,dc
evening_peak,sub_milagro_substation_104_F1_B0,,,-0.03772394084264808,,,,dc
evening_peak,sub_milagro_substation_104_F1_B1,,,-0.2006665885797066,,,,dc
evening_peak,sub_milagro_substation_104_F1_B2,,,-0.5536003813224443,,,,dc
evening_peak,sub_milagro_substation_104_F1_B3,,,-0.7195750727562327,,,,dc
evening_peak,sub_milagro_substation_104_F1_B4,,,-0.8062143478818518,,,,dc
evening_peak,sub_milagro_substation_104_F1_B5,,,-0.8339092170470889,,,,dc
evening_peak,sub_milagro_substation_104_F2_B0,,,-0.03772394084264805,,,,dc
evening_peak,sub_milagro_substation_104_F2_B1,,,-0.15619182899987089,,,,dc
evening_peak,sub_milagro_substation_104_F2_B2,,,-0.41082123420547273,,,,dc
evening_peak,sub_milagro_substation_104_F2_B3,,,-0.8801150390117509,,,,dc
evening_peak,sub_milagro_substation_104_F2_B4,,,-1.1301516555734619,,,,dc
evening_peak,sub_milagro_substation_104_F2_B5,,,-1.278964161806562,,,,dc
evening_peak,sub_milagro_substation_104_F3_B0,,,-0.037723940842648046,,,,dc
evening_peak,sub_milagro_substation_104_F3_B1,,,-0.23063405904779952,,,,dc
evening_peak,sub_milagro_substation_104_F3_B2,,,-0.43338684658312115,,,,dc
evening_peak,sub_milagro_substation_104_F3_B3,,,-0.72429726071299,,,,dc
evening_peak,sub_milagro_substation_104_F3_B4,,,-0.9389455486295092,,,,dc
evening_peak,sub_milagro_substation_104_F3_B5,,,-0.9633981013483308,,,,dc
evening_peak,sub_babatngon_substation_20_F0_B0,,,-0.46046813338441606,,,,dc
evening_peak,sub_babatngon_substation_20_F0_B1,,,-0.49337055470482893,,,,dc
evening_peak,sub_babatngon_substation_20_F0_B2,,,-0.5503240224074419,,,,dc
evening_peak,sub_babatngon_substation_20_F0_B3,,,-0.5529822371819755,,,,dc
evening_peak,sub_babatngon_substation_20_F1_B0,,,-0.5107664218614932,,,,dc
evening_peak,sub_babatngon_substation_20_F1_B1,,,-0.5926365442124517,,,,dc
evening_peak,sub_babatngon_substation_20_F1_B2,,,-0.7198403775190523,,,,dc
evening_peak,sub_babatngon_substation_20_F1_B3,,,-0.8089353619740828,,,,dc
evening_peak,sub_babatngon_substation_20_F1_B4,,,-0.8452990022543053,,,,dc
evening_peak,sub_babatngon_substation_20_F1_B5,,,-0.8845086299843093,,,,dc
evening_peak,sub_babatngon_substation_20_F2_B0,,,-0.5107664218614929,,,,dc
evening_peak,sub_babatngon_substation_20_F2_B1,,,-0.755403814683836,,,,dc
evening_peak,sub_babatngon_substation_20_F2_B2,,,-0.8076617263714572,,,,dc
evening_peak,sub_babatngon_substation_20_F2_B3,,,-1.0531666553275252,,,,dc
evening_peak,sub_babatngon_substation_20_F2_B4,,,-1.1992531388431344,,,,dc
evening_peak,sub_babatngon_substation_20_F2_B5,,,-1.284655951902159,,,,dc
evening_peak,sub_babatngon_substation_20_F3_B0,,,-0.5107664218614935,,,,dc
evening_peak,sub_babatngon_substation_20_F3_B1,,,-0.5737675516640816,,,,dc
evening_peak,sub_babatngon_substation_20_F3_B2,,,-0.7290542323610054,,,,dc
evening_peak,sub_babatngon_substation_20_F3_B3,,,-0.8284559389649931,,,,dc
evening_peak,sub_babatngon_substation_20_F3_B4,,,-1.225792651433806,,,,dc
evening_peak,sub_babatngon_substation_20_F3_B5,,,-1.3903746634523073,,,,dc
evening_peak,sub_osm_55_F0_B0,,,3.4546284183150027,,,,dc
evening_peak,sub_osm_55_F0_B1,,,3.365754897618819,,,,dc
evening_peak,sub_osm_55_F0_B2,,,2.8627255455867457,,,,dc
evening_peak,sub_osm_55_F0_B3,,,2.4283811828917323,,,,dc
evening_peak,sub_osm_55_F0_B4,,,2.189555911106798,,,,dc
evening_peak,sub_osm_55_F0_B5,,,2.0335323396020817,,,,dc
evening_peak,sub_osm_55_F1_B0,,,3.4546284183150022,,,,dc
evening_peak,sub_osm_55_F1_B1,,,3.3164369555928936,,,,dc
evening_peak,sub_osm_55_F1_B2,,,3.283969194426307,,,,dc
evening_peak,sub_osm_55_F1_B3,,,2.931093058570502,,,,dc
evening_peak,sub_osm_55_F1_B4,,,2.6813288289699266,,,,dc
evening_peak,sub_osm_55_F1_B5,,,2.585173241286687,,,,dc
evening_peak,sub_osm_55_F2_B0,,,3.454628418315002,,,,dc
evening_peak,sub_osm_55_F2_B1,,,3.4351109274393816,,,,dc
evening_peak,sub_osm_55_F2_B2,,,3.1115585967078863,,,,dc
evening_peak,sub_osm_55_F2_B3,,,3.006440838557498,,,,dc
evening_peak,sub_osm_55_F2_B4,,,2.7146608042013503,,,,dc
evening_peak,sub_osm_55_F2_B5,,,2.629866918608741,,,,dc
evening_peak,sub_osm_55_F3_B0,,,3.4546284183150027,,,,dc
evening_peak,sub_osm_55_F3_B1,,,3.0454872685588517,,,,dc
evening_peak,sub_osm_55_F3_B2,,,2.723082921749436,,,,dc
evening_peak,sub_osm_55_F3_B3,,,2.631323591345518,,,,dc
evening_peak,sub_osm_55_F3_B4,,,2.302256053513182,,,,dc
evening_peak,sub_osm_55_F3_B5,,,2.1552908809519087,,,,dc
evening_peak,sub_albuera_electrode_station_114_F0_B0,,,-0.26406668795917465,,,,dc
evening_peak,sub_albuera_electrode_station_114_F0_B1,,,-0.4348353495052265,,,,dc
evening_peak,sub_albuera_electrode_station_114_F0_B2,,,-0.6170916080839102,,,,dc
evening_peak,sub_albuera_electrode_station_114_F0_B3,,,-0.8061550386070908,,,,dc
evening_peak,sub_albuera_electrode_station_114_F0_B4,,,-0.9992824527404205,,,,dc
evening_peak,sub_albuera_electrode_station_114_F0_B5,,,-1.1273895684094912,,,,dc
evening_peak,sub_albuera_electrode_station_114_F1_B0,,,-0.26406668795917465,,,,dc
evening_peak,sub_albuera_electrode_station_114_F1_B1,,,-0.33572581035803206,,,,dc
evening_peak,sub_albuera_electrode_station_114_F1_B2,,,-0.36937335173190217,,,,dc
evening_peak,sub_albuera_electrode_station_114_F1_B3,,,-0.5224518957296176,,,,dc
evening_peak,sub_albuera_electrode_station_114_F1_B4,,,-0.8609222434779813,,,,dc
evening_peak,sub_albuera_electrode_station_114_F1_B5,,,-0.933885435239574,,,,dc
evening_peak,sub_albuera_electrode_station_114_F3_B0,,,-0.26406668795917454,,,,dc
evening_peak,sub_albuera_electrode_station_114_F3_B1,,,-0.3541923584413603,,,,dc
evening_peak,sub_albuera_electrode_station_114_F3_B2,,,-0.4770868808136289,,,,dc
evening_peak,sub_albuera_electrode_station_114_F3_B3,,,-0.7579767605830969,,,,dc
evening_peak,sub_albuera_electrode_station_114_F3_B4,,,-0.949550663242784,,,,dc
evening_peak,sub_albuera_electrode_station_114_F3_B5,,,-1.072664577876408,,,,dc
evening_peak,v1_04babatngn_F0_B0,,,-0.7865467198735571,,,,dc
evening_peak,v1_04babatngn_F0_B1,,,-0.8711993522168725,,,,dc
evening_peak,v1_04babatngn_F0_B2,,,-0.9143061529828258,,,,dc
evening_peak,v1_04babatngn_F0_B3,,,-0.9914299432302793,,,,dc
evening_peak,v1_04babatngn_F0_B4,,,-0.9963957516178353,,,,dc
evening_peak,v1_04babatngn_F0_B5,,,-1.016182631800404,,,,dc
evening_peak,v1_04babatngn_F1_B0,,,-0.7865467198735567,,,,dc
evening_peak,v1_04babatngn_F1_B1,,,-1.116489338835002,,,,dc
evening_peak,v1_04babatngn_F1_B2,,,-1.4329607473332286,,,,dc
evening_peak,v1_04babatngn_F1_B3,,,-1.7893283768766903,,,,dc
evening_peak,v1_04babatngn_F1_B4,,,-1.8690244683104935,,,,dc
evening_peak,v1_04babatngn_F1_B5,,,-1.9181837676599298,,,,dc
evening_peak,v1_04babatngn_F2_B0,,,-0.7865467198735561,,,,dc
evening_peak,v1_04babatngn_F2_B1,,,-0.8291498681584782,,,,dc
evening_peak,v1_04babatngn_F2_B2,,,-1.0631625655650296,,,,dc
evening_peak,v1_04babatngn_F2_B3,,,-1.1028719715428672,,,,dc
evening_peak,v1_04babatngn_F2_B4,,,-1.320372787907188,,,,dc
evening_peak,v1_04babatngn_F2_B5,,,-1.5063716499450293,,,,dc
evening_peak,v1_04babatngn_F3_B0,,,-0.7865467198735561,,,,dc
evening_peak,v1_04babatngn_F3_B1,,,-0.8509953715893751,,,,dc
evening_peak,v1_04babatngn_F3_B2,,,-0.98931492163727,,,,dc
evening_peak,v1_04babatngn_F3_B3,,,-1.1013470966278744,,,,dc
evening_peak,v1_04babatngn_F3_B4,,,-1.1277649239112877,,,,dc
evening_peak,v1_04babatngn_F3_B5,,,-1.2234977784881547,,,,dc
evening_peak,v1_04kananga_F0_B0,,,3.529891074782261,,,,dc
evening_peak,v1_04kananga_F0_B1,,,3.35928852828736,,,,dc
evening_peak,v1_04kananga_F0_B2,,,3.1863181406185563,,,,dc
evening_peak,v1_04kananga_F0_B3,,,2.905618369680986,,,,dc
evening_peak,v1_04kananga_F0_B4,,,2.8681082318653104,,,,dc
evening_peak,v1_04kananga_F0_B5,,,2.7245861166389718,,,,dc
evening_peak,v1_04kananga_F1_B0,,,3.529891074782264,,,,dc
evening_peak,v1_04kananga_F1_B1,,,3.27092130477506,,,,dc
evening_peak,v1_04kananga_F1_B2,,,3.1057678267876865,,,,dc
evening_peak,v1_04kananga_F1_B3,,,2.9414361850986777,,,,dc
evening_peak,v1_04kananga_F1_B4,,,2.7331692647499173,,,,dc
evening_peak,v1_04kananga_F1_B5,,,2.6840353073756673,,,,dc
evening_peak,v1_04kananga_F2_B0,,,3.5298910747819474,,,,dc
evening_peak,v1_04kananga_F2_B1,,,3.2433600134230542,,,,dc
evening_peak,v1_04kananga_F2_B2,,,2.7549332144571816,,,,dc
evening_peak,v1_04kananga_F2_B3,,,2.697155882961577,,,,dc
evening_peak,v1_04kananga_F2_B4,,,2.596497541280781,,,,dc
evening_peak,v1_04kananga_F2_B5,,,2.4722715838009175,,,,dc
evening_peak,v1_04kananga_F3_B0,,,3.529891074782261,,,,dc
evening_peak,v1_04kananga_F3_B1,,,3.248923477691651,,,,dc
evening_peak,v1_04kananga_F3_B2,,,3.072440192041065,,,,dc
evening_peak,v1_04kananga_F3_B3,,,2.9239851068300395,,,,dc
evening_peak,v1_04kananga_F3_B4,,,2.9141687080544627,,,,dc
evening_peak,v1_04kananga_F3_B5,,,2.7855534652629697,,,,dc
evening_peak,v1_04tongona_F0_B0,,,8.718044785495998,,,,dc
evening_peak,v1_04tongona_F0_B1,,,8.3335017985068,,,,dc
evening_peak,v1_04tongona_F0_B2,,,8.018624568602931,,,,dc
evening_peak,v1_04tongona_F0_B3,,,7.817329563109637,,,,dc
evening_peak,v1_04tongona_F0_B4,,,7.629791511235017,,,,dc
evening_peak,v1_04tongona_F0_B5,,,7.616746780601578,,,,dc
evening_peak,v1_04tongona_F1_B0,,,8.7180447854962,,,,dc
evening_peak,v1_04tongona_F1_B1,,,8.56858628339347,,,,dc
evening_peak,v1_04tongona_F1_B2,,,8.12250351889392,,,,dc
evening_peak,v1_04tongona_F1_B3,,,8.069009384564914,,,,dc
evening_peak,v1_04tongona_F1_B4,,,7.911751992570144,,,,dc
evening_peak,v1_04tongona_F1_B5,,,7.823957650132566,,,,dc
evening_peak,v1_04tongona_F2_B0,,,8.7180447854962,,,,dc
evening_peak,v1_04tongona_F2_B1,,,8.466885028198403,,,,dc
evening_peak,v1_04tongona_F2_B2,,,8.454710823339619,,,,dc
evening_peak,v1_04tongona_F2_B3,,,8.11517807572153,,,,dc
evening_peak,v1_04tongona_F2_B4,,,7.791316023809326,,,,dc
evening_peak,v1_04tongona_F2_B5,,,7.646688101237713,,,,dc
evening_peak,v1_04tongona_F3_B0,,,8.7180447854962,,,,dc
evening_peak,v1_04tongona_F3_B1,,,8.52830554455572,,,,dc
evening_peak,v1_04tongona_F3_B2,,,8.376259968517724,,,,dc
evening_peak,v1_04tongona_F3_B3,,,8.236201663633826,,,,dc
evening_peak,v1_04tongona_F3_B4,,,7.852235414489719,,,,dc
evening_peak,v1_04tongona_F3_B5,,,7.667272074526633,,,,dc
evening_peak,v1_04babatngn69_F0_B0,,,-3.2763045294641935,,,,dc
evening_peak,v1_04babatngn69_F0_B1,,,-3.64714760989389,,,,dc
evening_peak,v1_04babatngn69_F0_B2,,,-3.6770021657145193,,,,dc
evening_peak,v1_04babatngn69_F0_B3,,,-3.6877338719503836,,,,dc
evening_peak,v1_04babatngn69_F0_B4,,,-3.718002412772856,,,,dc
evening_peak,v1_04babatngn69_F0_B5,,,-3.7356422467669255,,,,dc
evening_peak,v1_04babatngn69_F1_B0,,,-3.2763045294641886,,,,dc
evening_peak,v1_04babatngn69_F1_B1,,,-3.604252379678866,,,,dc
evening_peak,v1_04babatngn69_F1_B2,,,-3.7873873686462174,,,,dc
evening_peak,v1_04babatngn69_F1_B3,,,-4.166011239643809,,,,dc
evening_peak,v1_04babatngn69_F1_B4,,,-4.411150937071893,,,,dc
evening_peak,v1_04babatngn69_F1_B5,,,-4.4209966406050585,,,,dc
evening_peak,v1_04babatngn69_F2_B0,,,-3.2763045294641886,,,,dc
evening_peak,v1_04babatngn69_F2_B1,,,-3.38393111893572,,,,dc
evening_peak,v1_04babatngn69_F2_B2,,,-3.6593075178164267,,,,dc
evening_peak,v1_04babatngn69_F2_B3,,,-3.8110514649502045,,,,dc
evening_peak,v1_04babatngn69_F2_B4,,,-4.08918787675288,,,,dc
evening_peak,v1_04babatngn69_F2_B5,,,-4.2712897196771165,,,,dc
evening_peak,v1_04babatngn69_F3_B0,,,-3.276304529464191,,,,dc
evening_peak,v1_04babatngn69_F3_B1,,,-3.323088180885744,,,,dc
evening_peak,v1_04babatngn69_F3_B2,,,-3.3777711029217232,,,,dc
evening_peak,v1_04babatngn69_F3_B3,,,-3.777888816715697,,,,dc
evening_peak,v1_04babatngn69_F3_B4,,,-3.966758134532712,,,,dc
evening_peak,v1_04babatngn69_F3_B5,,,-3.981937198627717,,,,dc
evening_peak,v1_04palo_F0_B0,,,-4.516492337587835,,,,dc
evening_peak,v1_04palo_F0_B1,,,-4.693966893074469,,,,dc
evening_peak,v1_04palo_F0_B2,,,-4.763444294141113,,,,dc
evening_peak,v1_04palo_F0_B3,,,-4.847658049621611,,,,dc
evening_peak,v1_04palo_F0_B4,,,-4.9163334860204095,,,,dc
evening_peak,v1_04palo_F0_B5,,,-4.931193638432867,,,,dc
evening_peak,v1_04palo_F1_B0,,,-4.516492337587837,,,,dc
evening_peak,v1_04palo_F1_B1,,,-4.836585828115679,,,,dc
evening_peak,v1_04palo_F1_B2,,,-4.943759588834874,,,,dc
evening_peak,v1_04palo_F1_B3,,,-5.352951119599968,,,,dc
evening_peak,v1_04palo_F1_B4,,,-5.753981815599243,,,,dc
evening_peak,v1_04palo_F1_B5,,,-5.920742101718744,,,,dc
evening_peak,v1_04palo_F2_B0,,,-4.516492337587834,,,,dc
evening_peak,v1_04palo_F2_B1,,,-4.756383724119052,,,,dc
evening_peak,v1_04palo_F2_B2,,,-4.897972867827497,,,,dc
evening_peak,v1_04palo_F2_B3,,,-4.991619270912035,,,,dc
evening_peak,v1_04palo_F2_B4,,,-5.0051120522306745,,,,dc
evening_peak,v1_04palo_F2_B5,,,-5.188125739865456,,,,dc
evening_peak,v1_04palo_F3_B0,,,-4.516492337587836,,,,dc
evening_peak,v1_04palo_F3_B1,,,-4.769347376319357,,,,dc
evening_peak,v1_04palo_F3_B2,,,-4.949435196730856,,,,dc
evening_peak,v1_04palo_F3_B3,,,-5.044771883307186,,,,dc
evening_peak,v1_04palo_F3_B4,,,-5.064810748111918,,,,dc
evening_peak,v1_04palo_F3_B5,,,-5.0742685248182084,,,,dc
evening_peak,v1_04tolosa_F1_B0,,,-4.7980120120802985,,,,dc
evening_peak,v1_04tolosa_F1_B1,,,-5.0686227600140334,,,,dc
evening_peak,v1_04tolosa_F1_B2,,,-5.203321206764561,,,,dc
evening_peak,v1_04tolosa_F1_B3,,,-5.524618865252167,,,,dc
evening_peak,v1_04tolosa_F1_B4,,,-5.552205681356526,,,,dc
evening_peak,v1_04tolosa_F1_B5,,,-5.702656067817532,,,,dc
evening_peak,v1_04tolosa_F2_B0,,,-4.798012012080292,,,,dc
evening_peak,v1_04tolosa_F2_B1,,,-5.188637911058988,,,,dc
evening_peak,v1_04tolosa_F2_B2,,,-5.269057077079025,,,,dc
evening_peak,v1_04tolosa_F2_B3,,,-5.513761654397568,,,,dc
evening_peak,v1_04tolosa_F2_B4,,,-5.752440741155379,,,,dc
evening_peak,v1_04tolosa_F2_B5,,,-5.87742800694744,,,,dc
evening_peak,v1_04tolosa_F3_B0,,,-4.798012012080295,,,,dc
evening_peak,v1_04tolosa_F3_B1,,,-4.898367120265437,,,,dc
evening_peak,v1_04tolosa_F3_B2,,,-5.135663425284844,,,,dc
evening_peak,v1_04tolosa_F3_B3,,,-5.1716331115470755,,,,dc
evening_peak,v1_04tolosa_F3_B4,,,-5.29808388798772,,,,dc
evening_peak,v1_04tolosa_F3_B5,,,-5.35746208075017,,,,dc
evening_peak,v1_04tunga_F0_B0,,,-4.070556705732355,,,,dc
evening_peak,v1_04tunga_F0_B1,,,-4.197146040891549,,,,dc
evening_peak,v1_04tunga_F0_B2,,,-4.5966465410004265,,,,dc
evening_peak,v1_04tunga_F0_B3,,,-4.842234827288159,,,,dc
evening_peak,v1_04tunga_F0_B4,,,-5.078193255714006,,,,dc
evening_peak,v1_04tunga_F0_B5,,,-5.168591096741218,,,,dc
evening_peak,v1_04tunga_F1_B0,,,-4.070556705732354,,,,dc
evening_peak,v1_04tunga_F1_B1,,,-4.244506510410706,,,,dc
evening_peak,v1_04tunga_F1_B2,,,-4.7349362249816185,,,,dc
evening_peak,v1_04tunga_F1_B3,,,-4.892583782900658,,,,dc
evening_peak,v1_04tunga_F1_B4,,,-5.154160820540941,,,,dc
evening_peak,v1_04tunga_F1_B5,,,-5.30730862715947,,,,dc
evening_peak,v1_04tunga_F2_B0,,,-4.0705567057323515,,,,dc
evening_peak,v1_04tunga_F2_B1,,,-4.211133075837216,,,,dc
evening_peak,v1_04tunga_F2_B2,,,-4.297911920938807,,,,dc
evening_peak,v1_04tunga_F2_B3,,,-4.721881661914384,,,,dc
evening_peak,v1_04tunga_F2_B4,,,-4.822165651499904,,,,dc
evening_peak,v1_04tunga_F2_B5,,,-4.930910724489989,,,,dc
evening_peak,v1_04tunga_F3_B0,,,-4.070556705732351,,,,dc
evening_peak,v1_04tunga_F3_B1,,,-4.4757437320526305,,,,dc
evening_peak,v1_04tunga_F3_B2,,,-4.756626541243873,,,,dc
evening_peak,v1_04tunga_F3_B3,,,-4.981951095631111,,,,dc
evening_peak,v1_04tunga_F3_B4,,,-5.115944836679848,,,,dc
evening_peak,v1_04tunga_F3_B5,,,-5.137354075636214,,,,dc
evening_peak,v1_04talisayan_F0_B0,,,-17.548943089045988,,,,dc
evening_peak,v1_04talisayan_F0_B1,,,-17.75923821360789,,,,dc
evening_peak,v1_04talisayan_F0_B2,,,-18.038515013062238,,,,dc
evening_peak,v1_04talisayan_F0_B3,,,-18.295856232224015,,,,dc
evening_peak,v1_04talisayan_F0_B4,,,-18.53143070141228,,,,dc
evening_peak,v1_04talisayan_F0_B5,,,-18.645697727763938,,,,dc
evening_peak,v1_04talisayan_F1_B0,,,-17.548943089045995,,,,dc
evening_peak,v1_04talisayan_F1_B1,,,-17.71844355239819,,,,dc
evening_peak,v1_04talisayan_F1_B2,,,-17.76029870028478,,,,dc
evening_peak,v1_04talisayan_F1_B3,,,-17.861583438145523,,,,dc
evening_peak,v1_04talisayan_F1_B4,,,-18.215860252642265,,,,dc
evening_peak,v1_04talisayan_F1_B5,,,-18.28894146647524,,,,dc
evening_peak,v1_04talisayan_F2_B0,,,-17.29745662667705,,,,dc
evening_peak,v1_04talisayan_F2_B1,,,-17.311112619880376,,,,dc
evening_peak,v1_04talisayan_F3_B0,,,-17.548943089045984,,,,dc
evening_peak,v1_04talisayan_F3_B1,,,-17.59847351241103,,,,dc
evening_peak,v1_04talisayan_F3_B2,,,-17.863642826188183,,,,dc
evening_peak,v1_04talisayan_F3_B3,,,-18.11728946980795,,,,dc
evening_peak,v1_04talisayan_F3_B4,,,-18.23516091371351,,,,dc
evening_peak,v1_04talisayan_F3_B5,,,-18.38686161978284,,,,dc
evening_peak,v1_04sanagustinl_F0_B0,,,-15.631986332598524,,,,dc
evening_peak,v1_04sanagustinl_F0_B1,,,-16.069806727841282,,,,dc
evening_peak,v1_04sanagustinl_F0_B2,,,-16.252072614692633,,,,dc
evening_peak,v1_04sanagustinl_F0_B3,,,-16.5308234275287,,,,dc
evening_peak,v1_04sanagustinl_F0_B4,,,-16.71836387230214,,,,dc
evening_peak,v1_04sanagustinl_F0_B5,,,-16.764386768879863,,,,dc
evening_peak,v1_04sanagustinl_F1_B0,,,-15.631986332598517,,,,dc
evening_peak,v1_04sanagustinl_F1_B1,,,-15.87322263472572,,,,dc
evening_peak,v1_04sanagustinl_F1_B2,,,-16.15135236276236,,,,dc
evening_peak,v1_04sanagustinl_F1_B3,,,-16.32435277687964,,,,dc
evening_peak,v1_04sanagustinl_F1_B4,,,-16.395412356676026,,,,dc
evening_peak,v1_04sanagustinl_F1_B5,,,-16.43280494872109,,,,dc
evening_peak,v1_04sanagustinl_F3_B0,,,-15.631986332598556,,,,dc
evening_peak,v1_04sanagustinl_F3_B1,,,-15.89273816104803,,,,dc
evening_peak,v1_04sanagustinl_F3_B2,,,-16.047098058004682,,,,dc
evening_peak,v1_04sanagustinl_F3_B3,,,-16.131011843835395,,,,dc
evening_peak,v1_04sanagustinl_F3_B4,,,-16.38430311924158,,,,dc
evening_peak,v1_04sanagustinl_F3_B5,,,-16.527169572170276,,,,dc
evening_peak,v1_04baybay_F0_B0,,,-14.464806523488617,,,,dc
evening_peak,v1_04baybay_F0_B1,,,-14.708398686554236,,,,dc
evening_peak,v1_04baybay_F0_B2,,,-14.862504240575811,,,,dc
evening_peak,v1_04baybay_F0_B3,,,-14.894007153605987,,,,dc
evening_peak,v1_04baybay_F0_B4,,,-15.306100387442761,,,,dc
evening_peak,v1_04baybay_F0_B5,,,-15.407500018562079,,,,dc
evening_peak,v1_04baybay_F1_B0,,,-14.464806523488614,,,,dc
evening_peak,v1_04baybay_F1_B1,,,-14.711836755397597,,,,dc
evening_peak,v1_04baybay_F1_B2,,,-14.799302997041945,,,,dc
evening_peak,v1_04baybay_F1_B3,,,-14.987397386665538,,,,dc
evening_peak,v1_04baybay_F1_B4,,,-15.140238445455006,,,,dc
evening_peak,v1_04baybay_F1_B5,,,-15.185472974069853,,,,dc
evening_peak,v1_04baybay_F3_B0,,,-14.464806523488612,,,,dc
evening_peak,v1_04baybay_F3_B1,,,-14.703344534051299,,,,dc
evening_peak,v1_04baybay_F3_B2,,,-14.8472885938188,,,,dc
evening_peak,v1_04baybay_F3_B3,,,-14.995929762350842,,,,dc
evening_peak,v1_04baybay_F3_B4,,,-15.237579637238476,,,,dc
evening_peak,v1_04baybay_F3_B5,,,-15.297990966748536,,,,dc
evening_peak,v1_04javier_F0_B0,,,-15.19707090744156,,,,dc
evening_peak,v1_04javier_F0_B1,,,-15.247926948953282,,,,dc
evening_peak,v1_04javier_F0_B2,,,-15.255089509007817,,,,dc
evening_peak,v1_04javier_F0_B3,,,-15.680940582542737,,,,dc
evening_peak,v1_04javier_F0_B4,,,-15.745174392196228,,,,dc
evening_peak,v1_04javier_F0_B5,,,-15.786057706104376,,,,dc
evening_peak,v1_04javier_F1_B0,,,-15.197070907441597,,,,dc
evening_peak,v1_04javier_F1_B1,,,-15.263877031848235,,,,dc
evening_peak,v1_04javier_F1_B2,,,-15.694551879788513,,,,dc
evening_peak,v1_04javier_F1_B3,,,-15.913900895565703,,,,dc
evening_peak,v1_04javier_F1_B4,,,-16.039857078975288,,,,dc
evening_peak,v1_04javier_F1_B5,,,-16.135978417669502,,,,dc
evening_peak,v1_04javier_F2_B0,,,-15.197070907441576,,,,dc
evening_peak,v1_04javier_F2_B1,,,-15.350442684288659,,,,dc
evening_peak,v1_04javier_F2_B2,,,-15.724846688517763,,,,dc
evening_peak,v1_04javier_F2_B3,,,-15.741953649767606,,,,dc
evening_peak,v1_04javier_F2_B4,,,-15.988745810856962,,,,dc
evening_peak,v1_04javier_F2_B5,,,-16.083502594570277,,,,dc
evening_peak,v1_04javier_F3_B0,,,-15.197070907441617,,,,dc
evening_peak,v1_04javier_F3_B1,,,-15.498640335017077,,,,dc
evening_peak,v1_04javier_F3_B2,,,-15.598416547883941,,,,dc
evening_peak,v1_04javier_F3_B3,,,-15.705510785664718,,,,dc
evening_peak,v1_04javier_F3_B4,,,-15.90164389885442,,,,dc
evening_peak,v1_04javier_F3_B5,,,-15.950119003783422,,,,dc
evening_peak,v1_04hilongos_F0_B0,,,-8.199182125638275,,,,dc
evening_peak,v1_04hilongos_F0_B1,,,-8.34805385724802,,,,dc
evening_peak,v1_04hilongos_F0_B2,,,-8.482527113901229,,,,dc
evening_peak,v1_04hilongos_F0_B3,,,-8.84719196342786,,,,dc
evening_peak,v1_04hilongos_F0_B4,,,-9.056686116790335,,,,dc
evening_peak,v1_04hilongos_F0_B5,,,-9.136127429110587,,,,dc
evening_peak,v1_04hilongos_F1_B0,,,-8.199182125638275,,,,dc
evening_peak,v1_04hilongos_F1_B1,,,-8.293643178847846,,,,dc
evening_peak,v1_04hilongos_F1_B2,,,-8.50149844041629,,,,dc
evening_peak,v1_04hilongos_F1_B3,,,-8.652315102858752,,,,dc
evening_peak,v1_04hilongos_F1_B4,,,-8.731409951409542,,,,dc
evening_peak,v1_04hilongos_F1_B5,,,-8.779592501492914,,,,dc
evening_peak,v1_04hilongos_F2_B0,,,-7.884824047677108,,,,dc
evening_peak,v1_04hilongos_F3_B0,,,-8.199182125638277,,,,dc
evening_peak,v1_04hilongos_F3_B1,,,-8.357598971724814,,,,dc
evening_peak,v1_04hilongos_F3_B2,,,-8.61895609128386,,,,dc
evening_peak,v1_04hilongos_F3_B3,,,-8.853118401206348,,,,dc
evening_peak,v1_04hilongos_F3_B4,,,-8.965682925925467,,,,dc
evening_peak,v1_04hilongos_F3_B5,,,-9.089876228764016,,,,dc
evening_peak,v1_04isabel69_F0_B0,,,-19.267278642455057,,,,dc
evening_peak,v1_04isabel69_F0_B1,,,-19.382604130737775,,,,dc
evening_peak,v1_04isabel69_F0_B2,,,-19.873166154782812,,,,dc
evening_peak,v1_04isabel69_F0_B3,,,-20.13276416362802,,,,dc
evening_peak,v1_04isabel69_F0_B4,,,-20.45383829295124,,,,dc
evening_peak,v1_04isabel69_F0_B5,,,-20.579653111711963,,,,dc
evening_peak,v1_04isabel69_F1_B0,,,-19.267278642455047,,,,dc
evening_peak,v1_04isabel69_F1_B1,,,-19.575423097531804,,,,dc
evening_peak,v1_04isabel69_F1_B2,,,-19.66719090390702,,,,dc
evening_peak,v1_04isabel69_F1_B3,,,-19.7321240787429,,,,dc
evening_peak,v1_04isabel69_F1_B4,,,-19.814756759186594,,,,dc
evening_peak,v1_04isabel69_F1_B5,,,-19.837948684092346,,,,dc
evening_peak,v1_04isabel69_F2_B0,,,-19.267278642455018,,,,dc
evening_peak,v1_04isabel69_F2_B1,,,-19.29397084343451,,,,dc
evening_peak,v1_04isabel69_F2_B2,,,-19.44179051769254,,,,dc
evening_peak,v1_04isabel69_F2_B3,,,-19.475198975700778,,,,dc
evening_peak,v1_04isabel69_F2_B4,,,-19.552124524884636,,,,dc
evening_peak,v1_04isabel69_F2_B5,,,-19.57536869439182,,,,dc
evening_peak,v1_04isabel69_F3_B0,,,-19.26727864245509,,,,dc
evening_peak,v1_04isabel69_F3_B1,,,-19.29293984875538,,,,dc
evening_peak,v1_04isabel69_F3_B2,,,-19.520230823849836,,,,dc
evening_peak,v1_04isabel69_F3_B3,,,-19.767190102880104,,,,dc
evening_peak,v1_04isabel69_F3_B4,,,-19.83271744285402,,,,dc
evening_peak,v1_04isabel69_F3_B5,,,-19.863739878084413,,,,dc
evening_peak,v1_04tabango69_F0_B0,,,3.2375830831938153,,,,dc
evening_peak,v1_04tabango69_F0_B1,,,2.877897828005488,,,,dc
evening_peak,v1_04tabango69_F0_B2,,,2.700328832504424,,,,dc
evening_peak,v1_04tabango69_F0_B3,,,2.361996708132239,,,,dc
evening_peak,v1_04tabango69_F0_B4,,,2.203995356091459,,,,dc
evening_peak,v1_04tabango69_F0_B5,,,2.1274763138625534,,,,dc
evening_peak,v1_04tabango69_F3_B0,,,3.2375830831938206,,,,dc
evening_peak,v1_04tabango69_F3_B1,,,3.124790884665346,,,,dc
evening_peak,v1_04tabango69_F3_B2,,,3.0282745885032876,,,,dc
evening_peak,v1_04tabango69_F3_B3,,,2.7867464266323014,,,,dc
evening_peak,v1_04tabango69_F3_B4,,,2.7003404805405005,,,,dc
evening_peak,v1_04tabango69_F3_B5,,,2.5870114552091747,,,,dc
evening_peak,v1_04sambulawan_F0_B0,,,2.6002875105641943,,,,dc
evening_peak,v1_04sambulawan_F0_B1,,,2.391718199465945,,,,dc
evening_peak,v1_04sambulawan_F0_B2,,,2.228665300076216,,,,dc
evening_peak,v1_04sambulawan_F0_B3,,,1.9349165895476244,,,,dc
evening_peak,v1_04sambulawan_F0_B4,,,1.6512836734967302,,,,dc
evening_peak,v1_04sambulawan_F0_B5,,,1.520708466096622,,,,dc
evening_peak,v1_04sambulawan_F1_B0,,,2.600287510564195,,,,dc
evening_peak,v1_04sambulawan_F1_B1,,,2.231966817543608,,,,dc
evening_peak,v1_04sambulawan_F1_B2,,,2.0716398581154243,,,,dc
evening_peak,v1_04sambulawan_F1_B3,,,1.778181359290476,,,,dc
evening_peak,v1_04sambulawan_F1_B4,,,1.5440386231063274,,,,dc
evening_peak,v1_04sambulawan_F1_B5,,,1.497306845105936,,,,dc
evening_peak,v1_04sambulawan_F2_B0,,,2.6002875105641956,,,,dc
evening_peak,v1_04sambulawan_F2_B1,,,2.506254060340587,,,,dc
evening_peak,v1_04sambulawan_F2_B2,,,2.41892505450117,,,,dc
evening_peak,v1_04sambulawan_F2_B3,,,2.316728782852786,,,,dc
evening_peak,v1_04sambulawan_F2_B4,,,2.036374328539756,,,,dc
evening_peak,v1_04sambulawan_F2_B5,,,1.8846158570646305,,,,dc
evening_peak,v1_04sambulawan_F3_B0,,,2.600287510564033,,,,dc
evening_peak,v1_04sambulawan_F3_B1,,,2.5066677796885255,,,,dc
evening_peak,v1_04sambulawan_F3_B2,,,2.3536483911923973,,,,dc
evening_peak,v1_04sambulawan_F3_B3,,,2.3264545409557003,,,,dc
evening_peak,v1_04sambulawan_F3_B4,,,2.3104089001581585,,,,dc
evening_peak,v1_04sambulawan_F3_B5,,,2.255275677181808,,,,dc
evening_peak,sub_cadiz_substation_56_F0_B0,,,6.929868379815608,,,,dc
evening_peak,sub_cadiz_substation_56_F0_B1,,,6.5225682944264145,,,,dc
evening_peak,sub_cadiz_substation_56_F0_B2,,,5.005152541827381,,,,dc
evening_peak,sub_cadiz_substation_56_F0_B3,,,4.882696279401992,,,,dc
evening_peak,sub_cadiz_substation_56_F0_B4,,,4.8282590206285985,,,,dc
evening_peak,sub_cadiz_substation_56_F0_B5,,,4.749659920447175,,,,dc
evening_peak,sub_cadiz_substation_56_F1_B0,,,6.929868379815671,,,,dc
evening_peak,sub_cadiz_substation_56_F1_B1,,,6.381395178520427,,,,dc
evening_peak,sub_cadiz_substation_56_F1_B2,,,5.331803778529143,,,,dc
evening_peak,sub_cadiz_substation_56_F1_B3,,,4.432338125919002,,,,dc
evening_peak,sub_cadiz_substation_56_F1_B4,,,3.776099324544096,,,,dc
evening_peak,sub_cadiz_substation_56_F1_B5,,,3.5321088030043515,,,,dc
evening_peak,sub_cadiz_substation_56_F2_B0,,,6.929868379815672,,,,dc
evening_peak,sub_cadiz_substation_56_F2_B1,,,6.5137414012529,,,,dc
evening_peak,sub_cadiz_substation_56_F2_B2,,,5.553973876026471,,,,dc
evening_peak,sub_cadiz_substation_56_F2_B3,,,4.836727952685329,,,,dc
evening_peak,sub_cadiz_substation_56_F2_B4,,,4.320758492978508,,,,dc
evening_peak,sub_cadiz_substation_56_F2_B5,,,4.235295951213559,,,,dc
evening_peak,sub_cadiz_substation_56_F3_B0,,,6.929868379815672,,,,dc
evening_peak,sub_cadiz_substation_56_F3_B1,,,5.767876313168926,,,,dc
evening_peak,sub_cadiz_substation_56_F3_B2,,,5.083888988530091,,,,dc
evening_peak,sub_cadiz_substation_56_F3_B3,,,3.3077457917876285,,,,dc
evening_peak,sub_cadiz_substation_56_F3_B4,,,2.551522194598665,,,,dc
evening_peak,sub_cadiz_substation_56_F3_B5,,,1.8130997021007087,,,,dc
evening_peak,sub_san_jose_substation_116_F0_B0,,,5.017559513229073,,,,dc
evening_peak,sub_san_jose_substation_116_F0_B1,,,4.516034086025967,,,,dc
evening_peak,sub_san_jose_substation_116_F0_B2,,,3.9765001950489465,,,,dc
evening_peak,sub_san_jose_substation_116_F0_B3,,,3.6513107317600744,,,,dc
evening_peak,sub_san_jose_substation_116_F0_B4,,,2.46649451010919,,,,dc
evening_peak,sub_san_jose_substation_116_F0_B5,,,1.9064358715977472,,,,dc
evening_peak,sub_san_jose_substation_116_F1_B0,,,5.017559513229075,,,,dc
evening_peak,sub_san_jose_substation_116_F1_B1,,,3.6383512527236745,,,,dc
evening_peak,sub_san_jose_substation_116_F1_B2,,,3.3405289509699583,,,,dc
evening_peak,sub_san_jose_substation_116_F1_B3,,,2.6599195826999487,,,,dc
evening_peak,sub_san_jose_substation_116_F1_B4,,,1.920747712447899,,,,dc
evening_peak,sub_san_jose_substation_116_F1_B5,,,1.1931161418756402,,,,dc
evening_peak,sub_san_jose_substation_116_F2_B0,,,5.017559513229075,,,,dc
evening_peak,sub_san_jose_substation_116_F2_B1,,,4.240964253682575,,,,dc
evening_peak,sub_san_jose_substation_116_F2_B2,,,3.722692389822851,,,,dc
evening_peak,sub_san_jose_substation_116_F2_B3,,,3.3152618268606413,,,,dc
evening_peak,sub_san_jose_substation_116_F2_B4,,,3.0329038704497346,,,,dc
evening_peak,sub_san_jose_substation_116_F2_B5,,,2.8283796485411505,,,,dc
evening_peak,sub_san_jose_substation_116_F3_B0,,,5.40163030634507,,,,dc
evening_peak,sub_san_jose_substation_116_F3_B1,,,5.3360543046560505,,,,dc
evening_peak,sub_cadiz_substation_96_F0_B0,,,4.082222641472773,,,,dc
evening_peak,sub_cadiz_substation_96_F0_B1,,,3.403039698825133,,,,dc
evening_peak,sub_cadiz_substation_96_F0_B2,,,2.5637788732279025,,,,dc
evening_peak,sub_cadiz_substation_96_F0_B3,,,1.8378672290056806,,,,dc
evening_peak,sub_cadiz_substation_96_F0_B4,,,0.40071431069299285,,,,dc
evening_peak,sub_cadiz_substation_96_F0_B5,,,-0.06116991833434488,,,,dc
evening_peak,sub_cadiz_substation_96_F1_B0,,,4.082222641472767,,,,dc
evening_peak,sub_cadiz_substation_96_F1_B1,,,3.944571158726021,,,,dc
evening_peak,sub_cadiz_substation_96_F1_B2,,,3.877147460521864,,,,dc
evening_peak,sub_cadiz_substation_96_F1_B3,,,3.3028106841469973,,,,dc
evening_peak,sub_cadiz_substation_96_F1_B4,,,3.198174107799369,,,,dc
evening_peak,sub_cadiz_substation_96_F1_B5,,,3.1088141257977497,,,,dc
evening_peak,sub_cadiz_substation_96_F2_B0,,,4.082222641472774,,,,dc
evening_peak,sub_cadiz_substation_96_F2_B1,,,3.2456657500576815,,,,dc
evening_peak,sub_cadiz_substation_96_F2_B2,,,2.002545968707169,,,,dc
evening_peak,sub_cadiz_substation_96_F2_B3,,,1.3058951632809808,,,,dc
evening_peak,sub_cadiz_substation_96_F2_B4,,,1.1538331058091493,,,,dc
evening_peak,sub_cadiz_substation_96_F2_B5,,,0.8214069277297051,,,,dc
evening_peak,sub_cadiz_substation_96_F3_B0,,,4.0822226414727725,,,,dc
evening_peak,sub_cadiz_substation_96_F3_B1,,,3.6177948811092637,,,,dc
evening_peak,sub_cadiz_substation_96_F3_B2,,,2.6659036123935,,,,dc
evening_peak,sub_cadiz_substation_96_F3_B3,,,2.1244174819933126,,,,dc
evening_peak,sub_cadiz_substation_96_F3_B4,,,1.222792187879219,,,,dc
evening_peak,sub_cadiz_substation_96_F3_B5,,,0.5969530779329927,,,,dc
evening_peak,sub_osm_80_F0_B0,,,12.359320676511798,,,,dc
evening_peak,sub_osm_80_F0_B1,,,11.935454513674195,,,,dc
evening_peak,sub_osm_80_F0_B2,,,11.51059559430782,,,,dc
evening_peak,sub_osm_80_F0_B3,,,11.3859803516864,,,,dc
evening_peak,sub_osm_80_F0_B4,,,10.90066540439098,,,,dc
evening_peak,sub_osm_80_F0_B5,,,10.86739446725702,,,,dc
evening_peak,sub_osm_80_F1_B0,,,12.359320676511798,,,,dc
evening_peak,sub_osm_80_F1_B1,,,11.762140955778674,,,,dc
evening_peak,sub_osm_80_F1_B2,,,10.924343168975241,,,,dc
evening_peak,sub_osm_80_F1_B3,,,10.16438339507648,,,,dc
evening_peak,sub_osm_80_F1_B4,,,9.410012529241635,,,,dc
evening_peak,sub_osm_80_F1_B5,,,8.639460482214803,,,,dc
evening_peak,sub_osm_80_F2_B0,,,12.359320676511793,,,,dc
evening_peak,sub_osm_80_F2_B1,,,10.865552250783002,,,,dc
evening_peak,sub_osm_80_F2_B2,,,10.6151352371489,,,,dc
evening_peak,sub_osm_80_F2_B3,,,9.880961441340798,,,,dc
evening_peak,sub_osm_80_F2_B4,,,9.520754625179963,,,,dc
evening_peak,sub_osm_80_F2_B5,,,8.916920718963112,,,,dc
evening_peak,sub_osm_80_F3_B0,,,12.359320676511793,,,,dc
evening_peak,sub_osm_80_F3_B1,,,11.753681183444527,,,,dc
evening_peak,sub_osm_80_F3_B2,,,11.386550204678073,,,,dc
evening_peak,sub_osm_80_F3_B3,,,10.825460457465377,,,,dc
evening_peak,sub_osm_80_F3_B4,,,10.287408830282056,,,,dc
evening_peak,sub_osm_80_F3_B5,,,9.54854499102145,,,,dc
evening_peak,sub_calatrava_cable_terminal_112_F1_B0,,,5.745969364849163,,,,dc
evening_peak,sub_calatrava_cable_terminal_112_F1_B1,,,5.211149527616565,,,,dc
evening_peak,sub_calatrava_cable_terminal_112_F1_B2,,,4.402172599049539,,,,dc
evening_peak,sub_calatrava_cable_terminal_112_F1_B3,,,2.871240599094565,,,,dc
evening_peak,sub_calatrava_cable_terminal_112_F1_B4,,,1.9780971939981824,,,,dc
evening_peak,sub_calatrava_cable_terminal_112_F1_B5,,,1.1095556130549558,,,,dc
evening_peak,sub_calatrava_cable_terminal_112_F2_B0,,,5.745969364849043,,,,dc
evening_peak,sub_calatrava_cable_terminal_112_F2_B1,,,5.437129769501933,,,,dc
evening_peak,sub_calatrava_cable_terminal_112_F2_B2,,,4.07886435939685,,,,dc
evening_peak,sub_calatrava_cable_terminal_112_F2_B3,,,3.0650372940143162,,,,dc
evening_peak,sub_calatrava_cable_terminal_112_F2_B4,,,2.5621775729676854,,,,dc
evening_peak,sub_calatrava_cable_terminal_112_F2_B5,,,2.403423933024076,,,,dc
evening_peak,sub_calatrava_cable_terminal_112_F3_B0,,,5.938005735929056,,,,dc
evening_peak,sub_calatrava_cable_terminal_112_F3_B1,,,5.9183078555245565,,,,dc
evening_peak,sub_calatrava_substation_113_F0_B0,,,5.785702073982941,,,,dc
evening_peak,sub_calatrava_substation_113_F0_B1,,,5.561068723995007,,,,dc
evening_peak,sub_calatrava_substation_113_F0_B2,,,4.2933328949267775,,,,dc
evening_peak,sub_calatrava_substation_113_F0_B3,,,4.151114738827968,,,,dc
evening_peak,sub_calatrava_substation_113_F0_B4,,,3.2744351874634248,,,,dc
evening_peak,sub_calatrava_substation_113_F0_B5,,,3.2202646838236646,,,,dc
evening_peak,sub_calatrava_substation_113_F1_B0,,,5.785702073982961,,,,dc
evening_peak,sub_calatrava_substation_113_F1_B1,,,5.510285519941892,,,,dc
evening_peak,sub_calatrava_substation_113_F1_B2,,,4.765511448042343,,,,dc
evening_peak,sub_calatrava_substation_113_F1_B3,,,3.6078614585717426,,,,dc
evening_peak,sub_calatrava_substation_113_F1_B4,,,3.547595115675724,,,,dc
evening_peak,sub_calatrava_substation_113_F1_B5,,,3.4688194579973937,,,,dc
evening_peak,sub_calatrava_substation_113_F2_B0,,,5.785702073982961,,,,dc
evening_peak,sub_calatrava_substation_113_F2_B1,,,4.347704715914673,,,,dc
evening_peak,sub_calatrava_substation_113_F2_B2,,,3.5138477779914323,,,,dc
evening_peak,sub_calatrava_substation_113_F2_B3,,,2.575937117266856,,,,dc
evening_peak,sub_calatrava_substation_113_F2_B4,,,1.3616651189110933,,,,dc
evening_peak,sub_calatrava_substation_113_F2_B5,,,0.9543962904870126,,,,dc
evening_peak,sub_calatrava_substation_113_F3_B0,,,5.977738445062853,,,,dc
evening_peak,sub_calatrava_substation_113_F3_B1,,,5.920479117792422,,,,dc
evening_peak,v1_06bacolod_F0_B0,,,10.990711637234442,,,,dc
evening_peak,v1_06bacolod_F0_B1,,,9.926852201652233,,,,dc
evening_peak,v1_06bacolod_F0_B2,,,9.083738962454293,,,,dc
evening_peak,v1_06bacolod_F0_B3,,,8.353175580921443,,,,dc
evening_peak,v1_06bacolod_F0_B4,,,7.317734231406376,,,,dc
evening_peak,v1_06bacolod_F0_B5,,,7.029750741886576,,,,dc
evening_peak,v1_06bacolod_F1_B0,,,10.990711637234439,,,,dc
evening_peak,v1_06bacolod_F1_B1,,,10.240911197170657,,,,dc
evening_peak,v1_06bacolod_F1_B2,,,9.263105545846184,,,,dc
evening_peak,v1_06bacolod_F1_B3,,,8.711729991916986,,,,dc
evening_peak,v1_06bacolod_F1_B4,,,7.977851637839708,,,,dc
evening_peak,v1_06bacolod_F1_B5,,,7.704297841410184,,,,dc
evening_peak,v1_06bacolod_F2_B0,,,10.990711637234442,,,,dc
evening_peak,v1_06bacolod_F2_B1,,,9.567726015299641,,,,dc
evening_peak,v1_06bacolod_F2_B2,,,9.076641809455031,,,,dc
evening_peak,v1_06bacolod_F2_B3,,,8.794007770556705,,,,dc
evening_peak,v1_06bacolod_F2_B4,,,8.323550778092013,,,,dc
evening_peak,v1_06bacolod_F2_B5,,,8.196380576693747,,,,dc
evening_peak,v1_06bacolod_F3_B0,,,10.990711637234442,,,,dc
evening_peak,v1_06bacolod_F3_B1,,,10.101256014372556,,,,dc
evening_peak,v1_06bacolod_F3_B2,,,9.585789806712938,,,,dc
evening_peak,v1_06bacolod_F3_B3,,,9.247414002872167,,,,dc
evening_peak,v1_06bacolod_F3_B4,,,8.818219411033077,,,,dc
evening_peak,v1_06bacolod_F3_B5,,,8.528113309228818,,,,dc
evening_peak,v1_06kabankalan_F0_B0,,,5.87055248568852,,,,dc
evening_peak,v1_06kabankalan_F0_B1,,,4.929368492739068,,,,dc
evening_peak,v1_06kabankalan_F0_B2,,,4.065519074091973,,,,dc
evening_peak,v1_06kabankalan_F0_B3,,,3.642925237194816,,,,dc
evening_peak,v1_06kabankalan_F0_B4,,,2.8306110435026715,,,,dc
evening_peak,v1_06kabankalan_F0_B5,,,2.4314477804639836,,,,dc
evening_peak,v1_06kabankalan_F1_B0,,,5.8705524856896725,,,,dc
evening_peak,v1_06kabankalan_F1_B1,,,4.8784987066081005,,,,dc
evening_peak,v1_06kabankalan_F1_B2,,,4.554259279562229,,,,dc
evening_peak,v1_06kabankalan_F1_B3,,,4.2070096293314,,,,dc
evening_peak,v1_06kabankalan_F1_B4,,,3.80171121270376,,,,dc
evening_peak,v1_06kabankalan_F1_B5,,,3.50850840149016,,,,dc
evening_peak,v1_06kabankalan_F2_B0,,,5.87055248568852,,,,dc
evening_peak,v1_06kabankalan_F2_B1,,,5.4267836556259645,,,,dc
evening_peak,v1_06kabankalan_F2_B2,,,3.9777423048114002,,,,dc
evening_peak,v1_06kabankalan_F2_B3,,,2.9581788834069678,,,,dc
evening_peak,v1_06kabankalan_F2_B4,,,2.6285980331531484,,,,dc
evening_peak,v1_06kabankalan_F2_B5,,,2.20119734593423,,,,dc
evening_peak,v1_06kabankalan_F3_B0,,,5.87055248568852,,,,dc
evening_peak,v1_06kabankalan_F3_B1,,,4.972737359079485,,,,dc
evening_peak,v1_06kabankalan_F3_B2,,,4.261301446762689,,,,dc
evening_peak,v1_06kabankalan_F3_B3,,,3.610076705962797,,,,dc
evening_peak,v1_06kabankalan_F3_B4,,,2.6291756137627518,,,,dc
evening_peak,v1_06kabankalan_F3_B5,,,2.216524868342074,,,,dc
evening_peak,sub_bio_os_cable_terminal_66_F1_B0,,,9.152665141606672,,,,dc
evening_peak,sub_bio_os_cable_terminal_66_F1_B1,,,8.599174389066398,,,,dc
evening_peak,sub_bio_os_cable_terminal_66_F1_B2,,,7.854447887208325,,,,dc
evening_peak,sub_bio_os_cable_terminal_66_F1_B3,,,7.269951296522702,,,,dc
evening_peak,sub_bio_os_cable_terminal_66_F1_B4,,,6.950244289574677,,,,dc
evening_peak,sub_bio_os_cable_terminal_66_F1_B5,,,6.807543029817968,,,,dc
evening_peak,sub_bio_os_cable_terminal_66_F2_B0,,,9.152665141606668,,,,dc
evening_peak,sub_bio_os_cable_terminal_66_F2_B1,,,8.551596019290574,,,,dc
evening_peak,sub_bio_os_cable_terminal_66_F2_B2,,,7.971347945112198,,,,dc
evening_peak,sub_bio_os_cable_terminal_66_F2_B3,,,7.146404549221486,,,,dc
evening_peak,sub_bio_os_cable_terminal_66_F2_B4,,,6.577647880065637,,,,dc
evening_peak,sub_bio_os_cable_terminal_66_F2_B5,,,6.478726539324093,,,,dc
evening_peak,sub_bio_os_cable_terminal_66_F3_B0,,,9.152665141606715,,,,dc
evening_peak,sub_bio_os_cable_terminal_66_F3_B1,,,9.050707176260625,,,,dc
evening_peak,sub_bio_os_cable_terminal_66_F3_B2,,,7.833266235940428,,,,dc
evening_peak,sub_bio_os_cable_terminal_66_F3_B3,,,7.372566326567621,,,,dc
evening_peak,sub_bio_os_cable_terminal_66_F3_B4,,,7.222954750463517,,,,dc
evening_peak,sub_bio_os_cable_terminal_66_F3_B5,,,6.9602048878707485,,,,dc
evening_peak,sub_amlan_substation_33_F0_B0,,,9.617569100128346,,,,dc
evening_peak,sub_amlan_substation_33_F1_B0,,,9.33227061138951,,,,dc
evening_peak,sub_amlan_substation_33_F1_B1,,,8.999533256620765,,,,dc
evening_peak,sub_amlan_substation_33_F1_B2,,,8.062849048934828,,,,dc
evening_peak,sub_amlan_substation_33_F1_B3,,,7.696653061337416,,,,dc
evening_peak,sub_amlan_substation_33_F1_B4,,,7.383241501597131,,,,dc
evening_peak,sub_amlan_substation_33_F1_B5,,,7.1948958156756095,,,,dc
evening_peak,sub_amlan_substation_33_F2_B0,,,9.332270611389513,,,,dc
evening_peak,sub_amlan_substation_33_F2_B1,,,9.161944823808405,,,,dc
evening_peak,sub_amlan_substation_33_F2_B2,,,8.625779449981067,,,,dc
evening_peak,sub_amlan_substation_33_F2_B3,,,7.699086803046314,,,,dc
evening_peak,sub_amlan_substation_33_F2_B4,,,7.396850820568179,,,,dc
evening_peak,sub_amlan_substation_33_F2_B5,,,7.211813581075871,,,,dc
evening_peak,sub_amlan_substation_33_F3_B0,,,9.332270611389509,,,,dc
evening_peak,sub_amlan_substation_33_F3_B1,,,8.569080180513641,,,,dc
evening_peak,sub_amlan_substation_33_F3_B2,,,8.298916652922227,,,,dc
evening_peak,sub_amlan_substation_33_F3_B3,,,7.896115908883842,,,,dc
evening_peak,sub_amlan_substation_33_F3_B4,,,7.707125861733843,,,,dc
evening_peak,sub_amlan_substation_33_F3_B5,,,7.650744716853798,,,,dc
evening_peak,v1_06mabinay_F0_B0,,,7.107203352738498,,,,dc
evening_peak,v1_06mabinay_F0_B1,,,7.017392107806819,,,,dc
evening_peak,v1_06mabinay_F0_B2,,,6.686401904078696,,,,dc
evening_peak,v1_06mabinay_F0_B3,,,6.5920699139160766,,,,dc
evening_peak,v1_06mabinay_F0_B4,,,6.218606146147907,,,,dc
evening_peak,v1_06mabinay_F0_B5,,,6.0324573072730105,,,,dc
evening_peak,v1_06mabinay_F1_B0,,,7.107203352738499,,,,dc
evening_peak,v1_06mabinay_F1_B1,,,6.564745278153796,,,,dc
evening_peak,v1_06mabinay_F1_B2,,,6.406343897157083,,,,dc
evening_peak,v1_06mabinay_F1_B3,,,6.044117466573538,,,,dc
evening_peak,v1_06mabinay_F1_B4,,,5.855411841206841,,,,dc
evening_peak,v1_06mabinay_F1_B5,,,5.7442451148642935,,,,dc
evening_peak,v1_06mabinay_F2_B0,,,7.107203352738498,,,,dc
evening_peak,v1_06mabinay_F2_B1,,,6.9205976824083075,,,,dc
evening_peak,v1_06mabinay_F2_B2,,,6.306608279715223,,,,dc
evening_peak,v1_06mabinay_F2_B3,,,6.027147240340708,,,,dc
evening_peak,v1_06mabinay_F2_B4,,,5.573227756367127,,,,dc
evening_peak,v1_06mabinay_F2_B5,,,5.33834615880698,,,,dc
evening_peak,v1_06mabinay_F3_B0,,,7.107203352738498,,,,dc
evening_peak,v1_06mabinay_F3_B1,,,6.69176516316354,,,,dc
evening_peak,v1_06mabinay_F3_B2,,,5.849016243489919,,,,dc
evening_peak,v1_06mabinay_F3_B3,,,5.348688091956519,,,,dc
evening_peak,v1_06mabinay_F3_B4,,,4.814805745289535,,,,dc
evening_peak,v1_06mabinay_F3_B5,,,4.520464889622512,,,,dc
evening_peak,v1_06pgpp1_F0_B0,,,10.43286710981655,,,,dc
evening_peak,v1_06pgpp1_F0_B1,,,9.745139455669912,,,,dc
evening_peak,v1_06pgpp1_F0_B2,,,9.333843112979274,,,,dc
evening_peak,v1_06pgpp1_F0_B3,,,8.469188637008356,,,,dc
evening_peak,v1_06pgpp1_F0_B4,,,8.239735952421235,,,,dc
evening_peak,v1_06pgpp1_F0_B5,,,7.984101398336683,,,,dc
evening_peak,v1_06pgpp1_F1_B0,,,10.432867109816554,,,,dc
evening_peak,v1_06pgpp1_F1_B1,,,10.340147805223072,,,,dc
evening_peak,v1_06pgpp1_F1_B2,,,9.850547709983385,,,,dc
evening_peak,v1_06pgpp1_F1_B3,,,9.552680952183232,,,,dc
evening_peak,v1_06pgpp1_F1_B4,,,8.82905156729745,,,,dc
evening_peak,v1_06pgpp1_F1_B5,,,8.52353349292974,,,,dc
evening_peak,v1_06pgpp1_F2_B0,,,10.432867109816552,,,,dc
evening_peak,v1_06pgpp1_F2_B1,,,9.587518154135763,,,,dc
evening_peak,v1_06pgpp1_F2_B2,,,8.94517895435133,,,,dc
evening_peak,v1_06pgpp1_F2_B3,,,8.492355264215586,,,,dc
evening_peak,v1_06pgpp1_F2_B4,,,7.9853774252337395,,,,dc
evening_peak,v1_06pgpp1_F2_B5,,,7.823732574042554,,,,dc
evening_peak,v1_06pgpp1_F3_B0,,,10.432867109816753,,,,dc
evening_peak,v1_06pgpp1_F3_B1,,,10.020288103230927,,,,dc
evening_peak,v1_06pgpp1_F3_B2,,,9.747031125459566,,,,dc
evening_peak,v1_06pgpp1_F3_B3,,,9.10146195197798,,,,dc
evening_peak,v1_06pgpp1_F3_B4,,,8.752536900522932,,,,dc
evening_peak,v1_06pgpp1_F3_B5,,,8.712097255569077,,,,dc
evening_peak,v1_06pgpp2_F0_B0,,,10.299074744215682,,,,dc
evening_peak,v1_06pgpp2_F0_B1,,,10.254515868387188,,,,dc
evening_peak,v1_06pgpp2_F0_B2,,,9.26511799213775,,,,dc
evening_peak,v1_06pgpp2_F0_B3,,,8.47004029211992,,,,dc
evening_peak,v1_06pgpp2_F0_B4,,,7.946776687386465,,,,dc
evening_peak,v1_06pgpp2_F0_B5,,,7.836932709741702,,,,dc
evening_peak,v1_06pgpp2_F1_B0,,,10.2990747442157,,,,dc
evening_peak,v1_06pgpp2_F1_B1,,,9.631246507093103,,,,dc
evening_peak,v1_06pgpp2_F1_B2,,,8.879238458932768,,,,dc
evening_peak,v1_06pgpp2_F1_B3,,,8.300425024437141,,,,dc
evening_peak,v1_06pgpp2_F1_B4,,,7.91048324180367,,,,dc
evening_peak,v1_06pgpp2_F1_B5,,,7.451401780925544,,,,dc
evening_peak,v1_06pgpp2_F2_B0,,,10.299074744216073,,,,dc
evening_peak,v1_06pgpp2_F2_B1,,,9.885312700712308,,,,dc
evening_peak,v1_06pgpp2_F2_B2,,,8.831704446902,,,,dc
evening_peak,v1_06pgpp2_F2_B3,,,8.275671273631707,,,,dc
evening_peak,v1_06pgpp2_F2_B4,,,8.055588395600681,,,,dc
evening_peak,v1_06pgpp2_F2_B5,,,7.9875423665259015,,,,dc
evening_peak,v1_06pgpp2_F3_B0,,,10.29907474421569,,,,dc
evening_peak,v1_06pgpp2_F3_B1,,,10.125644715993497,,,,dc
evening_peak,v1_06pgpp2_F3_B2,,,9.959712864942523,,,,dc
evening_peak,v1_06pgpp2_F3_B3,,,9.306669082316114,,,,dc
evening_peak,v1_06pgpp2_F3_B4,,,9.17762089674472,,,,dc
evening_peak,v1_06pgpp2_F3_B5,,,8.961953136296346,,,,dc
evening_peak,,line_0008,,,5.60232378593995e-16,3.3477107560063684e-16,-3.3477107560063684e-16,dc
evening_peak,,line_0009,,,32.64482085146424,91.03340619313913,-91.03340619313913,dc
evening_peak,,line_0013,,,19.187328900902816,32.103491948289836,-32.103491948289836,dc
evening_peak,,line_0014,,,7.891743144341698e-14,1.3204157483349558e-13,-1.3204157483349558e-13,dc
evening_peak,,line_0017,,,7.520431607359216,-26.96334315230159,26.96334315230159,dc
evening_peak,,line_0018,,,7.520431607359216,-26.96334315230159,26.96334315230159,dc
evening_peak,,line_0019,,,1.892859188630614e-12,3.1670583245482425e-12,-3.1670583245482425e-12,dc
evening_peak,,line_0029,,,2.0226085604138578e-16,-9.458804134243476e-17,9.458804134243476e-17,dc
evening_peak,,line_0031,,,38.645179141164846,-64.65960967293515,64.65960967293515,dc
evening_peak,,line_0032,,,7.151580793888053,-25.640885669157097,25.640885669157097,dc
evening_peak,,line_0033,,,7.151580793888053,-25.640885669157097,25.640885669157097,dc
evening_peak,,line_0034,,,7.151580793888053,-25.640885669157097,25.640885669157097,dc
evening_peak,,line_0035,,,6.386246282114862,10.685218727241578,-10.685218727241578,dc
evening_peak,,line_0036,,,6.386246282114862,10.685218727241578,-10.685218727241578,dc
evening_peak,,line_0037,,,6.386246282114862,10.685218727241578,-10.685218727241578,dc
evening_peak,,line_0042,,,28.258600620681868,-43.566240036180965,43.566240036180965,dc
evening_peak,,line_0043,,,6.495480098273484,-10.867984497070244,10.867984497070244,dc
evening_peak,,line_0044,,,6.495480098273484,-10.867984497070244,10.867984497070244,dc
evening_peak,,line_0045,,,6.495480098273484,-10.867984497070244,10.867984497070244,dc
evening_peak,,line_0046,,,3.2244304566850652,5.394991545651715,-5.394991545651715,dc
evening_peak,,line_0047,,,3.2244304566850652,5.394991545651715,-5.394991545651715,dc
evening_peak,,line_0050,,,1.166145440718789e-14,-1.951149165160191e-14,1.951149165160191e-14,dc
evening_peak,,line_0051,,,32.77710673660216,-54.841379310344344,54.841379310344344,dc
evening_peak,,line_0057,,,25.415717989984955,-42.524590163933404,42.524590163933404,dc
evening_peak,,line_0058,,,25.415717989984955,-42.524590163933404,42.524590163933404,dc
evening_peak,,line_0059,,,17.019335999696484,-28.476090604033303,28.476090604033303,dc
evening_peak,,line_0060,,,17.019335999696484,-28.476090604033303,28.476090604033303,dc
evening_peak,,line_0062,,,4.4867687494997056e-14,-1.7543735566647567e-13,1.7543735566647567e-13,dc
evening_peak,,line_0068,,,1.4228735049961406e-13,2.380696570481429e-13,-2.380696570481429e-13,dc
evening_peak,,line_0069,,,2.342488372277499e-13,-3.919360375108533e-13,3.919360375108533e-13,dc
evening_peak,,line_0072,,,34.038671999392974,56.95218120806663,-56.95218120806663,dc
evening_peak,,line_0073,,,18.57744437441867,31.083056895214305,-31.083056895214305,dc
evening_peak,,line_0074,,,31.63165586412055,-113.41040462427499,113.41040462427499,dc
evening_peak,,line_0075,,,3.2774169676763474e-13,-5.48364651361323e-13,5.48364651361323e-13,dc
evening_peak,,line_0076,,,2.075093256997757e-13,3.4719652752105303e-13,-3.4719652752105303e-13,dc
evening_peak,,line_0077,,,6.600925978218003,-23.66659808453899,23.66659808453899,dc
evening_peak,,line_0081,,,2.7609337803842088e-14,9.898900598794429e-14,-9.898900598794429e-14,dc
evening_peak,,line_0082,,,8.035512501578228,-12.388336958245418,12.388336958245418,dc
evening_peak,,line_0083,,,8.035512501578228,-12.388336958245418,12.388336958245418,dc
evening_peak,,line_0088,,,19.48356875119125,11.642553191489467,-11.642553191489467,dc
evening_peak,,line_0089,,,30.575950842221257,-51.158490936608125,51.158490936608125,dc
evening_peak,,line_0090,,,30.575950842221257,-51.158490936608125,51.158490936608125,dc
evening_peak,,line_0097,,,2.960240331496342e-14,-4.9529589104361485e-14,4.9529589104361485e-14,dc
evening_peak,,line_0098,,,13.3787402590233,34.376637949990055,-34.376637949990055,dc
evening_peak,,line_0099,,,13.3787402590233,34.376637949990055,-34.376637949990055,dc
evening_peak,,line_0100,,,23.97225278458912,-40.10944036176989,40.10944036176989,dc
evening_peak,,line_0101,,,107.32792299988671,179.57690357261814,-179.57690357261814,dc
evening_peak,,line_0106,,,11.561342970303906,17.82410423452595,-17.82410423452595,dc
evening_peak,,line_0107,,,28.133582586485872,-43.37349992991229,43.37349992991229,dc
evening_peak,,line_0108,,,19.43900712880907,-32.524590163934015,32.524590163934015,dc
evening_peak,,line_0109,,,19.43900712880907,-32.524590163934015,32.524590163934015,dc
evening_peak,,line_0110,,,7.902153885887733,13.221576330919486,-13.221576330919486,dc
evening_peak,,line_0111,,,37.742434523713726,-63.149172513735756,63.149172513735756,dc
evening_peak,,line_0112,,,27.08948278678964,-45.3250682792078,45.3250682792078,dc
evening_peak,,line_0114,,,8.782801272457343,-14.695041263429694,14.695041263429694,dc
evening_peak,,line_0115,,,19.483568751191278,11.642553191489487,-11.642553191489487,dc
evening_peak,,line_0118,,,1.2638327327737492e-14,7.552127643742999e-15,-7.552127643742999e-15,dc
evening_peak,,line_0119,,,1.2638327327737492e-14,7.552127643742999e-15,-7.552127643742999e-15,dc
evening_peak,,line_0121,,,6.602012278033068,-23.670492844335914,23.670492844335914,dc
evening_peak,,line_0122,,,13.202938256249944,-47.33709092887086,47.33709092887086,dc
evening_peak,,line_0124,,,8.343341772748901e-15,-2.991376014049767e-14,2.991376014049767e-14,dc
evening_peak,,line_0125,,,8.343341772748901e-15,-2.991376014049767e-14,2.991376014049767e-14,dc
evening_peak,,line_0128,,,0.3471086774281182,-2.5250814332248552,2.5250814332248552,dc
evening_peak,,line_0129,,,0.3471086774281182,-2.5250814332248552,2.5250814332248552,dc
evening_peak,,line_0130,,,0.3471086774281182,-2.5250814332248552,2.5250814332248552,dc
evening_peak,,line_0131,,,0.3471086774281182,-2.5250814332248552,2.5250814332248552,dc
evening_peak,,line_0132,,,0.3471086774281182,-2.5250814332248552,2.5250814332248552,dc
evening_peak,,line_0133,,,0.3307178026201965,2.4058441558440067,-2.4058441558440067,dc
evening_peak,,line_0134,,,0.3307178026201965,2.4058441558440067,-2.4058441558440067,dc
evening_peak,,line_0135,,,0.3307178026201965,2.4058441558440067,-2.4058441558440067,dc
evening_peak,,line_0136,,,0.3307178026201965,2.4058441558440067,-2.4058441558440067,dc
evening_peak,,line_0137,,,0.3307178026201965,2.4058441558440067,-2.4058441558440067,dc
evening_peak,,line_0138,,,0.3307178026201965,2.4058441558440067,-2.4058441558440067,dc
evening_peak,,line_0139,,,0.3307178026201965,2.4058441558440067,-2.4058441558440067,dc
evening_peak,,line_0140,,,4.4758291038587575e-15,-2.093138121747288e-15,2.093138121747288e-15,dc
evening_peak,,line_0149,,,41.73764104552301,107.24475902287493,-107.24475902287493,dc
evening_peak,,line_0152,,,8.966426081822743,-32.14773245957739,32.14773245957739,dc
evening_peak,,line_0177,,,6.3373214599725255e-15,3.786914149636301e-15,-3.786914149636301e-15,dc
evening_peak,,line_0179,,,42.10242442786164,-25.158620689655454,25.158620689655454,dc
evening_peak,,line_0181,,,36.0817469580499,-129.36551724137544,129.36551724137544,dc
evening_peak,,line_0183,,,28.905623707525734,-48.36376458378136,48.36376458378136,dc
evening_peak,,line_0184,,,29.75749957863716,-49.789090136411104,49.789090136411104,dc
evening_peak,,line_0185,,,23.97225278458909,40.10944036176985,-40.10944036176985,dc
evening_peak,,line_0194,,,4.48321304091138,16.073866229788727,-16.073866229788727,dc
evening_peak,,line_0195,,,4.48321304091138,16.073866229788727,-16.073866229788727,dc
evening_peak,,line_0198,,,8.966426081822727,-32.147732459577334,32.147732459577334,dc
evening_peak,,line_0203,,,16.150523233246012,-57.90520049422359,57.90520049422359,dc
evening_peak,,line_0204,,,28.31628529898451,-72.75862068966424,72.75862068966424,dc
evening_peak,,line_0205,,,24.386629061424554,-87.43448275862671,87.43448275862671,dc
evening_peak,,line_0206,,,12.027248986016767,-43.12183908045897,43.12183908045897,dc
evening_peak,,line_0207,,,12.027248986016767,-43.12183908045897,43.12183908045897,dc
evening_peak,,line_0208,,,12.027248986016767,-43.12183908045897,43.12183908045897,dc
evening_peak,,line_0213,,,14.076521396293353,50.469188022075706,-50.469188022075706,dc
evening_peak,,line_0214,,,14.076521396293353,50.469188022075706,-50.469188022075706,dc
evening_peak,,line_synth_01113,,,62.1017612919093,4.453124999999988,-4.453124999999988,dc
evening_peak,,line_synth_01114,,,49.681409033527515,3.562499999999995,-3.562499999999995,dc
evening_peak,,line_synth_01115,,,37.261056775145676,2.671874999999999,-2.671874999999999,dc
evening_peak,,line_synth_01116,,,24.84070451676379,1.7812499999999998,-1.7812499999999998,dc
evening_peak,,line_synth_01117,,,12.42035225838188,0.890624999999999,-0.890624999999999,dc
evening_peak,,line_synth_01119,,,62.1017612919096,4.453125000000008,-4.453125000000008,dc
evening_peak,,line_synth_01120,,,49.68140903352774,3.562500000000012,-3.562500000000012,dc
evening_peak,,line_synth_01121,,,37.261056775145825,2.6718750000000098,-2.6718750000000098,dc
evening_peak,,line_synth_01122,,,24.840704516763942,1.7812500000000109,-1.7812500000000109,dc
evening_peak,,line_synth_01123,,,12.420352258381907,0.8906250000000008,-0.8906250000000008,dc
evening_peak,,line_synth_01125,,,62.10176129190968,4.453125000000015,-4.453125000000015,dc
evening_peak,,line_synth_01126,,,49.68140903352777,3.5625000000000133,-3.5625000000000133,dc
evening_peak,,line_synth_01127,,,37.2610567751458,2.6718750000000084,-2.6718750000000084,dc
evening_peak,,line_synth_01128,,,24.840704516763928,1.7812500000000098,-1.7812500000000098,dc
evening_peak,,line_synth_01129,,,12.420352258381916,0.8906250000000016,-0.8906250000000016,dc
evening_peak,,line_synth_01131,,,62.101761291910165,4.453125000000049,-4.453125000000049,dc
evening_peak,,line_synth_01132,,,49.6814090335283,3.562500000000051,-3.562500000000051,dc
evening_peak,,line_synth_01133,,,37.26105677514621,2.6718750000000373,-2.6718750000000373,dc
evening_peak,,line_synth_01134,,,24.840704516764404,1.781250000000044,-1.781250000000044,dc
evening_peak,,line_synth_01135,,,12.420352258381886,0.8906249999999993,-0.8906249999999993,dc
evening_peak,,line_synth_01971,,,65.23821388241002,4.678030303030308,-4.678030303030308,dc
evening_peak,,line_synth_01972,,,52.190571105927994,3.7424242424242444,-3.7424242424242444,dc
evening_peak,,line_synth_01973,,,39.142928329446,2.806818181818184,-2.806818181818184,dc
evening_peak,,line_synth_01974,,,26.095285552963922,1.8712121212121169,-1.8712121212121169,dc
evening_peak,,line_synth_01975,,,13.047642776481968,0.9356060606060589,-0.9356060606060589,dc
evening_peak,,line_synth_01977,,,65.23821388241007,4.678030303030311,-4.678030303030311,dc
evening_peak,,line_synth_01978,,,52.19057110592805,3.742424242424248,-3.742424242424248,dc
evening_peak,,line_synth_01979,,,39.14292832944606,2.806818181818188,-2.806818181818188,dc
evening_peak,,line_synth_01980,,,26.095285552964032,1.8712121212121247,-1.8712121212121247,dc
evening_peak,,line_synth_01981,,,13.047642776482016,0.9356060606060623,-0.9356060606060623,dc
evening_peak,,line_synth_01983,,,65.23821388241004,4.678030303030309,-4.678030303030309,dc
evening_peak,,line_synth_01984,,,52.19057110592804,3.7424242424242475,-3.7424242424242475,dc
evening_peak,,line_synth_01985,,,39.142928329446,2.806818181818184,-2.806818181818184,dc
evening_peak,,line_synth_01986,,,26.095285552964032,1.8712121212121247,-1.8712121212121247,dc
evening_peak,,line_synth_01987,,,13.047642776482016,0.9356060606060624,-0.9356060606060624,dc
evening_peak,,line_synth_02013,,,40.011873047136355,2.869127516778527,-2.869127516778527,dc
evening_peak,,line_synth_02014,,,32.00949843770913,2.2953020134228246,-2.2953020134228246,dc
evening_peak,,line_synth_02015,,,24.007123828281777,1.7214765100671137,-1.7214765100671137,dc
evening_peak,,line_synth_02016,,,16.00474921885452,1.1476510067114094,-1.1476510067114094,dc
evening_peak,,line_synth_02017,,,8.002374609427266,0.5738255033557049,-0.5738255033557049,dc
evening_peak,,line_synth_02019,,,40.011873047135104,2.869127516778437,-2.869127516778437,dc
evening_peak,,line_synth_02020,,,32.0094984377079,2.2953020134227367,-2.2953020134227367,dc
evening_peak,,line_synth_02021,,,24.007123828280594,1.7214765100670288,-1.7214765100670288,dc
evening_peak,,line_synth_02022,,,16.00474921885339,1.1476510067113281,-1.1476510067113281,dc
evening_peak,,line_synth_02023,,,8.0023746094273,0.5738255033557074,-0.5738255033557074,dc
evening_peak,,line_synth_02025,,,40.01187304713652,2.869127516778539,-2.869127516778539,dc
evening_peak,,line_synth_02026,,,32.0094984377092,2.2953020134228295,-2.2953020134228295,dc
evening_peak,,line_synth_02027,,,24.00712382828192,1.7214765100671234,-1.7214765100671234,dc
evening_peak,,line_synth_02028,,,16.00474921885457,1.1476510067114127,-1.1476510067114127,dc
evening_peak,,line_synth_02029,,,8.002374609427278,0.5738255033557058,-0.5738255033557058,dc
evening_peak,,line_synth_02031,,,40.011873047136326,2.869127516778525,-2.869127516778525,dc
evening_peak,,line_synth_02032,,,32.00949843770909,2.2953020134228224,-2.2953020134228224,dc
evening_peak,,line_synth_02033,,,24.007123828281838,1.721476510067118,-1.721476510067118,dc
evening_peak,,line_synth_02034,,,16.0047492188546,1.1476510067114147,-1.1476510067114147,dc
evening_peak,,line_synth_02035,,,8.002374609427259,0.5738255033557045,-0.5738255033557045,dc
evening_peak,,line_synth_02037,,,40.01187304713643,2.8691275167785326,-2.8691275167785326,dc
evening_peak,,line_synth_02038,,,32.00949843770915,2.2953020134228264,-2.2953020134228264,dc
evening_peak,,line_synth_02039,,,24.00712382828185,1.7214765100671185,-1.7214765100671185,dc
evening_peak,,line_synth_02040,,,16.00474921885457,1.1476510067114127,-1.1476510067114127,dc
evening_peak,,line_synth_02041,,,8.002374609427306,0.5738255033557079,-0.5738255033557079,dc
evening_peak,,line_synth_02043,,,40.011873047136675,2.86912751677855,-2.86912751677855,dc
evening_peak,,line_synth_02044,,,32.0094984377094,2.295302013422844,-2.295302013422844,dc
evening_peak,,line_synth_02045,,,24.007123828282126,1.7214765100671385,-1.7214765100671385,dc
evening_peak,,line_synth_02046,,,16.004749218854574,1.1476510067114132,-1.1476510067114132,dc
evening_peak,,line_synth_02047,,,8.00237460942728,0.573825503355706,-0.573825503355706,dc
evening_peak,,line_synth_02049,,,40.011873047136696,2.8691275167785513,-2.8691275167785513,dc
evening_peak,,line_synth_02050,,,32.00949843770939,2.2953020134228432,-2.2953020134228432,dc
evening_peak,,line_synth_02051,,,24.007123828281834,1.7214765100671177,-1.7214765100671177,dc
evening_peak,,line_synth_02052,,,16.004749218854567,1.1476510067114125,-1.1476510067114125,dc
evening_peak,,line_synth_02053,,,8.002374609427305,0.5738255033557078,-0.5738255033557078,dc
evening_peak,,line_synth_02055,,,40.011873047136625,2.869127516778546,-2.869127516778546,dc
evening_peak,,line_synth_02056,,,32.0094984377092,2.2953020134228295,-2.2953020134228295,dc
evening_peak,,line_synth_02057,,,24.00712382828185,1.7214765100671185,-1.7214765100671185,dc
evening_peak,,line_synth_02058,,,16.004749218854545,1.147651006711411,-1.147651006711411,dc
evening_peak,,line_synth_02059,,,8.002374609427257,0.5738255033557044,-0.5738255033557044,dc
evening_peak,,line_synth_02061,,,8.002374609427296,0.5738255033557071,-0.5738255033557071,dc
evening_peak,,line_synth_02063,,,40.01187304681632,2.869127516755578,-2.869127516755578,dc
evening_peak,,line_synth_02064,,,32.00949843770914,2.295302013422826,-2.295302013422826,dc
evening_peak,,line_synth_02065,,,24.0071238282816,1.721476510067101,-1.721476510067101,dc
evening_peak,,line_synth_02066,,,16.004749218854442,1.1476510067114034,-1.1476510067114034,dc
evening_peak,,line_synth_02067,,,8.002374609427223,0.573825503355702,-0.573825503355702,dc
evening_peak,,line_synth_02069,,,40.01187304713621,2.8691275167785166,-2.8691275167785166,dc
evening_peak,,line_synth_02070,,,32.00949843770907,2.29530201342282,-2.29530201342282,dc
evening_peak,,line_synth_02071,,,24.00712382828182,1.7214765100671168,-1.7214765100671168,dc
evening_peak,,line_synth_02072,,,16.004749218854464,1.1476510067114052,-1.1476510067114052,dc
evening_peak,,line_synth_02073,,,8.002374609427326,0.5738255033557094,-0.5738255033557094,dc
evening_peak,,line_synth_02184,,,54.07500302968947,3.8775510204081334,-3.8775510204081334,dc
evening_peak,,line_synth_02185,,,43.260002423751565,3.102040816326506,-3.102040816326506,dc
evening_peak,,line_synth_02186,,,32.445001817813676,2.3265306122448797,-2.3265306122448797,dc
evening_peak,,line_synth_02187,,,21.630001211875783,1.551020408163253,-1.551020408163253,dc
evening_peak,,line_synth_02188,,,10.815000605937898,0.775510204081627,-0.775510204081627,dc
evening_peak,,line_synth_02190,,,32.445001817813704,2.3265306122448814,-2.3265306122448814,dc
evening_peak,,line_synth_02191,,,21.630001211875776,1.5510204081632526,-1.5510204081632526,dc
evening_peak,,line_synth_02192,,,10.815000605937884,0.775510204081626,-0.775510204081626,dc
evening_peak,,line_synth_02194,,,10.815000605937891,0.7755102040816265,-0.7755102040816265,dc
evening_peak,,line_synth_02196,,,54.07500302968957,3.877551020408141,-3.877551020408141,dc
evening_peak,,line_synth_02197,,,43.26000242375166,3.1020408163265123,-3.1020408163265123,dc
evening_peak,,line_synth_02198,,,32.445001817813775,2.326530612244887,-2.326530612244887,dc
evening_peak,,line_synth_02199,,,21.6300012118759,1.5510204081632615,-1.5510204081632615,dc
evening_peak,,line_synth_02200,,,10.815000605937898,0.775510204081627,-0.775510204081627,dc
evening_peak,,line_synth_02202,,,54.07500302968956,3.8775510204081396,-3.8775510204081396,dc
evening_peak,,line_synth_02203,,,43.26000242375163,3.102040816326511,-3.102040816326511,dc
evening_peak,,line_synth_02204,,,32.44500181781369,2.3265306122448806,-2.3265306122448806,dc
evening_peak,,line_synth_02205,,,21.6300012118758,1.5510204081632544,-1.5510204081632544,dc
evening_peak,,line_synth_02206,,,10.815000605937884,0.7755102040816261,-0.7755102040816261,dc
evening_peak,,line_synth_02209,,,54.07500302968942,3.87755102040813,-3.87755102040813,dc
evening_peak,,line_synth_02210,,,43.26000242375155,3.1020408163265047,-3.1020408163265047,dc
evening_peak,,line_synth_02211,,,32.445001817813605,2.3265306122448743,-2.3265306122448743,dc
evening_peak,,line_synth_02212,,,21.63000121187574,1.55102040816325,-1.55102040816325,dc
evening_peak,,line_synth_02213,,,10.815000605937895,0.7755102040816269,-0.7755102040816269,dc
evening_peak,,line_synth_spur_001,,,6.9584174111397585,-11.64255319148951,11.64255319148951,dc
evening_peak,,line_synth_spur_005,,,10.652951736923596,-17.824104234527137,17.824104234527137,dc
evening_peak,,line_synth_spur_006,,,79.53113749210816,285.1465798045601,-285.1465798045601,dc
evening_peak,,line_synth_spur_007,,,18.707450470098173,-31.300578034682506,31.300578034682506,dc
evening_peak,,line_synth_spur_008,,,1.8379249584677289,-6.589595375729601,6.589595375729601,dc
evening_peak,,line_synth_spur_012,,,23.972252784584942,-40.1094403617629,40.1094403617629,dc
evening_peak,,line_synth_spur_013,,,50.831435979971054,85.04918032786873,-85.04918032786873,dc
evening_peak,,line_synth_spur_014,,,38.8780142576206,65.04918032787214,-65.04918032787214,dc
evening_peak,,line_handcoded_kabankalan_mabinay,,,15.036580152800202,-25.15862068964286,25.15862068964286,dc
evening_peak,,line_osm_inferred_0001,,,19.187328900901836,32.10349194828819,-32.10349194828819,dc
evening_peak,,line_osm_inferred_0002,,,27.089482786789475,45.32506827920752,-45.32506827920752,dc
evening_peak,,line_osm_inferred_0003,,,7.6802744713281275,12.85033633000042,-12.85033633000042,dc
evening_peak,,line_osm_inferred_0004,,,7.6802744713281275,12.85033633000042,-12.85033633000042,dc
evening_peak,,line_osm_inferred_0005,,,3.811666958607631e-15,-1.7825402251367876e-15,1.7825402251367876e-15,dc
evening_peak,,line_v1_samar_01,,,1.575181259040602e-14,9.412614202670792e-15,-9.412614202670792e-15,dc
evening_peak,,line_v1_samar_02,,,5.618768358124892e-15,-3.357537333920272e-15,3.357537333920272e-15,dc
evening_peak,,line_v1_samar_03,,,1.9815967451654043e-15,-1.1841180537451609e-15,1.1841180537451609e-15,dc
evening_peak,,line_v1_samar_04,,,7.182953250705137e-15,-4.292227792621597e-15,4.292227792621597e-15,dc
evening_peak,,line_v1_samar_05,,,7.623409251888284e-14,4.5554255921505976e-14,-4.5554255921505976e-14,dc
evening_peak,,line_v1_samar_06,,,7.958785016974468e-14,4.7558319054916086e-14,-4.7558319054916086e-14,dc
evening_peak,,line_v1_samar_07,,,0.7716814010736335,0.461124030900837,-0.461124030900837,dc
evening_peak,,line_v1_samar_08,,,0.7716814010736105,0.4611240309008232,-0.4611240309008232,dc
evening_peak,,line_v1_samar_09,,,0.7716814010736143,0.4611240309008255,-0.4611240309008255,dc
evening_peak,,line_v1_samar_10,,,0.7716814010736113,0.46112403090082377,-0.46112403090082377,dc
evening_peak,,line_v1_samar_11,,,4.734433908951884,2.8290966260066472,-2.8290966260066472,dc
evening_peak,,line_v1_samar_12,,,19.205699062646758,11.47651006712684,-11.47651006712684,dc
evening_peak,,line_v1_samar_13,,,19.205699062646758,11.47651006712684,-11.47651006712684,dc
evening_peak,,line_v1_samar_14,,,19.205699062646765,11.476510067126846,-11.476510067126846,dc
evening_peak,,line_v1_samar_17,,,13.718356473291282,-11.476510067103556,11.476510067103556,dc
evening_peak,,line_v1_leyte_01,,,19.298212063890702,11.531791907514581,-11.531791907514581,dc
evening_peak,,line_v1_leyte_02,,,8.270662313096093,4.94219653179201,-4.94219653179201,dc
evening_peak,,line_v1_leyte_03,,,11.027549750794686,6.589595375722617,-6.589595375722617,dc
evening_peak,,line_v1_leyte_04,,,22.055099501577395,-13.17919075143808,13.17919075143808,dc
evening_peak,,line_v1_leyte_05,,,31.244724293906362,-18.670520231206964,18.670520231206964,dc
evening_peak,,line_v1_leyte_06,,,39.51538660700238,-23.61271676299893,23.61271676299893,dc
evening_peak,,line_v1_leyte_07,,,11.027549750794195,6.5895953757223245,-6.5895953757223245,dc
evening_peak,,line_v1_leyte_08,,,58.81359867089251,-35.14450867051317,35.14450867051317,dc
evening_peak,,line_v1_leyte_09,,,67.54374222360491,-40.36127167629353,40.36127167629353,dc
evening_peak,,line_v1_leyte_10,,,1.8543034586955682e-14,-1.1080529920734402e-14,1.1080529920734402e-14,dc
evening_peak,,line_v1_leyte_11,,,8.38405994826243e-15,-5.0099581424123684e-15,5.0099581424123684e-15,dc
evening_peak,,line_v1_leyte_12,,,6.944577589587904e-16,4.149784621683307e-16,-4.149784621683307e-16,dc
evening_peak,,line_v1_leyte_13,,,11.027549750795878,6.58959537572333,-6.58959537572333,dc
evening_peak,,line_v1_leyte_14,,,7.092947534555489e-16,3.8145997793864935e-16,-3.8145997793864935e-16,dc
evening_peak,,line_v1_leyte_15,,,2.608033164564396e-15,-1.5584498523533109e-15,1.5584498523533109e-15,dc
evening_peak,,line_synth_redist_00045,,,33.82564019304038,2.4255319148936403,-2.4255319148936403,dc
evening_peak,,line_synth_redist_00046,,,27.060512154432324,1.9404255319149135,-1.9404255319149135,dc
evening_peak,,line_synth_redist_00047,,,20.295384115824223,1.4553191489361836,-1.4553191489361836,dc
evening_peak,,line_synth_redist_00048,,,13.530256077216146,0.9702127659574556,-0.9702127659574556,dc
evening_peak,,line_synth_redist_00049,,,6.765128038608076,0.485106382978728,-0.485106382978728,dc
evening_peak,,line_synth_redist_00051,,,33.825640193040385,2.4255319148936407,-2.4255319148936407,dc
evening_peak,,line_synth_redist_00052,,,27.060512154432313,1.9404255319149128,-1.9404255319149128,dc
evening_peak,,line_synth_redist_00053,,,20.295384115824234,1.4553191489361845,-1.4553191489361845,dc
evening_peak,,line_synth_redist_00054,,,13.530256077216157,0.9702127659574565,-0.9702127659574565,dc
evening_peak,,line_synth_redist_00055,,,6.765128038608062,0.485106382978727,-0.485106382978727,dc
evening_peak,,line_synth_redist_00057,,,33.82564019304037,2.42553191489364,-2.42553191489364,dc
evening_peak,,line_synth_redist_00058,,,27.060512154432303,1.940425531914912,-1.940425531914912,dc
evening_peak,,line_synth_redist_00059,,,20.295384115824223,1.455319148936184,-1.455319148936184,dc
evening_peak,,line_synth_redist_00060,,,13.530256077216157,0.9702127659574564,-0.9702127659574564,dc
evening_peak,,line_synth_redist_00061,,,6.765128038608081,0.48510638297872843,-0.48510638297872843,dc
evening_peak,,line_synth_redist_00063,,,33.82564019304034,2.4255319148936376,-2.4255319148936376,dc
evening_peak,,line_synth_redist_00064,,,27.060512154432264,1.9404255319149093,-1.9404255319149093,dc
evening_peak,,line_synth_redist_00065,,,20.2953841158242,1.455319148936182,-1.455319148936182,dc
evening_peak,,line_synth_redist_00066,,,13.530256077216132,0.9702127659574548,-0.9702127659574548,dc
evening_peak,,line_synth_redist_00067,,,6.765128038608072,0.48510638297872777,-0.48510638297872777,dc
evening_peak,,line_synth_redist_00070,,,33.82564019304042,2.425531914893643,-2.425531914893643,dc
evening_peak,,line_synth_redist_00071,,,27.060512154432292,1.9404255319149113,-1.9404255319149113,dc
evening_peak,,line_synth_redist_00072,,,20.295384115824223,1.4553191489361839,-1.4553191489361839,dc
evening_peak,,line_synth_redist_00073,,,13.53025607721615,0.9702127659574559,-0.9702127659574559,dc
evening_peak,,line_synth_redist_00074,,,6.765128038608077,0.4851063829787281,-0.4851063829787281,dc
evening_peak,,line_synth_redist_00076,,,33.82564019304034,2.4255319148936376,-2.4255319148936376,dc
evening_peak,,line_synth_redist_00077,,,27.06051215443229,1.940425531914911,-1.940425531914911,dc
evening_peak,,line_synth_redist_00078,,,20.295384115824252,1.4553191489361859,-1.4553191489361859,dc
evening_peak,,line_synth_redist_00079,,,13.530256077216194,0.9702127659574589,-0.9702127659574589,dc
evening_peak,,line_synth_redist_00080,,,6.765128038608076,0.485106382978728,-0.485106382978728,dc
evening_peak,,line_synth_redist_00082,,,33.825640193040385,2.4255319148936407,-2.4255319148936407,dc
evening_peak,,line_synth_redist_00083,,,27.060512154432292,1.9404255319149113,-1.9404255319149113,dc
evening_peak,,line_synth_redist_00084,,,20.295384115824216,1.4553191489361834,-1.4553191489361834,dc
evening_peak,,line_synth_redist_00085,,,13.530256077216151,0.970212765957456,-0.970212765957456,dc
evening_peak,,line_synth_redist_00086,,,6.765128038608073,0.4851063829787279,-0.4851063829787279,dc
evening_peak,,line_synth_redist_00088,,,33.82564019304045,2.4255319148936447,-2.4255319148936447,dc
evening_peak,,line_synth_redist_00089,,,27.060512154432363,1.9404255319149168,-1.9404255319149168,dc
evening_peak,,line_synth_redist_00090,,,20.29538411582429,1.4553191489361887,-1.4553191489361887,dc
evening_peak,,line_synth_redist_00091,,,13.53025607721622,0.9702127659574611,-0.9702127659574611,dc
evening_peak,,line_synth_redist_00092,,,6.765128038608076,0.485106382978728,-0.485106382978728,dc
evening_peak,,line_synth_redist_00094,,,33.8256401930404,2.4255319148936416,-2.4255319148936416,dc
evening_peak,,line_synth_redist_00095,,,27.06051215443231,1.9404255319149124,-1.9404255319149124,dc
evening_peak,,line_synth_redist_00096,,,20.295384115824223,1.455319148936184,-1.455319148936184,dc
evening_peak,,line_synth_redist_00097,,,13.530256077216166,0.970212765957457,-0.970212765957457,dc
evening_peak,,line_synth_redist_00098,,,6.76512803860807,0.48510638297872766,-0.48510638297872766,dc
evening_peak,,line_synth_redist_00100,,,33.82564019304038,2.4255319148936403,-2.4255319148936403,dc
evening_peak,,line_synth_redist_00101,,,27.060512154432303,1.9404255319149122,-1.9404255319149122,dc
evening_peak,,line_synth_redist_00102,,,20.295384115824223,1.455319148936184,-1.455319148936184,dc
evening_peak,,line_synth_redist_00103,,,13.530256077216146,0.9702127659574558,-0.9702127659574558,dc
evening_peak,,line_synth_redist_00104,,,6.765128038608075,0.48510638297872793,-0.48510638297872793,dc
evening_peak,,line_synth_redist_00106,,,33.82564019304029,2.4255319148936345,-2.4255319148936345,dc
evening_peak,,line_synth_redist_00107,,,27.06051215443226,1.940425531914909,-1.940425531914909,dc
evening_peak,,line_synth_redist_00108,,,20.295384115824213,1.455319148936183,-1.455319148936183,dc
evening_peak,,line_synth_redist_00109,,,13.530256077216112,0.9702127659574534,-0.9702127659574534,dc
evening_peak,,line_synth_redist_00110,,,6.765128038608083,0.48510638297872855,-0.48510638297872855,dc
evening_peak,,line_synth_redist_00112,,,33.8256401930404,2.4255319148936416,-2.4255319148936416,dc
evening_peak,,line_synth_redist_00113,,,27.060512154432313,1.940425531914913,-1.940425531914913,dc
evening_peak,,line_synth_redist_00114,,,20.29538411582423,1.4553191489361843,-1.4553191489361843,dc
evening_peak,,line_synth_redist_00115,,,13.530256077216126,0.9702127659574544,-0.9702127659574544,dc
evening_peak,,line_synth_redist_00116,,,6.765128038608076,0.485106382978728,-0.485106382978728,dc
evening_peak,,line_synth_redist_00118,,,33.82564019304034,2.4255319148936376,-2.4255319148936376,dc
evening_peak,,line_synth_redist_00119,,,27.06051215443225,1.9404255319149084,-1.9404255319149084,dc
evening_peak,,line_synth_redist_00120,,,20.295384115824202,1.4553191489361823,-1.4553191489361823,dc
evening_peak,,line_synth_redist_00121,,,13.530256077216096,0.9702127659574523,-0.9702127659574523,dc
evening_peak,,line_synth_redist_00122,,,6.765128038608072,0.48510638297872777,-0.48510638297872777,dc
evening_peak,,line_synth_redist_00124,,,33.82564019304035,2.4255319148936385,-2.4255319148936385,dc
evening_peak,,line_synth_redist_00125,,,27.06051215443225,1.9404255319149082,-1.9404255319149082,dc
evening_peak,,line_synth_redist_00126,,,20.29538411582414,1.455319148936178,-1.455319148936178,dc
evening_peak,,line_synth_redist_00127,,,13.530256077215968,0.9702127659574428,-0.9702127659574428,dc
evening_peak,,line_synth_redist_00128,,,6.765128038608048,0.4851063829787261,-0.4851063829787261,dc
evening_peak,,line_synth_redist_00130,,,33.82564019304029,2.4255319148936345,-2.4255319148936345,dc
evening_peak,,line_synth_redist_00131,,,27.06051215443227,1.9404255319149097,-1.9404255319149097,dc
evening_peak,,line_synth_redist_00132,,,20.295384115824223,1.4553191489361839,-1.4553191489361839,dc
evening_peak,,line_synth_redist_00133,,,13.530256077216169,0.9702127659574574,-0.9702127659574574,dc
evening_peak,,line_synth_redist_00134,,,6.7651280386080686,0.48510638297872755,-0.48510638297872755,dc
evening_peak,,line_synth_redist_00136,,,33.82564019304041,2.425531914893642,-2.425531914893642,dc
evening_peak,,line_synth_redist_00137,,,27.060512154432303,1.9404255319149122,-1.9404255319149122,dc
evening_peak,,line_synth_redist_00138,,,20.29538411582423,1.4553191489361843,-1.4553191489361843,dc
evening_peak,,line_synth_redist_00139,,,13.530256077216132,0.9702127659574546,-0.9702127659574546,dc
evening_peak,,line_synth_redist_00140,,,6.765128038608065,0.48510638297872727,-0.48510638297872727,dc
evening_peak,,line_synth_redist_00142,,,33.82564019304046,2.4255319148936465,-2.4255319148936465,dc
evening_peak,,line_synth_redist_00143,,,27.060512154432313,1.940425531914913,-1.940425531914913,dc
evening_peak,,line_synth_redist_00144,,,20.295384115824213,1.455319148936183,-1.455319148936183,dc
evening_peak,,line_synth_redist_00145,,,13.530256077216144,0.9702127659574554,-0.9702127659574554,dc
evening_peak,,line_synth_redist_00146,,,6.765128038608063,0.4851063829787272,-0.4851063829787272,dc
evening_peak,,line_synth_redist_00148,,,33.82564019304161,2.425531914893728,-2.425531914893728,dc
evening_peak,,line_synth_redist_00149,,,27.060512154433546,1.9404255319150012,-1.9404255319150012,dc
evening_peak,,line_synth_redist_00150,,,20.29538411582547,1.4553191489362733,-1.4553191489362733,dc
evening_peak,,line_synth_redist_00151,,,13.530256077217425,0.9702127659575475,-0.9702127659575475,dc
evening_peak,,line_synth_redist_00152,,,6.765128038608076,0.48510638297872805,-0.48510638297872805,dc
evening_peak,,line_synth_redist_00154,,,33.82564019303895,2.4255319148935377,-2.4255319148935377,dc
evening_peak,,line_synth_redist_00155,,,27.060512154430793,1.9404255319148036,-1.9404255319148036,dc
evening_peak,,line_synth_redist_00156,,,20.295384115824216,1.4553191489361834,-1.4553191489361834,dc
evening_peak,,line_synth_redist_00157,,,13.530256077216155,0.9702127659574562,-0.9702127659574562,dc
evening_peak,,line_synth_redist_00158,,,6.765128038608073,0.4851063829787278,-0.4851063829787278,dc
evening_peak,,line_synth_redist_00160,,,33.82564019304038,2.4255319148936403,-2.4255319148936403,dc
evening_peak,,line_synth_redist_00161,,,27.060512154432352,1.9404255319149157,-1.9404255319149157,dc
evening_peak,,line_synth_redist_00162,,,20.295384115824223,1.455319148936184,-1.455319148936184,dc
evening_peak,,line_synth_redist_00163,,,13.530256077216146,0.9702127659574556,-0.9702127659574556,dc
evening_peak,,line_synth_redist_00164,,,6.76512803860807,0.48510638297872766,-0.48510638297872766,dc
evening_peak,,line_synth_redist_00232,,,33.82564019304037,2.4255319148936394,-2.4255319148936394,dc
evening_peak,,line_synth_redist_00233,,,27.06051215443229,1.940425531914911,-1.940425531914911,dc
evening_peak,,line_synth_redist_00234,,,20.295384115824213,1.4553191489361832,-1.4553191489361832,dc
evening_peak,,line_synth_redist_00235,,,13.530256077216137,0.9702127659574551,-0.9702127659574551,dc
evening_peak,,line_synth_redist_00236,,,6.765128038608076,0.48510638297872805,-0.48510638297872805,dc
evening_peak,,line_synth_redist_00238,,,33.825640193039405,2.4255319148935706,-2.4255319148935706,dc
evening_peak,,line_synth_redist_00239,,,27.060512154431482,1.9404255319148531,-1.9404255319148531,dc
evening_peak,,line_synth_redist_00240,,,20.29538411582345,1.4553191489361283,-1.4553191489361283,dc
evening_peak,,line_synth_redist_00241,,,13.530256077215375,0.9702127659574004,-0.9702127659574004,dc
evening_peak,,line_synth_redist_00242,,,6.765128038608075,0.48510638297872793,-0.48510638297872793,dc
evening_peak,,line_synth_redist_00244,,,33.825640193040336,2.425531914893637,-2.425531914893637,dc
evening_peak,,line_synth_redist_00245,,,27.060512154432292,1.9404255319149115,-1.9404255319149115,dc
evening_peak,,line_synth_redist_00246,,,20.295384115824216,1.4553191489361834,-1.4553191489361834,dc
evening_peak,,line_synth_redist_00247,,,13.530256077216144,0.9702127659574555,-0.9702127659574555,dc
evening_peak,,line_synth_redist_00248,,,6.765128038608073,0.4851063829787278,-0.4851063829787278,dc
evening_peak,,line_synth_redist_00250,,,33.825640193040414,2.4255319148936425,-2.4255319148936425,dc
evening_peak,,line_synth_redist_00251,,,27.060512154432338,1.9404255319149146,-1.9404255319149146,dc
evening_peak,,line_synth_redist_00252,,,20.295384115824223,1.4553191489361839,-1.4553191489361839,dc
evening_peak,,line_synth_redist_00253,,,13.530256077216144,0.9702127659574555,-0.9702127659574555,dc
evening_peak,,line_synth_redist_00254,,,6.765128038608068,0.48510638297872744,-0.48510638297872744,dc
evening_peak,,line_synth_redist_00256,,,33.825640193040705,2.425531914893664,-2.425531914893664,dc
evening_peak,,line_synth_redist_00257,,,27.060512154432637,1.9404255319149364,-1.9404255319149364,dc
evening_peak,,line_synth_redist_00258,,,20.295384115824568,1.4553191489362083,-1.4553191489362083,dc
evening_peak,,line_synth_redist_00259,,,13.530256077216485,0.9702127659574801,-0.9702127659574801,dc
evening_peak,,line_synth_redist_00260,,,6.765128038608072,0.4851063829787277,-0.4851063829787277,dc
evening_peak,,line_synth_redist_00262,,,33.82564019304037,2.42553191489364,-2.42553191489364,dc
evening_peak,,line_synth_redist_00263,,,27.0605121544323,1.9404255319149117,-1.9404255319149117,dc
evening_peak,,line_synth_redist_00264,,,20.295384115824223,1.455319148936184,-1.455319148936184,dc
evening_peak,,line_synth_redist_00265,,,13.530256077216146,0.9702127659574558,-0.9702127659574558,dc
evening_peak,,line_synth_redist_00266,,,6.765128038608076,0.48510638297872805,-0.48510638297872805,dc
evening_peak,,line_synth_redist_00268,,,33.825640193040364,2.425531914893639,-2.425531914893639,dc
evening_peak,,line_synth_redist_00269,,,27.06051215443229,1.940425531914911,-1.940425531914911,dc
evening_peak,,line_synth_redist_00270,,,20.295384115824223,1.4553191489361836,-1.4553191489361836,dc
evening_peak,,line_synth_redist_00271,,,13.530256077216137,0.9702127659574551,-0.9702127659574551,dc
evening_peak,,line_synth_redist_00272,,,6.765128038608072,0.48510638297872777,-0.48510638297872777,dc
evening_peak,,line_synth_redist_00274,,,33.825640193040364,2.425531914893639,-2.425531914893639,dc
evening_peak,,line_synth_redist_00275,,,27.060512154432292,1.9404255319149115,-1.9404255319149115,dc
evening_peak,,line_synth_redist_00276,,,20.295384115824213,1.455319148936183,-1.455319148936183,dc
evening_peak,,line_synth_redist_00277,,,13.530256077216151,0.9702127659574561,-0.9702127659574561,dc
evening_peak,,line_synth_redist_00278,,,6.76512803860807,0.48510638297872766,-0.48510638297872766,dc
evening_peak,,line_synth_redist_00304,,,51.78518205449109,3.7133550488599205,-3.7133550488599205,dc
evening_peak,,line_synth_redist_00305,,,41.42814564359288,2.9706840390879368,-2.9706840390879368,dc
evening_peak,,line_synth_redist_00306,,,31.071109232694617,2.2280130293159495,-2.2280130293159495,dc
evening_peak,,line_synth_redist_00307,,,20.714072821796435,1.485342019543968,-1.485342019543968,dc
evening_peak,,line_synth_redist_00308,,,10.357036410898184,0.7426710097719816,-0.7426710097719816,dc
evening_peak,,line_synth_redist_00310,,,51.78518205449085,3.7133550488599036,-3.7133550488599036,dc
evening_peak,,line_synth_redist_00311,,,41.42814564359279,2.970684039087931,-2.970684039087931,dc
evening_peak,,line_synth_redist_00312,,,31.07110923269462,2.22801302931595,-2.22801302931595,dc
evening_peak,,line_synth_redist_00313,,,20.714072821796407,1.485342019543966,-1.485342019543966,dc
evening_peak,,line_synth_redist_00314,,,10.357036410898182,0.7426710097719814,-0.7426710097719814,dc
evening_peak,,line_synth_redist_00316,,,51.785182054490775,3.7133550488598974,-3.7133550488598974,dc
evening_peak,,line_synth_redist_00317,,,41.42814564359277,2.970684039087929,-2.970684039087929,dc
evening_peak,,line_synth_redist_00318,,,31.071109232694567,2.228013029315946,-2.228013029315946,dc
evening_peak,,line_synth_redist_00319,,,20.714072821796353,1.4853420195439624,-1.4853420195439624,dc
evening_peak,,line_synth_redist_00320,,,10.357036410898186,0.7426710097719817,-0.7426710097719817,dc
evening_peak,,line_synth_redist_00322,,,51.785182054491074,3.7133550488599196,-3.7133550488599196,dc
evening_peak,,line_synth_redist_00323,,,41.428145643592956,2.9706840390879425,-2.9706840390879425,dc
evening_peak,,line_synth_redist_00324,,,31.071109232694567,2.228013029315946,-2.228013029315946,dc
evening_peak,,line_synth_redist_00325,,,20.714072821796414,1.4853420195439666,-1.4853420195439666,dc
evening_peak,,line_synth_redist_00326,,,10.357036410898191,0.7426710097719821,-0.7426710097719821,dc
evening_peak,,line_synth_redist_00328,,,51.78518205449094,3.71335504885991,-3.71335504885991,dc
evening_peak,,line_synth_redist_00329,,,41.42814564359281,2.970684039087932,-2.970684039087932,dc
evening_peak,,line_synth_redist_00330,,,31.071109232694617,2.2280130293159495,-2.2280130293159495,dc
evening_peak,,line_synth_redist_00331,,,20.714072821796385,1.4853420195439644,-1.4853420195439644,dc
evening_peak,,line_synth_redist_00332,,,10.357036410898191,0.7426710097719821,-0.7426710097719821,dc
evening_peak,,line_synth_redist_00334,,,51.78518205449094,3.71335504885991,-3.71335504885991,dc
evening_peak,,line_synth_redist_00335,,,41.428145643592714,2.970684039087925,-2.970684039087925,dc
evening_peak,,line_synth_redist_00336,,,31.07110923269461,2.228013029315949,-2.228013029315949,dc
evening_peak,,line_synth_redist_00337,,,20.714072821796417,1.4853420195439668,-1.4853420195439668,dc
evening_peak,,line_synth_redist_00338,,,10.357036410898187,0.742671009771982,-0.742671009771982,dc
evening_peak,,line_synth_redist_00340,,,51.78518205449109,3.7133550488599205,-3.7133550488599205,dc
evening_peak,,line_synth_redist_00341,,,41.428145643592906,2.970684039087939,-2.970684039087939,dc
evening_peak,,line_synth_redist_00342,,,31.07110923269466,2.228013029315953,-2.228013029315953,dc
evening_peak,,line_synth_redist_00343,,,20.71407282179645,1.4853420195439693,-1.4853420195439693,dc
evening_peak,,line_synth_redist_00344,,,10.357036410898184,0.7426710097719816,-0.7426710097719816,dc
evening_peak,,line_synth_redist_00347,,,51.785182054490974,3.713355048859912,-3.713355048859912,dc
evening_peak,,line_synth_redist_00348,,,41.42814564359287,2.9706840390879363,-2.9706840390879363,dc
evening_peak,,line_synth_redist_00349,,,31.07110923269464,2.228013029315951,-2.228013029315951,dc
evening_peak,,line_synth_redist_00350,,,20.71407282179645,1.485342019543969,-1.485342019543969,dc
evening_peak,,line_synth_redist_00351,,,10.357036410898184,0.7426710097719816,-0.7426710097719816,dc
evening_peak,,line_synth_redist_00353,,,51.78518205449095,3.7133550488599107,-3.7133550488599107,dc
evening_peak,,line_synth_redist_00354,,,41.42814564359283,2.970684039087933,-2.970684039087933,dc
evening_peak,,line_synth_redist_00355,,,31.071109232694578,2.228013029315947,-2.228013029315947,dc
evening_peak,,line_synth_redist_00356,,,20.714072821796382,1.4853420195439642,-1.4853420195439642,dc
evening_peak,,line_synth_redist_00357,,,10.357036410898193,0.7426710097719822,-0.7426710097719822,dc
evening_peak,,line_synth_redist_00359,,,51.78518205449123,3.7133550488599307,-3.7133550488599307,dc
evening_peak,,line_synth_redist_00360,,,41.42814564359283,2.970684039087933,-2.970684039087933,dc
evening_peak,,line_synth_redist_00361,,,31.071109232694727,2.2280130293159575,-2.2280130293159575,dc
evening_peak,,line_synth_redist_00362,,,20.714072821796485,1.4853420195439717,-1.4853420195439717,dc
evening_peak,,line_synth_redist_00363,,,10.35703641089809,0.742671009771975,-0.742671009771975,dc
evening_peak,,line_synth_redist_00365,,,51.78518205449081,3.7133550488599005,-3.7133550488599005,dc
evening_peak,,line_synth_redist_00366,,,41.42814564359277,2.9706840390879288,-2.9706840390879288,dc
evening_peak,,line_synth_redist_00367,,,31.07110923269454,2.228013029315944,-2.228013029315944,dc
evening_peak,,line_synth_redist_00368,,,20.714072821796368,1.4853420195439633,-1.4853420195439633,dc
evening_peak,,line_synth_redist_00369,,,10.357036410898179,0.7426710097719813,-0.7426710097719813,dc
evening_peak,,line_synth_redist_00371,,,41.42814564359367,2.9706840390879936,-2.9706840390879936,dc
evening_peak,,line_synth_redist_00372,,,31.071109232695065,2.228013029315982,-2.228013029315982,dc
evening_peak,,line_synth_redist_00373,,,20.714072821796552,1.4853420195439766,-1.4853420195439766,dc
evening_peak,,line_synth_redist_00374,,,10.35703641089832,0.7426710097719915,-0.7426710097719915,dc
evening_peak,,line_synth_redist_00376,,,51.78518205449094,3.7133550488599103,-3.7133550488599103,dc
evening_peak,,line_synth_redist_00377,,,41.42814564359274,2.970684039087927,-2.970684039087927,dc
evening_peak,,line_synth_redist_00378,,,31.07110923269462,2.22801302931595,-2.22801302931595,dc
evening_peak,,line_synth_redist_00379,,,20.71407282179641,1.4853420195439664,-1.4853420195439664,dc
evening_peak,,line_synth_redist_00380,,,10.357036410898187,0.742671009771982,-0.742671009771982,dc
evening_peak,,line_synth_redist_00382,,,51.78518205449089,3.713355048859906,-3.713355048859906,dc
evening_peak,,line_synth_redist_00383,,,41.4281456435927,2.970684039087924,-2.970684039087924,dc
evening_peak,,line_synth_redist_00384,,,31.07110923269452,2.228013029315943,-2.228013029315943,dc
evening_peak,,line_synth_redist_00385,,,20.714072821796425,1.4853420195439675,-1.4853420195439675,dc
evening_peak,,line_synth_redist_00386,,,10.357036410898136,0.7426710097719783,-0.7426710097719783,dc
evening_peak,,line_synth_redist_00388,,,51.78518205449113,3.713355048859923,-3.713355048859923,dc
evening_peak,,line_synth_redist_00389,,,41.428145643592835,2.9706840390879337,-2.9706840390879337,dc
evening_peak,,line_synth_redist_00390,,,31.07110923269459,2.2280130293159477,-2.2280130293159477,dc
evening_peak,,line_synth_redist_00391,,,20.71407282179641,1.4853420195439664,-1.4853420195439664,dc
evening_peak,,line_synth_redist_00392,,,10.357036410898182,0.7426710097719815,-0.7426710097719815,dc
evening_peak,,line_synth_redist_00394,,,51.78518205449467,3.7133550488601776,-3.7133550488601776,dc
evening_peak,,line_synth_redist_00395,,,41.428145643593304,2.9706840390879674,-2.9706840390879674,dc
evening_peak,,line_synth_redist_00396,,,31.071109232694678,2.228013029315954,-2.228013029315954,dc
evening_peak,,line_synth_redist_00397,,,20.714072821796407,1.4853420195439662,-1.4853420195439662,dc
evening_peak,,line_synth_redist_00398,,,10.357036410898186,0.7426710097719819,-0.7426710097719819,dc
evening_peak,,line_synth_redist_00400,,,51.7851820544935,3.7133550488600933,-3.7133550488600933,dc
evening_peak,,line_synth_redist_00401,,,41.42814564359553,2.9706840390881264,-2.9706840390881264,dc
evening_peak,,line_synth_redist_00402,,,31.071109232697303,2.228013029316142,-2.228013029316142,dc
evening_peak,,line_synth_redist_00403,,,20.71407282179675,1.485342019543991,-1.485342019543991,dc
evening_peak,,line_synth_redist_00404,,,10.357036410898576,0.7426710097720098,-0.7426710097720098,dc
evening_peak,,line_synth_redist_00406,,,51.78518205449182,3.7133550488599725,-3.7133550488599725,dc
evening_peak,,line_synth_redist_00407,,,41.42814564359387,2.9706840390880083,-2.9706840390880083,dc
evening_peak,,line_synth_redist_00408,,,31.07110923269469,2.228013029315955,-2.228013029315955,dc
evening_peak,,line_synth_redist_00409,,,20.714072821796385,1.4853420195439646,-1.4853420195439646,dc
evening_peak,,line_synth_redist_00410,,,10.357036410898196,0.7426710097719825,-0.7426710097719825,dc
evening_peak,,line_synth_redist_00412,,,51.78518205449094,3.7133550488599094,-3.7133550488599094,dc
evening_peak,,line_synth_redist_00413,,,41.428145643592764,2.9706840390879283,-2.9706840390879283,dc
evening_peak,,line_synth_redist_00414,,,31.07110923269456,2.2280130293159455,-2.2280130293159455,dc
evening_peak,,line_synth_redist_00415,,,20.714072821796364,1.4853420195439628,-1.4853420195439628,dc
evening_peak,,line_synth_redist_00416,,,10.357036410898194,0.7426710097719824,-0.7426710097719824,dc
evening_peak,,line_synth_redist_00418,,,51.78518205449091,3.713355048859907,-3.713355048859907,dc
evening_peak,,line_synth_redist_00419,,,41.42814564359279,2.970684039087931,-2.970684039087931,dc
evening_peak,,line_synth_redist_00420,,,31.07110923269459,2.2280130293159477,-2.2280130293159477,dc
evening_peak,,line_synth_redist_00421,,,20.71407282179637,1.4853420195439637,-1.4853420195439637,dc
evening_peak,,line_synth_redist_00422,,,10.357036410898171,0.7426710097719808,-0.7426710097719808,dc
evening_peak,,line_synth_redist_00424,,,51.785182054490974,3.713355048859912,-3.713355048859912,dc
evening_peak,,line_synth_redist_00425,,,41.42814564359284,2.970684039087934,-2.970684039087934,dc
evening_peak,,line_synth_redist_00426,,,31.071109232694656,2.2280130293159526,-2.2280130293159526,dc
evening_peak,,line_synth_redist_00427,,,20.714072821796385,1.4853420195439644,-1.4853420195439644,dc
evening_peak,,line_synth_redist_00428,,,10.357036410898182,0.7426710097719814,-0.7426710097719814,dc
evening_peak,,line_synth_redist_00430,,,51.785182054491116,3.7133550488599223,-3.7133550488599223,dc
evening_peak,,line_synth_redist_00431,,,41.42814564359277,2.9706840390879288,-2.9706840390879288,dc
evening_peak,,line_synth_redist_00432,,,31.07110923269458,2.2280130293159472,-2.2280130293159472,dc
evening_peak,,line_synth_redist_00433,,,20.714072821796407,1.485342019543966,-1.485342019543966,dc
evening_peak,,line_synth_redist_00434,,,10.357036410898182,0.7426710097719815,-0.7426710097719815,dc
evening_peak,,line_synth_redist_00460,,,51.78518205449094,3.71335504885991,-3.71335504885991,dc
evening_peak,,line_synth_redist_00461,,,41.4281456435927,2.970684039087924,-2.970684039087924,dc
evening_peak,,line_synth_redist_00462,,,31.0711092326945,2.228013029315941,-2.228013029315941,dc
evening_peak,,line_synth_redist_00463,,,20.714072821796407,1.485342019543966,-1.485342019543966,dc
evening_peak,,line_synth_redist_00464,,,10.357036410898196,0.7426710097719825,-0.7426710097719825,dc
evening_peak,,line_synth_redist_00467,,,51.785182054491464,3.7133550488599467,-3.7133550488599467,dc
evening_peak,,line_synth_redist_00468,,,41.428145643592785,2.97068403908793,-2.97068403908793,dc
evening_peak,,line_synth_redist_00469,,,31.07110923269458,2.2280130293159472,-2.2280130293159472,dc
evening_peak,,line_synth_redist_00470,,,20.714072821796474,1.4853420195439708,-1.4853420195439708,dc
evening_peak,,line_synth_redist_00471,,,10.357036410898273,0.7426710097719881,-0.7426710097719881,dc
evening_peak,,line_synth_redist_00473,,,51.7851820544848,3.7133550488594698,-3.7133550488594698,dc
evening_peak,,line_synth_redist_00474,,,41.42814564359267,2.9706840390879226,-2.9706840390879226,dc
evening_peak,,line_synth_redist_00475,,,31.07110923269458,2.2280130293159472,-2.2280130293159472,dc
evening_peak,,line_synth_redist_00476,,,20.714072821796393,1.485342019543965,-1.485342019543965,dc
evening_peak,,line_synth_redist_00477,,,10.357036410898168,0.7426710097719805,-0.7426710097719805,dc
evening_peak,,line_synth_redist_00479,,,51.78518205449094,3.71335504885991,-3.71335504885991,dc
evening_peak,,line_synth_redist_00480,,,41.42814564359277,2.970684039087929,-2.970684039087929,dc
evening_peak,,line_synth_redist_00481,,,31.071109232694656,2.2280130293159526,-2.2280130293159526,dc
evening_peak,,line_synth_redist_00482,,,20.71407282179642,1.485342019543967,-1.485342019543967,dc
evening_peak,,line_synth_redist_00483,,,10.357036410898182,0.7426710097719814,-0.7426710097719814,dc
evening_peak,,line_synth_redist_00485,,,51.78518205449085,3.713355048859903,-3.713355048859903,dc
evening_peak,,line_synth_redist_00486,,,41.428145643592664,2.9706840390879212,-2.9706840390879212,dc
evening_peak,,line_synth_redist_00487,,,31.071109232694464,2.228013029315939,-2.228013029315939,dc
evening_peak,,line_synth_redist_00488,,,20.71407282179627,1.4853420195439564,-1.4853420195439564,dc
evening_peak,,line_synth_redist_00489,,,10.357036410898187,0.742671009771982,-0.742671009771982,dc
evening_peak,,line_synth_redist_00491,,,51.78518205449102,3.7133550488599156,-3.7133550488599156,dc
evening_peak,,line_synth_redist_00492,,,41.428145643592885,2.970684039087937,-2.970684039087937,dc
evening_peak,,line_synth_redist_00493,,,31.071109232694706,2.228013029315956,-2.228013029315956,dc
evening_peak,,line_synth_redist_00494,,,20.714072821796517,1.485342019543974,-1.485342019543974,dc
evening_peak,,line_synth_redist_00495,,,10.357036410898175,0.742671009771981,-0.742671009771981,dc
evening_peak,,line_synth_redist_00497,,,51.78518205449099,3.7133550488599125,-3.7133550488599125,dc
evening_peak,,line_synth_redist_00498,,,41.42814564359284,2.9706840390879345,-2.9706840390879345,dc
evening_peak,,line_synth_redist_00499,,,31.071109232694706,2.228013029315956,-2.228013029315956,dc
evening_peak,,line_synth_redist_00500,,,20.71407282179651,1.4853420195439735,-1.4853420195439735,dc
evening_peak,,line_synth_redist_00501,,,10.357036410898186,0.7426710097719817,-0.7426710097719817,dc
evening_peak,,line_synth_redist_00503,,,51.78518205449089,3.7133550488599063,-3.7133550488599063,dc
evening_peak,,line_synth_redist_00504,,,41.42814564359274,2.9706840390879274,-2.9706840390879274,dc
evening_peak,,line_synth_redist_00505,,,31.07110923269456,2.2280130293159455,-2.2280130293159455,dc
evening_peak,,line_synth_redist_00506,,,20.714072821796382,1.4853420195439642,-1.4853420195439642,dc
evening_peak,,line_synth_redist_00507,,,10.357036410898187,0.742671009771982,-0.742671009771982,dc
evening_peak,,line_synth_redist_00509,,,51.78518205449107,3.7133550488599183,-3.7133550488599183,dc
evening_peak,,line_synth_redist_00510,,,41.428145643592785,2.9706840390879306,-2.9706840390879306,dc
evening_peak,,line_synth_redist_00511,,,31.07110923269459,2.2280130293159477,-2.2280130293159477,dc
evening_peak,,line_synth_redist_00512,,,20.714072821796375,1.485342019543964,-1.485342019543964,dc
evening_peak,,line_synth_redist_00513,,,10.357036410898186,0.7426710097719819,-0.7426710097719819,dc
evening_peak,,line_synth_redist_00515,,,51.78518205446385,3.713355048857968,-3.713355048857968,dc
evening_peak,,line_synth_redist_00516,,,41.42814564356583,2.970684039085997,-2.970684039085997,dc
evening_peak,,line_synth_redist_00517,,,31.07110923266764,2.2280130293140155,-2.2280130293140155,dc
evening_peak,,line_synth_redist_00518,,,20.71407282176946,1.4853420195420337,-1.4853420195420337,dc
evening_peak,,line_synth_redist_00519,,,10.357036410898159,0.7426710097719799,-0.7426710097719799,dc
evening_peak,,line_synth_redist_00521,,,51.78518205449105,3.713355048859918,-3.713355048859918,dc
evening_peak,,line_synth_redist_00522,,,41.42814564359281,2.9706840390879323,-2.9706840390879323,dc
evening_peak,,line_synth_redist_00523,,,31.071109232694567,2.228013029315946,-2.228013029315946,dc
evening_peak,,line_synth_redist_00524,,,20.71407282179637,1.4853420195439637,-1.4853420195439637,dc
evening_peak,,line_synth_redist_00525,,,10.357036410898152,0.7426710097719793,-0.7426710097719793,dc
evening_peak,,line_synth_redist_00527,,,51.785182054491216,3.7133550488599303,-3.7133550488599303,dc
evening_peak,,line_synth_redist_00528,,,41.4281456435927,2.970684039087924,-2.970684039087924,dc
evening_peak,,line_synth_redist_00529,,,31.071109232694642,2.2280130293159512,-2.2280130293159512,dc
evening_peak,,line_synth_redist_00530,,,20.714072821796368,1.4853420195439633,-1.4853420195439633,dc
evening_peak,,line_synth_redist_00531,,,10.357036410898193,0.7426710097719822,-0.7426710097719822,dc
evening_peak,,line_synth_redist_00533,,,51.785182054490996,3.713355048859913,-3.713355048859913,dc
evening_peak,,line_synth_redist_00534,,,41.42814564359259,2.970684039087917,-2.970684039087917,dc
evening_peak,,line_synth_redist_00535,,,31.071109232694443,2.228013029315937,-2.228013029315937,dc
evening_peak,,line_synth_redist_00536,,,20.714072821796346,1.4853420195439617,-1.4853420195439617,dc
evening_peak,,line_synth_redist_00537,,,10.357036410898203,0.7426710097719831,-0.7426710097719831,dc
evening_peak,,line_synth_redist_00539,,,51.785182054491074,3.7133550488599196,-3.7133550488599196,dc
evening_peak,,line_synth_redist_00540,,,41.42814564359275,2.970684039087928,-2.970684039087928,dc
evening_peak,,line_synth_redist_00541,,,31.07110923269456,2.2280130293159455,-2.2280130293159455,dc
evening_peak,,line_synth_redist_00542,,,20.71407282179639,1.4853420195439648,-1.4853420195439648,dc
evening_peak,,line_synth_redist_00543,,,10.357036410898194,0.7426710097719824,-0.7426710097719824,dc
evening_peak,,line_synth_redist_00545,,,51.7851820544933,3.713355048860079,-3.713355048860079,dc
evening_peak,,line_synth_redist_00546,,,41.42814564359546,2.970684039088122,-2.970684039088122,dc
evening_peak,,line_synth_redist_00547,,,31.071109232697314,2.228013029316143,-2.228013029316143,dc
evening_peak,,line_synth_redist_00548,,,20.714072821796346,1.4853420195439617,-1.4853420195439617,dc
evening_peak,,line_synth_redist_00549,,,10.357036410898187,0.742671009771982,-0.742671009771982,dc
evening_peak,,line_synth_redist_00551,,,51.78518205449125,3.713355048859932,-3.713355048859932,dc
evening_peak,,line_synth_redist_00552,,,41.428145643593,2.970684039087945,-2.970684039087945,dc
evening_peak,,line_synth_redist_00553,,,31.071109232694543,2.2280130293159446,-2.2280130293159446,dc
evening_peak,,line_synth_redist_00554,,,20.71407282179635,1.485342019543962,-1.485342019543962,dc
evening_peak,,line_synth_redist_00555,,,10.357036410898196,0.7426710097719825,-0.7426710097719825,dc
evening_peak,,line_synth_redist_00557,,,51.78518205449113,3.713355048859923,-3.713355048859923,dc
evening_peak,,line_synth_redist_00558,,,41.42814564359302,2.970684039087947,-2.970684039087947,dc
evening_peak,,line_synth_redist_00559,,,31.071109232694834,2.228013029315965,-2.228013029315965,dc
evening_peak,,line_synth_redist_00560,,,20.714072821796474,1.485342019543971,-1.485342019543971,dc
evening_peak,,line_synth_redist_00561,,,10.357036410898187,0.742671009771982,-0.742671009771982,dc
evening_peak,,line_synth_redist_00563,,,41.42814564359728,2.970684039088253,-2.970684039088253,dc
evening_peak,,line_synth_redist_00564,,,31.071109232699477,2.2280130293162985,-2.2280130293162985,dc
evening_peak,,line_synth_redist_00565,,,20.714072821801224,1.4853420195443117,-1.4853420195443117,dc
evening_peak,,line_synth_redist_00566,,,10.357036410898182,0.7426710097719814,-0.7426710097719814,dc
evening_peak,,line_synth_redist_00568,,,51.78518205449094,3.71335504885991,-3.71335504885991,dc
evening_peak,,line_synth_redist_00569,,,41.42814564359273,2.9706840390879257,-2.9706840390879257,dc
evening_peak,,line_synth_redist_00570,,,31.071109232694543,2.2280130293159446,-2.2280130293159446,dc
evening_peak,,line_synth_redist_00571,,,20.714072821796353,1.4853420195439624,-1.4853420195439624,dc
evening_peak,,line_synth_redist_00572,,,10.357036410898184,0.7426710097719816,-0.7426710097719816,dc
evening_peak,,line_synth_redist_00574,,,41.42814564359287,2.970684039087936,-2.970684039087936,dc
evening_peak,,line_synth_redist_00575,,,31.07110923269469,2.228013029315955,-2.228013029315955,dc
evening_peak,,line_synth_redist_00576,,,20.71407282179656,1.485342019543977,-1.485342019543977,dc
evening_peak,,line_synth_redist_00577,,,10.357036410898331,0.7426710097719922,-0.7426710097719922,dc
evening_peak,,line_synth_redist_00579,,,51.785182054490996,3.7133550488599143,-3.7133550488599143,dc
evening_peak,,line_synth_redist_00580,,,41.428145643592764,2.9706840390879283,-2.9706840390879283,dc
evening_peak,,line_synth_redist_00581,,,31.071109232694603,2.2280130293159486,-2.2280130293159486,dc
evening_peak,,line_synth_redist_00582,,,20.714072821796393,1.485342019543965,-1.485342019543965,dc
evening_peak,,line_synth_redist_00583,,,10.357036410898175,0.7426710097719811,-0.7426710097719811,dc
evening_peak,,line_synth_redist_00585,,,51.785182054490996,3.7133550488599134,-3.7133550488599134,dc
evening_peak,,line_synth_redist_00586,,,41.42814564359273,2.970684039087926,-2.970684039087926,dc
evening_peak,,line_synth_redist_00587,,,31.07110923269462,2.22801302931595,-2.22801302931595,dc
evening_peak,,line_synth_redist_00588,,,20.714072821796385,1.4853420195439646,-1.4853420195439646,dc
evening_peak,,line_synth_redist_00589,,,10.357036410898191,0.7426710097719821,-0.7426710097719821,dc
evening_peak,,line_synth_redist_00591,,,51.78518205449241,3.713355048860015,-3.713355048860015,dc
evening_peak,,line_synth_redist_00592,,,41.42814564359416,2.970684039088029,-2.970684039088029,dc
evening_peak,,line_synth_redist_00593,,,31.07110923269597,2.2280130293160467,-2.2280130293160467,dc
evening_peak,,line_synth_redist_00594,,,20.714072821796357,1.4853420195439626,-1.4853420195439626,dc
evening_peak,,line_synth_redist_00595,,,10.357036410898191,0.7426710097719821,-0.7426710097719821,dc
evening_peak,,line_synth_redist_00597,,,51.78518205449092,3.7133550488599076,-3.7133550488599076,dc
evening_peak,,line_synth_redist_00598,,,41.428145643592806,2.9706840390879314,-2.9706840390879314,dc
evening_peak,,line_synth_redist_00599,,,31.071109232694567,2.228013029315946,-2.228013029315946,dc
evening_peak,,line_synth_redist_00600,,,20.714072821796375,1.485342019543964,-1.485342019543964,dc
evening_peak,,line_synth_redist_00601,,,10.357036410898187,0.742671009771982,-0.742671009771982,dc
evening_peak,,line_synth_redist_00772,,,51.78518205449119,3.713355048859927,-3.713355048859927,dc
evening_peak,,line_synth_redist_00773,,,41.42814564359287,2.9706840390879363,-2.9706840390879363,dc
evening_peak,,line_synth_redist_00774,,,31.071109232694678,2.228013029315954,-2.228013029315954,dc
evening_peak,,line_synth_redist_00775,,,20.714072821796478,1.4853420195439713,-1.4853420195439713,dc
evening_peak,,line_synth_redist_00776,,,10.357036410898292,0.7426710097719894,-0.7426710097719894,dc
evening_peak,,line_synth_redist_00778,,,51.78518205449068,3.7133550488598916,-3.7133550488598916,dc
evening_peak,,line_synth_redist_00779,,,41.428145643592714,2.970684039087925,-2.970684039087925,dc
evening_peak,,line_synth_redist_00780,,,31.07110923269459,2.2280130293159477,-2.2280130293159477,dc
evening_peak,,line_synth_redist_00781,,,20.71407282179637,1.4853420195439637,-1.4853420195439637,dc
evening_peak,,line_synth_redist_00782,,,10.357036410898193,0.7426710097719823,-0.7426710097719823,dc
evening_peak,,line_synth_redist_00784,,,51.78518205449125,3.7133550488599316,-3.7133550488599316,dc
evening_peak,,line_synth_redist_00785,,,41.428145643593176,2.970684039087958,-2.970684039087958,dc
evening_peak,,line_synth_redist_00786,,,31.071109232694567,2.228013029315946,-2.228013029315946,dc
evening_peak,,line_synth_redist_00787,,,20.714072821796385,1.4853420195439646,-1.4853420195439646,dc
evening_peak,,line_synth_redist_00788,,,10.357036410898179,0.7426710097719813,-0.7426710097719813,dc
evening_peak,,line_synth_redist_00790,,,51.78518205449093,3.713355048859909,-3.713355048859909,dc
evening_peak,,line_synth_redist_00791,,,41.42814564359274,2.9706840390879274,-2.9706840390879274,dc
evening_peak,,line_synth_redist_00792,,,31.071109232694532,2.2280130293159432,-2.2280130293159432,dc
evening_peak,,line_synth_redist_00793,,,20.714072821796385,1.4853420195439644,-1.4853420195439644,dc
evening_peak,,line_synth_redist_00794,,,10.357036410898182,0.7426710097719815,-0.7426710097719815,dc
evening_peak,,line_synth_redist_00796,,,51.78518205449115,3.713355048859925,-3.713355048859925,dc
evening_peak,,line_synth_redist_00797,,,41.42814564359284,2.9706840390879345,-2.9706840390879345,dc
evening_peak,,line_synth_redist_00798,,,31.071109232694745,2.228013029315959,-2.228013029315959,dc
evening_peak,,line_synth_redist_00799,,,20.714072821796453,1.4853420195439695,-1.4853420195439695,dc
evening_peak,,line_synth_redist_00800,,,10.357036410898207,0.7426710097719833,-0.7426710097719833,dc
evening_peak,,line_synth_redist_00802,,,51.78518205448614,3.7133550488595652,-3.7133550488595652,dc
evening_peak,,line_synth_redist_00803,,,41.42814564358795,2.9706840390875837,-2.9706840390875837,dc
evening_peak,,line_synth_redist_00804,,,31.071109232689714,2.228013029315598,-2.228013029315598,dc
evening_peak,,line_synth_redist_00805,,,20.714072821791575,1.4853420195436196,-1.4853420195436196,dc
evening_peak,,line_synth_redist_00806,,,10.35703641089816,0.7426710097719801,-0.7426710097719801,dc
evening_peak,,line_synth_redist_00808,,,51.78518205449089,3.713355048859906,-3.713355048859906,dc
evening_peak,,line_synth_redist_00809,,,41.42814564359271,2.9706840390879248,-2.9706840390879248,dc
evening_peak,,line_synth_redist_00810,,,31.071109232694443,2.228013029315937,-2.228013029315937,dc
evening_peak,,line_synth_redist_00811,,,20.71407282179641,1.4853420195439664,-1.4853420195439664,dc
evening_peak,,line_synth_redist_00812,,,10.357036410898187,0.742671009771982,-0.742671009771982,dc
evening_peak,,line_synth_redist_00814,,,51.78518205449094,3.71335504885991,-3.71335504885991,dc
evening_peak,,line_synth_redist_00815,,,41.428145643592735,2.9706840390879266,-2.9706840390879266,dc
evening_peak,,line_synth_redist_00816,,,31.071109232694578,2.228013029315947,-2.228013029315947,dc
evening_peak,,line_synth_redist_00817,,,20.714072821796382,1.4853420195439642,-1.4853420195439642,dc
evening_peak,,line_synth_redist_00818,,,10.357036410898194,0.7426710097719824,-0.7426710097719824,dc
evening_peak,,line_synth_redist_00820,,,10.357036410898319,0.7426710097719913,-0.7426710097719913,dc
evening_peak,,line_synth_redist_00822,,,51.78518205449999,3.7133550488605582,-3.7133550488605582,dc
evening_peak,,line_synth_redist_00823,,,41.428145643592664,2.9706840390879212,-2.9706840390879212,dc
evening_peak,,line_synth_redist_00824,,,31.07110923269458,2.2280130293159472,-2.2280130293159472,dc
evening_peak,,line_synth_redist_00825,,,20.71407282179639,1.4853420195439648,-1.4853420195439648,dc
evening_peak,,line_synth_redist_00826,,,10.35703641089823,0.7426710097719851,-0.7426710097719851,dc
evening_peak,,line_synth_redist_00828,,,51.78518205449111,3.7133550488599214,-3.7133550488599214,dc
evening_peak,,line_synth_redist_00829,,,41.428145643592785,2.9706840390879306,-2.9706840390879306,dc
evening_peak,,line_synth_redist_00830,,,31.07110923269458,2.2280130293159472,-2.2280130293159472,dc
evening_peak,,line_synth_redist_00831,,,20.714072821796382,1.4853420195439642,-1.4853420195439642,dc
evening_peak,,line_synth_redist_00832,,,10.357036410898196,0.7426710097719825,-0.7426710097719825,dc
evening_peak,,line_synth_redist_01181,,,51.785182054490996,3.7133550488599134,-3.7133550488599134,dc
evening_peak,,line_synth_redist_01182,,,41.42814564359284,2.970684039087934,-2.970684039087934,dc
evening_peak,,line_synth_redist_01183,,,31.071109232694578,2.228013029315947,-2.228013029315947,dc
evening_peak,,line_synth_redist_01184,,,20.714072821796346,1.4853420195439617,-1.4853420195439617,dc
evening_peak,,line_synth_redist_01185,,,10.357036410898179,0.7426710097719813,-0.7426710097719813,dc
evening_peak,,line_synth_redist_01187,,,51.78518205449095,3.7133550488599107,-3.7133550488599107,dc
evening_peak,,line_synth_redist_01188,,,41.42814564359281,2.9706840390879323,-2.9706840390879323,dc
evening_peak,,line_synth_redist_01189,,,31.07110923269459,2.2280130293159477,-2.2280130293159477,dc
evening_peak,,line_synth_redist_01190,,,20.71407282179639,1.4853420195439648,-1.4853420195439648,dc
evening_peak,,line_synth_redist_01191,,,10.357036410898193,0.7426710097719823,-0.7426710097719823,dc
evening_peak,,line_synth_redist_01193,,,51.785182054490996,3.713355048859913,-3.713355048859913,dc
evening_peak,,line_synth_redist_01194,,,41.42814564359282,2.9706840390879328,-2.9706840390879328,dc
evening_peak,,line_synth_redist_01195,,,31.071109232694603,2.2280130293159486,-2.2280130293159486,dc
evening_peak,,line_synth_redist_01196,,,20.714072821796375,1.485342019543964,-1.485342019543964,dc
evening_peak,,line_synth_redist_01197,,,10.357036410898193,0.7426710097719822,-0.7426710097719822,dc
evening_peak,,line_synth_redist_01199,,,51.78518205449137,3.713355048859941,-3.713355048859941,dc
evening_peak,,line_synth_redist_01200,,,41.42814564359292,2.97068403908794,-2.97068403908794,dc
evening_peak,,line_synth_redist_01201,,,31.07110923269476,2.2280130293159597,-2.2280130293159597,dc
evening_peak,,line_synth_redist_01202,,,20.714072821796393,1.4853420195439653,-1.4853420195439653,dc
evening_peak,,line_synth_redist_01203,,,10.357036410898077,0.7426710097719741,-0.7426710097719741,dc
evening_peak,,line_synth_redist_01205,,,51.785182054490875,3.713355048859905,-3.713355048859905,dc
evening_peak,,line_synth_redist_01206,,,41.428145643592714,2.970684039087925,-2.970684039087925,dc
evening_peak,,line_synth_redist_01207,,,31.071109232694578,2.228013029315947,-2.228013029315947,dc
evening_peak,,line_synth_redist_01208,,,20.714072821796304,1.4853420195439586,-1.4853420195439586,dc
evening_peak,,line_synth_redist_01209,,,10.357036410898214,0.7426710097719839,-0.7426710097719839,dc
evening_peak,,line_synth_redist_01211,,,10.357036410898314,0.7426710097719909,-0.7426710097719909,dc
evening_peak,,line_synth_redist_01213,,,51.785182054491926,3.713355048859981,-3.713355048859981,dc
evening_peak,,line_synth_redist_01214,,,41.428145643594526,2.970684039088055,-2.970684039088055,dc
evening_peak,,line_synth_redist_01215,,,31.071109232694578,2.228013029315947,-2.228013029315947,dc
evening_peak,,line_synth_redist_01216,,,20.71407282179641,1.4853420195439664,-1.4853420195439664,dc
evening_peak,,line_synth_redist_01217,,,10.357036410898193,0.7426710097719823,-0.7426710097719823,dc
evening_peak,,line_synth_redist_01219,,,51.785182054491166,3.7133550488599263,-3.7133550488599263,dc
evening_peak,,line_synth_redist_01220,,,41.42814564359288,2.9706840390879368,-2.9706840390879368,dc
evening_peak,,line_synth_redist_01221,,,31.07110923269464,2.228013029315951,-2.228013029315951,dc
evening_peak,,line_synth_redist_01222,,,20.714072821796393,1.485342019543965,-1.485342019543965,dc
evening_peak,,line_synth_redist_01223,,,10.357036410898196,0.7426710097719826,-0.7426710097719826,dc
evening_peak,,line_synth_redist_01245,,,19.14505165068528,1.3728323699422165,-1.3728323699422165,dc
evening_peak,,line_synth_redist_01246,,,15.316041320548216,1.0982658959537726,-1.0982658959537726,dc
evening_peak,,line_synth_redist_01247,,,11.487030990411148,0.8236994219653284,-0.8236994219653284,dc
evening_peak,,line_synth_redist_01248,,,7.65802066027414,0.5491329479768885,-0.5491329479768885,dc
evening_peak,,line_synth_redist_01249,,,3.829010330137044,0.2745664739884424,-0.2745664739884424,dc
evening_peak,,line_synth_redist_01251,,,19.145051650685165,1.3728323699422083,-1.3728323699422083,dc
evening_peak,,line_synth_redist_01252,,,15.316041320548102,1.0982658959537643,-1.0982658959537643,dc
evening_peak,,line_synth_redist_01253,,,11.487030990411158,0.8236994219653292,-0.8236994219653292,dc
evening_peak,,line_synth_redist_01254,,,7.658020660274116,0.5491329479768868,-0.5491329479768868,dc
evening_peak,,line_synth_redist_01255,,,3.8290103301370704,0.2745664739884443,-0.2745664739884443,dc
evening_peak,,line_synth_redist_01257,,,19.14505165068536,1.3728323699422222,-1.3728323699422222,dc
evening_peak,,line_synth_redist_01258,,,15.316041320548122,1.0982658959537657,-1.0982658959537657,dc
evening_peak,,line_synth_redist_01259,,,11.487030990411043,0.823699421965321,-0.823699421965321,dc
evening_peak,,line_synth_redist_01260,,,7.6580206602739915,0.5491329479768778,-0.5491329479768778,dc
evening_peak,,line_synth_redist_01261,,,3.829010330137017,0.2745664739884405,-0.2745664739884405,dc
evening_peak,,line_synth_redist_01263,,,19.145051650685403,1.3728323699422251,-1.3728323699422251,dc
evening_peak,,line_synth_redist_01264,,,15.316041320548404,1.098265895953786,-1.098265895953786,dc
evening_peak,,line_synth_redist_01265,,,11.487030990410886,0.8236994219653095,-0.8236994219653095,dc
evening_peak,,line_synth_redist_01266,,,7.65802066027416,0.54913294797689,-0.54913294797689,dc
evening_peak,,line_synth_redist_01267,,,3.8290103301369274,0.27456647398843403,-0.27456647398843403,dc
evening_peak,,line_synth_redist_01269,,,19.145051650684778,1.3728323699421803,-1.3728323699421803,dc
evening_peak,,line_synth_redist_01270,,,15.316041320547768,1.0982658959537404,-1.0982658959537404,dc
evening_peak,,line_synth_redist_01271,,,11.487030990411359,0.8236994219653435,-0.8236994219653435,dc
evening_peak,,line_synth_redist_01272,,,7.658020660274416,0.5491329479769084,-0.5491329479769084,dc
evening_peak,,line_synth_redist_01273,,,3.829010330137118,0.2745664739884477,-0.2745664739884477,dc
evening_peak,,line_synth_redist_01275,,,19.145051650684834,1.3728323699421845,-1.3728323699421845,dc
evening_peak,,line_synth_redist_01276,,,15.316041320547988,1.0982658959537561,-1.0982658959537561,dc
evening_peak,,line_synth_redist_01277,,,11.487030990410775,0.8236994219653015,-0.8236994219653015,dc
evening_peak,,line_synth_redist_01278,,,7.658020660273536,0.5491329479768452,-0.5491329479768452,dc
evening_peak,,line_synth_redist_01279,,,3.8290103301370877,0.2745664739884455,-0.2745664739884455,dc
evening_peak,,line_synth_redist_01281,,,19.14505165068508,1.372832369942202,-1.372832369942202,dc
evening_peak,,line_synth_redist_01282,,,15.316041320548099,1.0982658959537641,-1.0982658959537641,dc
evening_peak,,line_synth_redist_01283,,,11.487030990411847,0.8236994219653787,-0.8236994219653787,dc
evening_peak,,line_synth_redist_01284,,,7.658020660273665,0.5491329479768545,-0.5491329479768545,dc
evening_peak,,line_synth_redist_01285,,,3.829010330136965,0.27456647398843675,-0.27456647398843675,dc
evening_peak,,line_synth_redist_01287,,,19.145051650685236,1.3728323699422134,-1.3728323699422134,dc
evening_peak,,line_synth_redist_01288,,,15.316041320548177,1.0982658959537697,-1.0982658959537697,dc
evening_peak,,line_synth_redist_01289,,,11.487030990411135,0.8236994219653274,-0.8236994219653274,dc
evening_peak,,line_synth_redist_01290,,,7.65802066027412,0.5491329479768872,-0.5491329479768872,dc
evening_peak,,line_synth_redist_01291,,,3.8290103301370544,0.2745664739884432,-0.2745664739884432,dc
evening_peak,,line_synth_redist_01293,,,19.145051650685303,1.3728323699422182,-1.3728323699422182,dc
evening_peak,,line_synth_redist_01294,,,15.31604132054825,1.098265895953775,-1.098265895953775,dc
evening_peak,,line_synth_redist_01295,,,11.4870309904112,0.823699421965332,-0.823699421965332,dc
evening_peak,,line_synth_redist_01296,,,7.6580206602741185,0.549132947976887,-0.549132947976887,dc
evening_peak,,line_synth_redist_01297,,,3.8290103301370677,0.27456647398844414,-0.27456647398844414,dc
evening_peak,,line_synth_redist_01299,,,19.14505165068528,1.3728323699422165,-1.3728323699422165,dc
evening_peak,,line_synth_redist_01300,,,15.316041320548226,1.0982658959537732,-1.0982658959537732,dc
evening_peak,,line_synth_redist_01301,,,11.487030990411167,0.8236994219653299,-0.8236994219653299,dc
evening_peak,,line_synth_redist_01302,,,7.658020660274113,0.5491329479768866,-0.5491329479768866,dc
evening_peak,,line_synth_redist_01303,,,3.8290103301370615,0.2745664739884437,-0.2745664739884437,dc
evening_peak,,line_synth_redist_01305,,,19.14505165068528,1.3728323699422162,-1.3728323699422162,dc
evening_peak,,line_synth_redist_01306,,,15.316041320548226,1.0982658959537732,-1.0982658959537732,dc
evening_peak,,line_synth_redist_01307,,,11.487030990411172,0.8236994219653301,-0.8236994219653301,dc
evening_peak,,line_synth_redist_01308,,,7.658020660274113,0.5491329479768867,-0.5491329479768867,dc
evening_peak,,line_synth_redist_01309,,,3.8290103301370504,0.2745664739884429,-0.2745664739884429,dc
evening_peak,,line_synth_redist_01311,,,11.487030990411103,0.8236994219653252,-0.8236994219653252,dc
evening_peak,,line_synth_redist_01312,,,7.658020660274054,0.5491329479768824,-0.5491329479768824,dc
evening_peak,,line_synth_redist_01313,,,3.8290103301370606,0.27456647398844364,-0.27456647398844364,dc
evening_peak,,line_synth_redist_01315,,,19.14505165068527,1.3728323699422158,-1.3728323699422158,dc
evening_peak,,line_synth_redist_01316,,,15.316041320548223,1.098265895953773,-1.098265895953773,dc
evening_peak,,line_synth_redist_01317,,,11.487030990411165,0.8236994219653297,-0.8236994219653297,dc
evening_peak,,line_synth_redist_01318,,,7.658020660274113,0.5491329479768866,-0.5491329479768866,dc
evening_peak,,line_synth_redist_01319,,,3.829010330137064,0.27456647398844386,-0.27456647398844386,dc
evening_peak,,line_synth_redist_01321,,,19.145051650685225,1.3728323699422125,-1.3728323699422125,dc
evening_peak,,line_synth_redist_01322,,,15.316041320548146,1.0982658959537677,-1.0982658959537677,dc
evening_peak,,line_synth_redist_01323,,,11.487030990411155,0.8236994219653287,-0.8236994219653287,dc
evening_peak,,line_synth_redist_01324,,,7.658020660274091,0.549132947976885,-0.549132947976885,dc
evening_peak,,line_synth_redist_01325,,,3.829010330137043,0.27456647398844236,-0.27456647398844236,dc
evening_peak,,line_synth_redist_01327,,,19.145051650685268,1.3728323699422156,-1.3728323699422156,dc
evening_peak,,line_synth_redist_01328,,,15.31604132054821,1.098265895953772,-1.098265895953772,dc
evening_peak,,line_synth_redist_01329,,,11.487030990411164,0.8236994219653294,-0.8236994219653294,dc
evening_peak,,line_synth_redist_01330,,,7.658020660274106,0.5491329479768862,-0.5491329479768862,dc
evening_peak,,line_synth_redist_01331,,,3.829010330137053,0.2745664739884431,-0.2745664739884431,dc
evening_peak,,line_synth_redist_01333,,,19.145051650685264,1.3728323699422154,-1.3728323699422154,dc
evening_peak,,line_synth_redist_01334,,,15.316041320548218,1.0982658959537728,-1.0982658959537728,dc
evening_peak,,line_synth_redist_01335,,,11.487030990411165,0.8236994219653297,-0.8236994219653297,dc
evening_peak,,line_synth_redist_01336,,,7.658020660274111,0.5491329479768865,-0.5491329479768865,dc
evening_peak,,line_synth_redist_01337,,,3.8290103301370615,0.2745664739884437,-0.2745664739884437,dc
evening_peak,,line_synth_redist_01339,,,19.14505165068558,1.3728323699422382,-1.3728323699422382,dc
evening_peak,,line_synth_redist_01340,,,15.316041320548473,1.098265895953791,-1.098265895953791,dc
evening_peak,,line_synth_redist_01341,,,11.487030990411204,0.8236994219653324,-0.8236994219653324,dc
evening_peak,,line_synth_redist_01342,,,7.658020660274123,0.5491329479768874,-0.5491329479768874,dc
evening_peak,,line_synth_redist_01343,,,3.8290103301370517,0.27456647398844297,-0.27456647398844297,dc
evening_peak,,line_synth_redist_01345,,,19.14505165068567,1.3728323699422444,-1.3728323699422444,dc
evening_peak,,line_synth_redist_01346,,,15.316041320548383,1.0982658959537845,-1.0982658959537845,dc
evening_peak,,line_synth_redist_01347,,,11.487030990411332,0.8236994219653416,-0.8236994219653416,dc
evening_peak,,line_synth_redist_01348,,,7.658020660274308,0.5491329479769006,-0.5491329479769006,dc
evening_peak,,line_synth_redist_01349,,,3.8290103301370495,0.2745664739884428,-0.2745664739884428,dc
evening_peak,,line_synth_redist_01351,,,19.145051650685343,1.372832369942221,-1.372832369942221,dc
evening_peak,,line_synth_redist_01352,,,15.316041320548246,1.0982658959537748,-1.0982658959537748,dc
evening_peak,,line_synth_redist_01353,,,11.487030990411187,0.8236994219653312,-0.8236994219653312,dc
evening_peak,,line_synth_redist_01354,,,7.658020660274116,0.5491329479768868,-0.5491329479768868,dc
evening_peak,,line_synth_redist_01355,,,3.8290103301370526,0.274566473988443,-0.274566473988443,dc
evening_peak,,line_synth_redist_01576,,,19.14505165068528,1.3728323699422162,-1.3728323699422162,dc
evening_peak,,line_synth_redist_01577,,,15.316041320548223,1.098265895953773,-1.098265895953773,dc
evening_peak,,line_synth_redist_01578,,,11.487030990411158,0.8236994219653292,-0.8236994219653292,dc
evening_peak,,line_synth_redist_01579,,,7.658020660274108,0.5491329479768863,-0.5491329479768863,dc
evening_peak,,line_synth_redist_01580,,,3.8290103301370544,0.2745664739884432,-0.2745664739884432,dc
evening_peak,,line_synth_redist_01582,,,19.14505165068528,1.3728323699422162,-1.3728323699422162,dc
evening_peak,,line_synth_redist_01583,,,15.316041320548226,1.0982658959537734,-1.0982658959537734,dc
evening_peak,,line_synth_redist_01584,,,11.487030990411155,0.8236994219653289,-0.8236994219653289,dc
evening_peak,,line_synth_redist_01585,,,7.658020660274105,0.549132947976886,-0.549132947976886,dc
evening_peak,,line_synth_redist_01586,,,3.8290103301370566,0.2745664739884433,-0.2745664739884433,dc
evening_peak,,line_synth_redist_01588,,,19.14505165068525,1.3728323699422142,-1.3728323699422142,dc
evening_peak,,line_synth_redist_01589,,,15.316041320548216,1.0982658959537726,-1.0982658959537726,dc
evening_peak,,line_synth_redist_01590,,,11.487030990411167,0.8236994219653299,-0.8236994219653299,dc
evening_peak,,line_synth_redist_01591,,,7.658020660274118,0.5491329479768869,-0.5491329479768869,dc
evening_peak,,line_synth_redist_01592,,,3.829010330137058,0.2745664739884434,-0.2745664739884434,dc
evening_peak,,line_synth_redist_01616,,,19.14505165068537,1.372832369942223,-1.372832369942223,dc
evening_peak,,line_synth_redist_01617,,,15.316041320548315,1.0982658959537797,-1.0982658959537797,dc
evening_peak,,line_synth_redist_01618,,,11.487030990411276,0.8236994219653375,-0.8236994219653375,dc
evening_peak,,line_synth_redist_01619,,,7.658020660273925,0.5491329479768731,-0.5491329479768731,dc
evening_peak,,line_synth_redist_01620,,,3.829010330137065,0.2745664739884439,-0.2745664739884439,dc
evening_peak,,line_synth_redist_01622,,,19.145051650685303,1.372832369942218,-1.372832369942218,dc
evening_peak,,line_synth_redist_01623,,,15.316041320548237,1.098265895953774,-1.098265895953774,dc
evening_peak,,line_synth_redist_01624,,,11.487030990411185,0.823699421965331,-0.823699421965331,dc
evening_peak,,line_synth_redist_01625,,,7.658020660274127,0.5491329479768876,-0.5491329479768876,dc
evening_peak,,line_synth_redist_01626,,,3.8290103301370606,0.27456647398844364,-0.27456647398844364,dc
evening_peak,,line_synth_redist_01628,,,19.145051650685176,1.3728323699422091,-1.3728323699422091,dc
evening_peak,,line_synth_redist_01629,,,15.316041320548212,1.0982658959537723,-1.0982658959537723,dc
evening_peak,,line_synth_redist_01630,,,11.487030990411172,0.8236994219653301,-0.8236994219653301,dc
evening_peak,,line_synth_redist_01631,,,7.658020660274108,0.5491329479768863,-0.5491329479768863,dc
evening_peak,,line_synth_redist_01632,,,3.829010330137053,0.2745664739884431,-0.2745664739884431,dc
evening_peak,,line_synth_redist_01634,,,19.14505165068523,1.372832369942213,-1.372832369942213,dc
evening_peak,,line_synth_redist_01635,,,15.316041320548207,1.0982658959537719,-1.0982658959537719,dc
evening_peak,,line_synth_redist_01636,,,11.487030990411155,0.8236994219653287,-0.8236994219653287,dc
evening_peak,,line_synth_redist_01637,,,7.658020660274084,0.5491329479768846,-0.5491329479768846,dc
evening_peak,,line_synth_redist_01638,,,3.82901033013706,0.2745664739884436,-0.2745664739884436,dc
evening_peak,,line_synth_redist_01640,,,19.14505165068538,1.3728323699422238,-1.3728323699422238,dc
evening_peak,,line_synth_redist_01641,,,15.316041320548324,1.0982658959537803,-1.0982658959537803,dc
evening_peak,,line_synth_redist_01642,,,11.487030990411196,0.8236994219653317,-0.8236994219653317,dc
evening_peak,,line_synth_redist_01643,,,7.658020660274079,0.5491329479768841,-0.5491329479768841,dc
evening_peak,,line_synth_redist_01644,,,3.829010330137049,0.27456647398844275,-0.27456647398844275,dc
evening_peak,,line_synth_redist_01646,,,19.145051650684433,1.3728323699421559,-1.3728323699421559,dc
evening_peak,,line_synth_redist_01647,,,15.316041320547386,1.098265895953713,-1.098265895953713,dc
evening_peak,,line_synth_redist_01648,,,11.487030990411148,0.8236994219653283,-0.8236994219653283,dc
evening_peak,,line_synth_redist_01649,,,7.658020660274116,0.5491329479768868,-0.5491329479768868,dc
evening_peak,,line_synth_redist_01650,,,3.8290103301370544,0.2745664739884432,-0.2745664739884432,dc
evening_peak,,line_synth_redist_01652,,,19.14505165078082,1.3728323699490674,-1.3728323699490674,dc
evening_peak,,line_synth_redist_01653,,,15.31604132064377,1.0982658959606244,-1.0982658959606244,dc
evening_peak,,line_synth_redist_01654,,,11.487030990506728,0.8236994219721822,-0.8236994219721822,dc
evening_peak,,line_synth_redist_01655,,,7.658020660274098,0.5491329479768855,-0.5491329479768855,dc
evening_peak,,line_synth_redist_01656,,,3.8290103301370544,0.2745664739884432,-0.2745664739884432,dc
evening_peak,,line_synth_redist_01658,,,19.145051650685318,1.3728323699422191,-1.3728323699422191,dc
evening_peak,,line_synth_redist_01659,,,15.316041320548207,1.0982658959537719,-1.0982658959537719,dc
evening_peak,,line_synth_redist_01660,,,11.487030990411164,0.8236994219653295,-0.8236994219653295,dc
evening_peak,,line_synth_redist_01661,,,7.658020660274081,0.5491329479768844,-0.5491329479768844,dc
evening_peak,,line_synth_redist_01662,,,3.829010330137054,0.27456647398844314,-0.27456647398844314,dc
evening_peak,,line_synth_redist_01664,,,19.14505165071644,1.3728323699444507,-1.3728323699444507,dc
evening_peak,,line_synth_redist_01665,,,15.31604132057943,1.0982658959560108,-1.0982658959560108,dc
evening_peak,,line_synth_redist_01666,,,11.487030990442431,0.8236994219675715,-0.8236994219675715,dc
evening_peak,,line_synth_redist_01667,,,7.658020660305397,0.5491329479791299,-0.5491329479791299,dc
evening_peak,,line_synth_redist_01668,,,3.8290103301371365,0.2745664739884491,-0.2745664739884491,dc
evening_peak,,line_synth_redist_01670,,,19.145051650685186,1.3728323699422096,-1.3728323699422096,dc
evening_peak,,line_synth_redist_01671,,,15.31604132054811,1.098265895953765,-1.098265895953765,dc
evening_peak,,line_synth_redist_01672,,,11.487030990411101,0.823699421965325,-0.823699421965325,dc
evening_peak,,line_synth_redist_01673,,,7.65802066027408,0.5491329479768843,-0.5491329479768843,dc
evening_peak,,line_synth_redist_01674,,,3.829010330137075,0.27456647398844464,-0.27456647398844464,dc
evening_peak,,line_synth_redist_01676,,,19.14505165068527,1.3728323699422158,-1.3728323699422158,dc
evening_peak,,line_synth_redist_01677,,,15.316041320546963,1.0982658959536826,-1.0982658959536826,dc
evening_peak,,line_synth_redist_01678,,,11.487030990410323,0.8236994219652694,-0.8236994219652694,dc
evening_peak,,line_synth_redist_01679,,,7.658020660273294,0.5491329479768279,-0.5491329479768279,dc
evening_peak,,line_synth_redist_01680,,,3.8290103301370464,0.2745664739884426,-0.2745664739884426,dc
evening_peak,,line_synth_redist_01682,,,19.145051650685446,1.3728323699422285,-1.3728323699422285,dc
evening_peak,,line_synth_redist_01683,,,15.31604132054839,1.098265895953785,-1.098265895953785,dc
evening_peak,,line_synth_redist_01684,,,11.48703099041137,0.8236994219653443,-0.8236994219653443,dc
evening_peak,,line_synth_redist_01685,,,7.658020660274111,0.5491329479768865,-0.5491329479768865,dc
evening_peak,,line_synth_redist_01686,,,3.829010330137054,0.27456647398844314,-0.27456647398844314,dc
evening_peak,,line_synth_redist_01688,,,19.145051650685538,1.372832369942235,-1.372832369942235,dc
evening_peak,,line_synth_redist_01689,,,15.316041320548592,1.0982658959537996,-1.0982658959537996,dc
evening_peak,,line_synth_redist_01690,,,11.487030990411304,0.8236994219653397,-0.8236994219653397,dc
evening_peak,,line_synth_redist_01691,,,7.658020660274226,0.5491329479768947,-0.5491329479768947,dc
evening_peak,,line_synth_redist_01692,,,3.829010330137074,0.2745664739884446,-0.2745664739884446,dc
evening_peak,,line_synth_redist_01694,,,19.145051650685165,1.372832369942208,-1.372832369942208,dc
evening_peak,,line_synth_redist_01695,,,15.316041320548187,1.0982658959537706,-1.0982658959537706,dc
evening_peak,,line_synth_redist_01696,,,11.487030990411101,0.8236994219653251,-0.8236994219653251,dc
evening_peak,,line_synth_redist_01697,,,7.658020660274037,0.5491329479768812,-0.5491329479768812,dc
evening_peak,,line_synth_redist_01698,,,3.829010330137017,0.2745664739884405,-0.2745664739884405,dc
evening_peak,,line_synth_redist_01700,,,19.14505165068531,1.3728323699422187,-1.3728323699422187,dc
evening_peak,,line_synth_redist_01701,,,15.31604132054824,1.0982658959537743,-1.0982658959537743,dc
evening_peak,,line_synth_redist_01702,,,11.487030990411206,0.8236994219653326,-0.8236994219653326,dc
evening_peak,,line_synth_redist_01703,,,7.658020660274111,0.5491329479768865,-0.5491329479768865,dc
evening_peak,,line_synth_redist_01704,,,3.829010330137058,0.2745664739884434,-0.2745664739884434,dc
evening_peak,,line_synth_redist_01706,,,19.145051650685378,1.3728323699422236,-1.3728323699422236,dc
evening_peak,,line_synth_redist_01707,,,15.316041320548141,1.098265895953767,-1.098265895953767,dc
evening_peak,,line_synth_redist_01708,,,11.487030990411057,0.8236994219653219,-0.8236994219653219,dc
evening_peak,,line_synth_redist_01709,,,7.658020660273982,0.5491329479768772,-0.5491329479768772,dc
evening_peak,,line_synth_redist_01710,,,3.829010330137086,0.2745664739884454,-0.2745664739884454,dc
evening_peak,,line_synth_redist_01712,,,19.145051650684906,1.3728323699421896,-1.3728323699421896,dc
evening_peak,,line_synth_redist_01713,,,15.31604132054794,1.0982658959537528,-1.0982658959537528,dc
evening_peak,,line_synth_redist_01714,,,11.48703099041112,0.8236994219653264,-0.8236994219653264,dc
evening_peak,,line_synth_redist_01715,,,7.658020660274109,0.5491329479768864,-0.5491329479768864,dc
evening_peak,,line_synth_redist_01716,,,3.8290103301370557,0.27456647398844325,-0.27456647398844325,dc
evening_peak,,line_synth_redist_01718,,,19.145051650685236,1.3728323699422134,-1.3728323699422134,dc
evening_peak,,line_synth_redist_01719,,,15.316041320548338,1.0982658959537814,-1.0982658959537814,dc
evening_peak,,line_synth_redist_01720,,,11.487030990411338,0.823699421965342,-0.823699421965342,dc
evening_peak,,line_synth_redist_01721,,,7.658020660274268,0.5491329479768977,-0.5491329479768977,dc
evening_peak,,line_synth_redist_01722,,,3.829010330137047,0.27456647398844264,-0.27456647398844264,dc
evening_peak,,line_synth_redist_01724,,,19.145051650684973,1.3728323699421943,-1.3728323699421943,dc
evening_peak,,line_synth_redist_01725,,,15.316041320548027,1.098265895953759,-1.098265895953759,dc
evening_peak,,line_synth_redist_01726,,,11.487030990411009,0.8236994219653183,-0.8236994219653183,dc
evening_peak,,line_synth_redist_01727,,,7.6580206602742535,0.5491329479768967,-0.5491329479768967,dc
evening_peak,,line_synth_redist_01728,,,3.8290103301370704,0.2745664739884443,-0.2745664739884443,dc
evening_peak,,line_synth_redist_01730,,,19.14505165068521,1.3728323699422116,-1.3728323699422116,dc
evening_peak,,line_synth_redist_01731,,,15.316041320548035,1.0982658959537597,-1.0982658959537597,dc
evening_peak,,line_synth_redist_01732,,,11.487030990411004,0.8236994219653181,-0.8236994219653181,dc
evening_peak,,line_synth_redist_01733,,,7.65802066027384,0.5491329479768671,-0.5491329479768671,dc
evening_peak,,line_synth_redist_01734,,,3.8290103301370357,0.27456647398844186,-0.27456647398844186,dc
evening_peak,,line_synth_redist_01736,,,19.14505165068562,1.372832369942241,-1.372832369942241,dc
evening_peak,,line_synth_redist_01737,,,15.316041320548624,1.0982658959538016,-1.0982658959538016,dc
evening_peak,,line_synth_redist_01738,,,11.487030990411533,0.823699421965356,-0.823699421965356,dc
evening_peak,,line_synth_redist_01739,,,7.658020660274141,0.5491329479768887,-0.5491329479768887,dc
evening_peak,,line_synth_redist_01740,,,3.829010330137058,0.2745664739884434,-0.2745664739884434,dc
evening_peak,,line_synth_redist_01742,,,19.14505165068525,1.3728323699422142,-1.3728323699422142,dc
evening_peak,,line_synth_redist_01743,,,15.316041320548344,1.0982658959537817,-1.0982658959537817,dc
evening_peak,,line_synth_redist_01744,,,11.487030990411156,0.823699421965329,-0.823699421965329,dc
evening_peak,,line_synth_redist_01745,,,7.658020660274108,0.5491329479768863,-0.5491329479768863,dc
evening_peak,,line_synth_redist_01746,,,3.829010330137049,0.27456647398844275,-0.27456647398844275,dc
evening_peak,,line_synth_redist_01748,,,19.145051650685314,1.372832369942219,-1.372832369942219,dc
evening_peak,,line_synth_redist_01749,,,15.316041320548235,1.0982658959537739,-1.0982658959537739,dc
evening_peak,,line_synth_redist_01750,,,11.487030990411036,0.8236994219653204,-0.8236994219653204,dc
evening_peak,,line_synth_redist_01751,,,7.6580206602740395,0.5491329479768814,-0.5491329479768814,dc
evening_peak,,line_synth_redist_01752,,,3.8290103301370504,0.2745664739884429,-0.2745664739884429,dc
evening_peak,,line_synth_redist_01754,,,19.14505165068529,1.3728323699422171,-1.3728323699422171,dc
evening_peak,,line_synth_redist_01755,,,15.316041320548296,1.0982658959537783,-1.0982658959537783,dc
evening_peak,,line_synth_redist_01756,,,11.487030990411155,0.8236994219653289,-0.8236994219653289,dc
evening_peak,,line_synth_redist_01757,,,7.658020660274111,0.5491329479768865,-0.5491329479768865,dc
evening_peak,,line_synth_redist_01758,,,3.829010330137064,0.27456647398844386,-0.27456647398844386,dc
evening_peak,,line_synth_redist_01760,,,19.145051650685303,1.372832369942218,-1.372832369942218,dc
evening_peak,,line_synth_redist_01761,,,15.316041320548223,1.098265895953773,-1.098265895953773,dc
evening_peak,,line_synth_redist_01762,,,11.487030990411148,0.8236994219653284,-0.8236994219653284,dc
evening_peak,,line_synth_redist_01763,,,7.658020660274116,0.5491329479768868,-0.5491329479768868,dc
evening_peak,,line_synth_redist_01764,,,3.8290103301370504,0.2745664739884429,-0.2745664739884429,dc
evening_peak,,line_synth_redist_01766,,,19.145051650685215,1.3728323699422118,-1.3728323699422118,dc
evening_peak,,line_synth_redist_01767,,,15.316041320548077,1.0982658959537626,-1.0982658959537626,dc
evening_peak,,line_synth_redist_01768,,,11.487030990411103,0.8236994219653252,-0.8236994219653252,dc
evening_peak,,line_synth_redist_01769,,,7.658020660274088,0.5491329479768848,-0.5491329479768848,dc
evening_peak,,line_synth_redist_01770,,,3.829010330137058,0.2745664739884434,-0.2745664739884434,dc
evening_peak,,line_synth_redist_01772,,,19.145051650685062,1.3728323699422007,-1.3728323699422007,dc
evening_peak,,line_synth_redist_01773,,,15.316041320548052,1.0982658959537608,-1.0982658959537608,dc
evening_peak,,line_synth_redist_01774,,,11.48703099041104,0.8236994219653206,-0.8236994219653206,dc
evening_peak,,line_synth_redist_01775,,,7.6580206602739676,0.5491329479768763,-0.5491329479768763,dc
evening_peak,,line_synth_redist_01776,,,3.8290103301370295,0.27456647398844136,-0.27456647398844136,dc
evening_peak,,line_synth_redist_01778,,,19.145051650685012,1.372832369942197,-1.372832369942197,dc
evening_peak,,line_synth_redist_01779,,,15.316041320548123,1.098265895953766,-1.098265895953766,dc
evening_peak,,line_synth_redist_01780,,,11.487030990411133,0.8236994219653273,-0.8236994219653273,dc
evening_peak,,line_synth_redist_01781,,,7.658020660274083,0.5491329479768845,-0.5491329479768845,dc
evening_peak,,line_synth_redist_01782,,,3.829010330137054,0.27456647398844314,-0.27456647398844314,dc
evening_peak,,line_synth_redist_01784,,,19.145051650685236,1.3728323699422131,-1.3728323699422131,dc
evening_peak,,line_synth_redist_01785,,,15.316041320547786,1.0982658959537417,-1.0982658959537417,dc
evening_peak,,line_synth_redist_01786,,,11.487030990410323,0.8236994219652692,-0.8236994219652692,dc
evening_peak,,line_synth_redist_01787,,,7.658020660273065,0.5491329479768116,-0.5491329479768116,dc
evening_peak,,line_synth_redist_01788,,,3.8290103301370113,0.2745664739884401,-0.2745664739884401,dc
evening_peak,,line_synth_redist_01790,,,3.8290103301372653,0.27456647398845835,-0.27456647398845835,dc
evening_peak,,line_synth_redist_01792,,,19.14505165068605,1.3728323699422715,-1.3728323699422715,dc
evening_peak,,line_synth_redist_01793,,,15.31604132054821,1.098265895953772,-1.098265895953772,dc
evening_peak,,line_synth_redist_01794,,,11.487030990411188,0.8236994219653313,-0.8236994219653313,dc
evening_peak,,line_synth_redist_01795,,,7.65802066027419,0.5491329479768922,-0.5491329479768922,dc
evening_peak,,line_synth_redist_01796,,,3.8290103301371157,0.2745664739884476,-0.2745664739884476,dc
evening_peak,,line_synth_redist_01798,,,19.14505165068512,1.372832369942205,-1.372832369942205,dc
evening_peak,,line_synth_redist_01799,,,15.316041320548146,1.0982658959537677,-1.0982658959537677,dc
evening_peak,,line_synth_redist_01800,,,11.487030990411103,0.8236994219653252,-0.8236994219653252,dc
evening_peak,,line_synth_redist_01801,,,7.658020660274158,0.5491329479768898,-0.5491329479768898,dc
evening_peak,,line_synth_redist_01802,,,3.829010330136997,0.27456647398843903,-0.27456647398843903,dc
evening_peak,,line_synth_redist_01804,,,19.145051650684433,1.3728323699421559,-1.3728323699421559,dc
evening_peak,,line_synth_redist_01805,,,15.31604132054752,1.0982658959537224,-1.0982658959537224,dc
evening_peak,,line_synth_redist_01806,,,11.487030990410343,0.8236994219652706,-0.8236994219652706,dc
evening_peak,,line_synth_redist_01807,,,7.658020660273862,0.5491329479768686,-0.5491329479768686,dc
evening_peak,,line_synth_redist_01808,,,3.8290103301370775,0.2745664739884448,-0.2745664739884448,dc
evening_peak,,line_synth_redist_01810,,,19.145051650686877,1.3728323699423308,-1.3728323699423308,dc
evening_peak,,line_synth_redist_01811,,,15.316041320548242,1.0982658959537746,-1.0982658959537746,dc
evening_peak,,line_synth_redist_01812,,,11.48703099041133,0.8236994219653414,-0.8236994219653414,dc
evening_peak,,line_synth_redist_01813,,,7.658020660274079,0.5491329479768842,-0.5491329479768842,dc
evening_peak,,line_synth_redist_01814,,,3.82901033013707,0.27456647398844425,-0.27456647398844425,dc
evening_peak,,line_synth_redist_01816,,,19.145051650685303,1.372832369942218,-1.372832369942218,dc
evening_peak,,line_synth_redist_01817,,,15.3160413205483,1.0982658959537785,-1.0982658959537785,dc
evening_peak,,line_synth_redist_01818,,,11.487030990412107,0.8236994219653972,-0.8236994219653972,dc
evening_peak,,line_synth_redist_01819,,,7.658020660274735,0.5491329479769312,-0.5491329479769312,dc
evening_peak,,line_synth_redist_01820,,,3.8290103301370846,0.27456647398844536,-0.27456647398844536,dc
evening_peak,,line_synth_redist_01822,,,19.14505165068508,1.372832369942202,-1.372832369942202,dc
evening_peak,,line_synth_redist_01823,,,15.316041320547422,1.0982658959537155,-1.0982658959537155,dc
evening_peak,,line_synth_redist_01824,,,11.487030990411279,0.8236994219653379,-0.8236994219653379,dc
evening_peak,,line_synth_redist_01825,,,7.658020660274113,0.5491329479768867,-0.5491329479768867,dc
evening_peak,,line_synth_redist_01826,,,3.829010330136963,0.2745664739884366,-0.2745664739884366,dc
evening_peak,,line_synth_redist_01828,,,19.14505165068496,1.3728323699421932,-1.3728323699421932,dc
evening_peak,,line_synth_redist_01829,,,15.316041320548242,1.0982658959537746,-1.0982658959537746,dc
evening_peak,,line_synth_redist_01830,,,11.487030990411286,0.8236994219653384,-0.8236994219653384,dc
evening_peak,,line_synth_redist_01831,,,7.658020660274093,0.5491329479768852,-0.5491329479768852,dc
evening_peak,,line_synth_redist_01832,,,3.8290103301369975,0.2745664739884391,-0.2745664739884391,dc
evening_peak,,line_synth_redist_01834,,,19.145051650682234,1.3728323699419978,-1.3728323699419978,dc
evening_peak,,line_synth_redist_01835,,,15.316041320551896,1.0982658959540366,-1.0982658959540366,dc
evening_peak,,line_synth_redist_01836,,,11.48703099041116,0.8236994219653293,-0.8236994219653293,dc
evening_peak,,line_synth_redist_01837,,,7.658020660274236,0.5491329479768954,-0.5491329479768954,dc
evening_peak,,line_synth_redist_01838,,,3.829010330136965,0.27456647398843675,-0.27456647398843675,dc
evening_peak,,line_synth_redist_01840,,,19.145051650685286,1.3728323699422167,-1.3728323699422167,dc
evening_peak,,line_synth_redist_01841,,,15.316041320548301,1.0982658959537788,-1.0982658959537788,dc
evening_peak,,line_synth_redist_01842,,,11.487030990411244,0.8236994219653354,-0.8236994219653354,dc
evening_peak,,line_synth_redist_01843,,,7.658020660274397,0.549132947976907,-0.549132947976907,dc
evening_peak,,line_synth_redist_01844,,,3.829010330137028,0.2745664739884413,-0.2745664739884413,dc
evening_peak,,line_synth_redist_01846,,,19.145051650683463,1.3728323699420864,-1.3728323699420864,dc
evening_peak,,line_synth_redist_01847,,,15.316041320546478,1.098265895953648,-1.098265895953648,dc
evening_peak,,line_synth_redist_01848,,,11.487030990411034,0.8236994219653202,-0.8236994219653202,dc
evening_peak,,line_synth_redist_01849,,,7.658020660273988,0.5491329479768777,-0.5491329479768777,dc
evening_peak,,line_synth_redist_01850,,,3.8290103301371574,0.2745664739884505,-0.2745664739884505,dc
evening_peak,,line_synth_redist_01852,,,19.14505165068589,1.3728323699422602,-1.3728323699422602,dc
evening_peak,,line_synth_redist_01853,,,15.316041320548369,1.0982658959537834,-1.0982658959537834,dc
evening_peak,,line_synth_redist_01854,,,11.487030990411137,0.8236994219653277,-0.8236994219653277,dc
evening_peak,,line_synth_redist_01855,,,7.658020660274009,0.5491329479768792,-0.5491329479768792,dc
evening_peak,,line_synth_redist_01856,,,3.829010330137128,0.27456647398844847,-0.27456647398844847,dc
evening_peak,,line_synth_redist_01858,,,19.145051650685115,1.3728323699422047,-1.3728323699422047,dc
evening_peak,,line_synth_redist_01859,,,15.316041320548269,1.0982658959537763,-1.0982658959537763,dc
evening_peak,,line_synth_redist_01860,,,11.487030990411174,0.8236994219653303,-0.8236994219653303,dc
evening_peak,,line_synth_redist_01861,,,7.658020660274037,0.5491329479768812,-0.5491329479768812,dc
evening_peak,,line_synth_redist_01862,,,3.829010330137054,0.27456647398844314,-0.27456647398844314,dc
evening_peak,,line_synth_redist_01864,,,19.145051650684863,1.3728323699421867,-1.3728323699421867,dc
evening_peak,,line_synth_redist_01865,,,15.316041320547935,1.0982658959537523,-1.0982658959537523,dc
evening_peak,,line_synth_redist_01866,,,11.48703099041092,0.8236994219653121,-0.8236994219653121,dc
evening_peak,,line_synth_redist_01867,,,7.658020660274007,0.5491329479768791,-0.5491329479768791,dc
evening_peak,,line_synth_redist_01868,,,3.8290103301370007,0.27456647398843925,-0.27456647398843925,dc
evening_peak,,line_synth_redist_01871,,,19.145051650685236,1.3728323699422134,-1.3728323699422134,dc
evening_peak,,line_synth_redist_01872,,,15.316041320548218,1.0982658959537728,-1.0982658959537728,dc
evening_peak,,line_synth_redist_01873,,,11.487030990411185,0.823699421965331,-0.823699421965331,dc
evening_peak,,line_synth_redist_01874,,,7.658020660274094,0.5491329479768853,-0.5491329479768853,dc
evening_peak,,line_synth_redist_01875,,,3.829010330137091,0.27456647398844575,-0.27456647398844575,dc
evening_peak,,line_synth_redist_01877,,,19.14505165068575,1.3728323699422502,-1.3728323699422502,dc
evening_peak,,line_synth_redist_01878,,,15.316041320548637,1.0982658959538028,-1.0982658959538028,dc
evening_peak,,line_synth_redist_01879,,,11.487030990411624,0.8236994219653626,-0.8236994219653626,dc
evening_peak,,line_synth_redist_01880,,,7.658020660274596,0.5491329479769212,-0.5491329479769212,dc
evening_peak,,line_synth_redist_01881,,,3.8290103301370864,0.27456647398844547,-0.27456647398844547,dc
evening_peak,,line_synth_redist_01883,,,19.145051650684763,1.3728323699421794,-1.3728323699421794,dc
evening_peak,,line_synth_redist_01884,,,15.316041320547932,1.0982658959537521,-1.0982658959537521,dc
evening_peak,,line_synth_redist_01885,,,11.487030990411505,0.8236994219653541,-0.8236994219653541,dc
evening_peak,,line_synth_redist_01886,,,7.65802066027409,0.5491329479768849,-0.5491329479768849,dc
evening_peak,,line_synth_redist_01887,,,3.829010330137074,0.2745664739884446,-0.2745664739884446,dc
evening_peak,,line_synth_redist_01889,,,19.145051650682003,1.3728323699419813,-1.3728323699419813,dc
evening_peak,,line_synth_redist_01890,,,15.316041320546766,1.0982658959536686,-1.0982658959536686,dc
evening_peak,,line_synth_redist_01891,,,11.487030990409965,0.8236994219652436,-0.8236994219652436,dc
evening_peak,,line_synth_redist_01892,,,7.658020660273836,0.5491329479768667,-0.5491329479768667,dc
evening_peak,,line_synth_redist_01893,,,3.829010330136929,0.2745664739884342,-0.2745664739884342,dc
evening_peak,,line_synth_redist_01895,,,19.145051650684653,1.3728323699421714,-1.3728323699421714,dc
evening_peak,,line_synth_redist_01896,,,15.316041320549484,1.0982658959538634,-1.0982658959538634,dc
evening_peak,,line_synth_redist_01897,,,11.487030990412284,0.82369942196541,-0.82369942196541,dc
evening_peak,,line_synth_redist_01898,,,7.658020660274978,0.5491329479769487,-0.5491329479769487,dc
evening_peak,,line_synth_redist_01899,,,3.8290103301371454,0.2745664739884497,-0.2745664739884497,dc
evening_peak,,line_synth_redist_01901,,,19.145051650685346,1.3728323699422214,-1.3728323699422214,dc
evening_peak,,line_synth_redist_01902,,,15.31604132054828,1.098265895953777,-1.098265895953777,dc
evening_peak,,line_synth_redist_01903,,,11.487030990411164,0.8236994219653295,-0.8236994219653295,dc
evening_peak,,line_synth_redist_01904,,,7.658020660274118,0.5491329479768869,-0.5491329479768869,dc
evening_peak,,line_synth_redist_01905,,,3.829010330137054,0.27456647398844314,-0.27456647398844314,dc
evening_peak,,line_synth_redist_01907,,,19.14505165068513,1.3728323699422056,-1.3728323699422056,dc
evening_peak,,line_synth_redist_01908,,,15.31604132054804,1.09826589595376,-1.09826589595376,dc
evening_peak,,line_synth_redist_01909,,,11.487030990411164,0.8236994219653294,-0.8236994219653294,dc
evening_peak,,line_synth_redist_01910,,,7.658020660274109,0.5491329479768864,-0.5491329479768864,dc
evening_peak,,line_synth_redist_01911,,,3.8290103301370566,0.2745664739884433,-0.2745664739884433,dc
evening_peak,,line_synth_redist_01913,,,19.14505165068526,1.372832369942215,-1.372832369942215,dc
evening_peak,,line_synth_redist_01914,,,15.316041320548207,1.0982658959537719,-1.0982658959537719,dc
evening_peak,,line_synth_redist_01915,,,11.48703099041116,0.8236994219653293,-0.8236994219653293,dc
evening_peak,,line_synth_redist_01916,,,7.658020660274116,0.5491329479768868,-0.5491329479768868,dc
evening_peak,,line_synth_redist_01917,,,3.8290103301370557,0.27456647398844325,-0.27456647398844325,dc
evening_peak,,line_synth_redist_01919,,,19.14505165068526,1.372832369942215,-1.372832369942215,dc
evening_peak,,line_synth_redist_01920,,,15.316041320548177,1.0982658959537697,-1.0982658959537697,dc
evening_peak,,line_synth_redist_01921,,,11.487030990411165,0.8236994219653297,-0.8236994219653297,dc
evening_peak,,line_synth_redist_01922,,,7.658020660274101,0.5491329479768858,-0.5491329479768858,dc
evening_peak,,line_synth_redist_01923,,,3.8290103301370624,0.27456647398844375,-0.27456647398844375,dc
evening_peak,,line_synth_redist_01925,,,19.145051650685303,1.372832369942218,-1.372832369942218,dc
evening_peak,,line_synth_redist_01926,,,15.316041320548207,1.0982658959537719,-1.0982658959537719,dc
evening_peak,,line_synth_redist_01927,,,11.487030990411172,0.8236994219653302,-0.8236994219653302,dc
evening_peak,,line_synth_redist_01928,,,7.658020660274121,0.5491329479768873,-0.5491329479768873,dc
evening_peak,,line_synth_redist_01929,,,3.8290103301370593,0.2745664739884435,-0.2745664739884435,dc
evening_peak,,line_synth_redist_01931,,,19.145051650695095,1.3728323699429201,-1.3728323699429201,dc
evening_peak,,line_synth_redist_01932,,,15.316041320557977,1.0982658959544724,-1.0982658959544724,dc
evening_peak,,line_synth_redist_01933,,,11.48703099042092,0.8236994219660292,-0.8236994219660292,dc
evening_peak,,line_synth_redist_01934,,,7.658020660274094,0.5491329479768853,-0.5491329479768853,dc
evening_peak,,line_synth_redist_01935,,,3.829010330137058,0.2745664739884434,-0.2745664739884434,dc
evening_peak,,line_synth_redist_01937,,,73.09448685394582,5.241379310346275,-5.241379310346275,dc
evening_peak,,line_synth_redist_01938,,,58.47558948316055,4.1931034482772995,-4.1931034482772995,dc
evening_peak,,line_synth_redist_01939,,,43.85669211237522,3.1448275862083195,-3.1448275862083195,dc
evening_peak,,line_synth_redist_01940,,,29.23779474157069,2.096551724137962,-2.096551724137962,dc
evening_peak,,line_synth_redist_01941,,,14.618897370785177,1.0482758620689692,-1.0482758620689692,dc
evening_peak,,line_synth_redist_01943,,,73.09448685392661,5.241379310344898,-5.241379310344898,dc
evening_peak,,line_synth_redist_01944,,,58.47558948314112,4.193103448275906,-4.193103448275906,dc
evening_peak,,line_synth_redist_01945,,,43.85669211235586,3.144827586206931,-3.144827586206931,dc
evening_peak,,line_synth_redist_01946,,,29.237794741570607,2.096551724137956,-2.096551724137956,dc
evening_peak,,line_synth_redist_01947,,,14.618897370785252,1.0482758620689745,-1.0482758620689745,dc
evening_peak,,line_synth_redist_01949,,,73.09448685392684,5.241379310344914,-5.241379310344914,dc
evening_peak,,line_synth_redist_01950,,,58.47558948314134,4.193103448275922,-4.193103448275922,dc
evening_peak,,line_synth_redist_01951,,,43.856692112356065,3.1448275862069455,-3.1448275862069455,dc
evening_peak,,line_synth_redist_01952,,,29.2377947415707,2.096551724137963,-2.096551724137963,dc
evening_peak,,line_synth_redist_01953,,,14.61889737078535,1.0482758620689814,-1.0482758620689814,dc
evening_peak,,line_synth_redist_01955,,,73.09448685392648,5.241379310344887,-5.241379310344887,dc
evening_peak,,line_synth_redist_01956,,,58.47558948314111,4.193103448275905,-4.193103448275905,dc
evening_peak,,line_synth_redist_01957,,,43.85669211235586,3.144827586206931,-3.144827586206931,dc
evening_peak,,line_synth_redist_01958,,,29.23779474157056,2.096551724137953,-2.096551724137953,dc
evening_peak,,line_synth_redist_01959,,,14.618897370785277,1.0482758620689763,-1.0482758620689763,dc
evening_peak,,line_synth_redist_01961,,,73.09448685392664,5.2413793103448985,-5.2413793103448985,dc
evening_peak,,line_synth_redist_01962,,,58.47558948314124,4.193103448275915,-4.193103448275915,dc
evening_peak,,line_synth_redist_01963,,,43.85669211235587,3.1448275862069313,-3.1448275862069313,dc
evening_peak,,line_synth_redist_01964,,,29.23779474157056,2.096551724137953,-2.096551724137953,dc
evening_peak,,line_synth_redist_01965,,,14.618897370785275,1.048275862068976,-1.048275862068976,dc
evening_peak,,line_synth_redist_01967,,,73.09448685392648,5.241379310344889,-5.241379310344889,dc
evening_peak,,line_synth_redist_01968,,,58.47558948314111,4.193103448275905,-4.193103448275905,dc
evening_peak,,line_synth_redist_01969,,,43.85669211235583,3.144827586206929,-3.144827586206929,dc
evening_peak,,line_synth_redist_01970,,,29.23779474157055,2.096551724137952,-2.096551724137952,dc
evening_peak,,line_synth_redist_01971,,,14.61889737078528,1.0482758620689765,-1.0482758620689765,dc
evening_peak,,line_synth_redist_01973,,,73.09448685392657,5.241379310344894,-5.241379310344894,dc
evening_peak,,line_synth_redist_01974,,,58.4755894831412,4.193103448275911,-4.193103448275911,dc
evening_peak,,line_synth_redist_01975,,,43.856692112355915,3.1448275862069344,-3.1448275862069344,dc
evening_peak,,line_synth_redist_01976,,,29.2377947415706,2.0965517241379557,-2.0965517241379557,dc
evening_peak,,line_synth_redist_01977,,,14.618897370785275,1.048275862068976,-1.048275862068976,dc
evening_peak,,line_synth_redist_01979,,,14.618897370785424,1.048275862068987,-1.048275862068987,dc
evening_peak,,line_synth_redist_01981,,,73.09448685392643,5.241379310344884,-5.241379310344884,dc
evening_peak,,line_synth_redist_01982,,,58.47558948314112,4.193103448275906,-4.193103448275906,dc
evening_peak,,line_synth_redist_01983,,,43.85669211235585,3.14482758620693,-3.14482758620693,dc
evening_peak,,line_synth_redist_01984,,,29.23779474157056,2.096551724137953,-2.096551724137953,dc
evening_peak,,line_synth_redist_01985,,,14.61889737078528,1.0482758620689765,-1.0482758620689765,dc
evening_peak,,line_synth_redist_01987,,,73.09448685392698,5.241379310344924,-5.241379310344924,dc
evening_peak,,line_synth_redist_01988,,,58.47558948314201,4.193103448275969,-4.193103448275969,dc
evening_peak,,line_synth_redist_01989,,,43.856692112355915,3.144827586206935,-3.144827586206935,dc
evening_peak,,line_synth_redist_01990,,,29.2377947415705,2.0965517241379485,-2.0965517241379485,dc
evening_peak,,line_synth_redist_01991,,,14.61889737078525,1.0482758620689743,-1.0482758620689743,dc
evening_peak,,line_synth_redist_01993,,,73.09448685392641,5.2413793103448825,-5.2413793103448825,dc
evening_peak,,line_synth_redist_01994,,,58.475589483141164,4.193103448275909,-4.193103448275909,dc
evening_peak,,line_synth_redist_01995,,,43.85669211235585,3.1448275862069304,-3.1448275862069304,dc
evening_peak,,line_synth_redist_01996,,,29.2377947415706,2.0965517241379557,-2.0965517241379557,dc
evening_peak,,line_synth_redist_01997,,,14.618897370785277,1.0482758620689763,-1.0482758620689763,dc
evening_peak,,line_synth_redist_01999,,,73.09448685392643,5.241379310344884,-5.241379310344884,dc
evening_peak,,line_synth_redist_02000,,,58.47558948314111,4.193103448275905,-4.193103448275905,dc
evening_peak,,line_synth_redist_02001,,,43.856692112355844,3.1448275862069295,-3.1448275862069295,dc
evening_peak,,line_synth_redist_02002,,,29.237794741570568,2.0965517241379534,-2.0965517241379534,dc
evening_peak,,line_synth_redist_02003,,,14.61889737078528,1.0482758620689765,-1.0482758620689765,dc
evening_peak,,line_synth_redist_02005,,,73.09448685392579,5.241379310344838,-5.241379310344838,dc
evening_peak,,line_synth_redist_02006,,,58.475589483140475,4.19310344827586,-4.19310344827586,dc
evening_peak,,line_synth_redist_02007,,,43.856692112356015,3.144827586206942,-3.144827586206942,dc
evening_peak,,line_synth_redist_02008,,,29.237794741571072,2.0965517241379894,-2.0965517241379894,dc
evening_peak,,line_synth_redist_02009,,,14.618897370785112,1.0482758620689643,-1.0482758620689643,dc
evening_peak,,line_synth_redist_02011,,,73.09448685392614,5.241379310344864,-5.241379310344864,dc
evening_peak,,line_synth_redist_02012,,,58.47558948314111,4.193103448275905,-4.193103448275905,dc
evening_peak,,line_synth_redist_02013,,,43.856692112355844,3.1448275862069295,-3.1448275862069295,dc
evening_peak,,line_synth_redist_02014,,,29.237794741570628,2.096551724137958,-2.096551724137958,dc
evening_peak,,line_synth_redist_02015,,,14.61889737078528,1.0482758620689765,-1.0482758620689765,dc
evening_peak,,line_synth_redist_02017,,,73.09448685392664,5.2413793103448985,-5.2413793103448985,dc
evening_peak,,line_synth_redist_02018,,,58.47558948314139,4.193103448275925,-4.193103448275925,dc
evening_peak,,line_synth_redist_02019,,,43.85669211235597,3.144827586206939,-3.144827586206939,dc
evening_peak,,line_synth_redist_02020,,,29.237794741570678,2.0965517241379614,-2.0965517241379614,dc
evening_peak,,line_synth_redist_02021,,,14.618897370785266,1.0482758620689756,-1.0482758620689756,dc
evening_peak,,line_synth_redist_02023,,,73.0944868539269,5.241379310344918,-5.241379310344918,dc
evening_peak,,line_synth_redist_02024,,,58.47558948314141,4.193103448275927,-4.193103448275927,dc
evening_peak,,line_synth_redist_02025,,,43.85669211235585,3.14482758620693,-3.14482758620693,dc
evening_peak,,line_synth_redist_02026,,,29.23779474157062,2.0965517241379574,-2.0965517241379574,dc
evening_peak,,line_synth_redist_02027,,,14.618897370785277,1.0482758620689763,-1.0482758620689763,dc
evening_peak,,line_synth_redist_02053,,,73.09448685392627,5.241379310344873,-5.241379310344873,dc
evening_peak,,line_synth_redist_02054,,,58.475589483141164,4.193103448275909,-4.193103448275909,dc
evening_peak,,line_synth_redist_02055,,,43.85669211235587,3.1448275862069313,-3.1448275862069313,dc
evening_peak,,line_synth_redist_02056,,,29.237794741570568,2.0965517241379534,-2.0965517241379534,dc
evening_peak,,line_synth_redist_02057,,,14.618897370785284,1.0482758620689767,-1.0482758620689767,dc
evening_peak,,line_synth_redist_02059,,,73.09448685396247,5.241379310347468,-5.241379310347468,dc
evening_peak,,line_synth_redist_02060,,,58.475589483141135,4.193103448275907,-4.193103448275907,dc
evening_peak,,line_synth_redist_02061,,,43.85669211235583,3.144827586206929,-3.144827586206929,dc
evening_peak,,line_synth_redist_02062,,,29.23779474157056,2.096551724137953,-2.096551724137953,dc
evening_peak,,line_synth_redist_02063,,,14.618897370785277,1.0482758620689763,-1.0482758620689763,dc
evening_peak,,line_synth_redist_02065,,,14.618897370785197,1.0482758620689707,-1.0482758620689707,dc
evening_peak,,line_synth_redist_02067,,,73.09448685393231,5.241379310345305,-5.241379310345305,dc
evening_peak,,line_synth_redist_02068,,,58.475589483146905,4.193103448276321,-4.193103448276321,dc
evening_peak,,line_synth_redist_02069,,,43.8566921123619,3.144827586207364,-3.144827586207364,dc
evening_peak,,line_synth_redist_02070,,,29.23779474157667,2.0965517241383913,-2.0965517241383913,dc
evening_peak,,line_synth_redist_02071,,,14.61889737078536,1.048275862068982,-1.048275862068982,dc
evening_peak,,line_synth_redist_02073,,,73.09448685392648,5.241379310344887,-5.241379310344887,dc
evening_peak,,line_synth_redist_02074,,,58.475589483141235,4.193103448275914,-4.193103448275914,dc
evening_peak,,line_synth_redist_02075,,,43.85669211235597,3.144827586206939,-3.144827586206939,dc
evening_peak,,line_synth_redist_02076,,,29.237794741570656,2.0965517241379596,-2.0965517241379596,dc
evening_peak,,line_synth_redist_02077,,,14.618897370785264,1.0482758620689752,-1.0482758620689752,dc
evening_peak,,line_synth_redist_02079,,,73.09448685392643,5.241379310344884,-5.241379310344884,dc
evening_peak,,line_synth_redist_02080,,,58.47558948314112,4.193103448275906,-4.193103448275906,dc
evening_peak,,line_synth_redist_02081,,,43.85669211235586,3.144827586206931,-3.144827586206931,dc
evening_peak,,line_synth_redist_02082,,,29.237794741570568,2.0965517241379534,-2.0965517241379534,dc
evening_peak,,line_synth_redist_02083,,,14.618897370785284,1.0482758620689767,-1.0482758620689767,dc
evening_peak,,line_synth_redist_02085,,,14.618897370785366,1.0482758620689827,-1.0482758620689827,dc
evening_peak,,line_synth_redist_02159,,,73.09448685392674,5.2413793103449065,-5.2413793103449065,dc
evening_peak,,line_synth_redist_02160,,,58.475589483141256,4.193103448275916,-4.193103448275916,dc
evening_peak,,line_synth_redist_02161,,,43.85669211235593,3.1448275862069366,-3.1448275862069366,dc
evening_peak,,line_synth_redist_02162,,,29.23779474157054,2.0965517241379517,-2.0965517241379517,dc
evening_peak,,line_synth_redist_02163,,,14.618897370785277,1.0482758620689763,-1.0482758620689763,dc
evening_peak,,line_synth_redist_02165,,,73.09448685392681,5.241379310344912,-5.241379310344912,dc
evening_peak,,line_synth_redist_02166,,,58.475589483141235,4.193103448275914,-4.193103448275914,dc
evening_peak,,line_synth_redist_02167,,,43.856692112356,3.1448275862069406,-3.1448275862069406,dc
evening_peak,,line_synth_redist_02168,,,29.23779474157059,2.096551724137955,-2.096551724137955,dc
evening_peak,,line_synth_redist_02169,,,14.618897370785225,1.0482758620689723,-1.0482758620689723,dc
evening_peak,,line_synth_redist_02171,,,73.09448685392671,5.241379310344904,-5.241379310344904,dc
evening_peak,,line_synth_redist_02172,,,58.4755894831413,4.193103448275918,-4.193103448275918,dc
evening_peak,,line_synth_redist_02173,,,43.856692112355915,3.1448275862069344,-3.1448275862069344,dc
evening_peak,,line_synth_redist_02174,,,29.23779474157054,2.0965517241379517,-2.0965517241379517,dc
evening_peak,,line_synth_redist_02175,,,14.618897370785211,1.0482758620689716,-1.0482758620689716,dc
evening_peak,,line_synth_redist_02177,,,73.09448685392641,5.2413793103448825,-5.2413793103448825,dc
evening_peak,,line_synth_redist_02178,,,58.4755894831411,4.193103448275904,-4.193103448275904,dc
evening_peak,,line_synth_redist_02179,,,43.85669211235583,3.144827586206929,-3.144827586206929,dc
evening_peak,,line_synth_redist_02180,,,29.237794741570553,2.0965517241379525,-2.0965517241379525,dc
evening_peak,,line_synth_redist_02181,,,14.618897370785294,1.0482758620689774,-1.0482758620689774,dc
evening_peak,,line_synth_redist_02203,,,73.09448685392643,5.241379310344884,-5.241379310344884,dc
evening_peak,,line_synth_redist_02204,,,58.475589483141135,4.193103448275907,-4.193103448275907,dc
evening_peak,,line_synth_redist_02205,,,43.8566921123558,3.144827586206927,-3.144827586206927,dc
evening_peak,,line_synth_redist_02206,,,29.23779474157059,2.0965517241379548,-2.0965517241379548,dc
evening_peak,,line_synth_redist_02207,,,14.618897370785266,1.0482758620689756,-1.0482758620689756,dc
evening_peak,,line_synth_redist_02209,,,73.09448685375085,5.241379310332294,-5.241379310332294,dc
evening_peak,,line_synth_redist_02210,,,58.47558948296548,4.193103448263311,-4.193103448263311,dc
evening_peak,,line_synth_redist_02211,,,43.85669211235583,3.144827586206929,-3.144827586206929,dc
evening_peak,,line_synth_redist_02212,,,29.237794741570532,2.096551724137951,-2.096551724137951,dc
evening_peak,,line_synth_redist_02213,,,14.618897370785294,1.0482758620689774,-1.0482758620689774,dc
evening_peak,,line_synth_redist_02215,,,73.09448685392644,5.241379310344886,-5.241379310344886,dc
evening_peak,,line_synth_redist_02216,,,58.4755894831412,4.193103448275911,-4.193103448275911,dc
evening_peak,,line_synth_redist_02217,,,43.85669211235589,3.1448275862069326,-3.1448275862069326,dc
evening_peak,,line_synth_redist_02218,,,29.237794741570553,2.0965517241379525,-2.0965517241379525,dc
evening_peak,,line_synth_redist_02219,,,14.618897370785277,1.0482758620689763,-1.0482758620689763,dc
evening_peak,,line_synth_redist_02221,,,73.09448685392643,5.241379310344883,-5.241379310344883,dc
evening_peak,,line_synth_redist_02222,,,58.4755894831412,4.193103448275911,-4.193103448275911,dc
evening_peak,,line_synth_redist_02223,,,43.85669211235583,3.144827586206929,-3.144827586206929,dc
evening_peak,,line_synth_redist_02224,,,29.237794741570607,2.096551724137956,-2.096551724137956,dc
evening_peak,,line_synth_redist_02225,,,14.618897370785291,1.0482758620689772,-1.0482758620689772,dc
evening_peak,,line_synth_redist_02227,,,43.437297515653626,3.1147540983607342,-3.1147540983607342,dc
evening_peak,,line_synth_redist_02228,,,34.74983801252279,2.4918032786885793,-2.4918032786885793,dc
evening_peak,,line_synth_redist_02229,,,26.062378509392488,1.8688524590164626,-1.8688524590164626,dc
evening_peak,,line_synth_redist_02230,,,17.374919006261678,1.24590163934431,-1.24590163934431,dc
evening_peak,,line_synth_redist_02231,,,8.68745950313083,0.6229508196721545,-0.6229508196721545,dc
evening_peak,,line_synth_redist_02233,,,43.437297515654436,3.1147540983607924,-3.1147540983607924,dc
evening_peak,,line_synth_redist_02234,,,34.74983801252351,2.4918032786886317,-2.4918032786886317,dc
evening_peak,,line_synth_redist_02235,,,26.062378509392538,1.8688524590164663,-1.8688524590164663,dc
evening_peak,,line_synth_redist_02236,,,17.374919006261695,1.2459016393443112,-1.2459016393443112,dc
evening_peak,,line_synth_redist_02237,,,8.687459503130809,0.6229508196721528,-0.6229508196721528,dc
evening_peak,,line_synth_redist_02239,,,43.437297515646925,3.114754098360254,-3.114754098360254,dc
evening_peak,,line_synth_redist_02240,,,34.749838012515646,2.4918032786880673,-2.4918032786880673,dc
evening_peak,,line_synth_redist_02241,,,26.062378509384832,1.8688524590159141,-1.8688524590159141,dc
evening_peak,,line_synth_redist_02242,,,17.374919006253887,1.2459016393437512,-1.2459016393437512,dc
evening_peak,,line_synth_redist_02243,,,8.687459503130842,0.6229508196721553,-0.6229508196721553,dc
evening_peak,,line_synth_redist_02246,,,43.437297515654,3.114754098360761,-3.114754098360761,dc
evening_peak,,line_synth_redist_02247,,,34.74983801252327,2.491803278688614,-2.491803278688614,dc
evening_peak,,line_synth_redist_02248,,,26.06237850939246,1.8688524590164606,-1.8688524590164606,dc
evening_peak,,line_synth_redist_02249,,,17.37491900626168,1.2459016393443103,-1.2459016393443103,dc
evening_peak,,line_synth_redist_02250,,,8.687459503130828,0.6229508196721544,-0.6229508196721544,dc
evening_peak,,line_synth_redist_02252,,,43.43729751565414,3.1147540983607707,-3.1147540983607707,dc
evening_peak,,line_synth_redist_02253,,,34.749838012523526,2.491803278688632,-2.491803278688632,dc
evening_peak,,line_synth_redist_02254,,,26.06237850939258,1.8688524590164695,-1.8688524590164695,dc
evening_peak,,line_synth_redist_02255,,,17.374919006261763,1.245901639344316,-1.245901639344316,dc
evening_peak,,line_synth_redist_02256,,,8.687459503130864,0.6229508196721568,-0.6229508196721568,dc
evening_peak,,line_synth_redist_02258,,,43.43729751565426,3.11475409836078,-3.11475409836078,dc
evening_peak,,line_synth_redist_02259,,,34.74983801252334,2.491803278688619,-2.491803278688619,dc
evening_peak,,line_synth_redist_02260,,,26.06237850939267,1.868852459016476,-1.868852459016476,dc
evening_peak,,line_synth_redist_02261,,,17.37491900626183,1.245901639344321,-1.245901639344321,dc
evening_peak,,line_synth_redist_02262,,,8.687459503130821,0.6229508196721537,-0.6229508196721537,dc
evening_peak,,line_synth_redist_02399,,,43.43729751565453,3.1147540983607986,-3.1147540983607986,dc
evening_peak,,line_synth_redist_02400,,,34.74983801252342,2.4918032786886246,-2.4918032786886246,dc
evening_peak,,line_synth_redist_02401,,,26.062378509392424,1.8688524590164584,-1.8688524590164584,dc
evening_peak,,line_synth_redist_02402,,,17.374919006261656,1.2459016393443088,-1.2459016393443088,dc
evening_peak,,line_synth_redist_02403,,,8.68745950313084,0.6229508196721552,-0.6229508196721552,dc
evening_peak,,line_synth_redist_02405,,,43.437297515653974,3.1147540983607587,-3.1147540983607587,dc
evening_peak,,line_synth_redist_02406,,,34.749838012523504,2.4918032786886304,-2.4918032786886304,dc
evening_peak,,line_synth_redist_02407,,,26.06237850939258,1.8688524590164697,-1.8688524590164697,dc
evening_peak,,line_synth_redist_02408,,,17.37491900626163,1.2459016393443065,-1.2459016393443065,dc
evening_peak,,line_synth_redist_02409,,,8.68745950313085,0.6229508196721558,-0.6229508196721558,dc
evening_peak,,line_synth_redist_02411,,,43.43729751565428,3.1147540983607818,-3.1147540983607818,dc
evening_peak,,line_synth_redist_02412,,,34.74983801252326,2.4918032786886135,-2.4918032786886135,dc
evening_peak,,line_synth_redist_02413,,,26.0623785093924,1.8688524590164566,-1.8688524590164566,dc
evening_peak,,line_synth_redist_02414,,,17.374919006261585,1.2459016393443034,-1.2459016393443034,dc
evening_peak,,line_synth_redist_02415,,,8.687459503130821,0.6229508196721538,-0.6229508196721538,dc
evening_peak,,line_synth_redist_02417,,,43.43729751565425,3.1147540983607787,-3.1147540983607787,dc
evening_peak,,line_synth_redist_02418,,,34.749838012523405,2.4918032786886237,-2.4918032786886237,dc
evening_peak,,line_synth_redist_02419,,,26.06237850939252,1.868852459016465,-1.868852459016465,dc
evening_peak,,line_synth_redist_02420,,,17.374919006261695,1.2459016393443114,-1.2459016393443114,dc
evening_peak,,line_synth_redist_02421,,,8.687459503130846,0.6229508196721555,-0.6229508196721555,dc
evening_peak,,line_synth_redist_02423,,,43.437297515654535,3.1147540983607995,-3.1147540983607995,dc
evening_peak,,line_synth_redist_02424,,,34.74983801252346,2.4918032786886277,-2.4918032786886277,dc
evening_peak,,line_synth_redist_02425,,,26.0623785093926,1.868852459016471,-1.868852459016471,dc
evening_peak,,line_synth_redist_02426,,,17.374919006261816,1.24590163934432,-1.24590163934432,dc
evening_peak,,line_synth_redist_02427,,,8.687459503130825,0.6229508196721539,-0.6229508196721539,dc
evening_peak,,line_synth_redist_02429,,,43.43729751565418,3.114754098360774,-3.114754098360774,dc
evening_peak,,line_synth_redist_02430,,,34.74983801252343,2.4918032786886255,-2.4918032786886255,dc
evening_peak,,line_synth_redist_02431,,,26.062378509392577,1.868852459016469,-1.868852459016469,dc
evening_peak,,line_synth_redist_02432,,,17.374919006261706,1.245901639344312,-1.245901639344312,dc
evening_peak,,line_synth_redist_02433,,,8.68745950313084,0.6229508196721552,-0.6229508196721552,dc
evening_peak,,line_synth_redist_02435,,,43.43729751565425,3.114754098360779,-3.114754098360779,dc
evening_peak,,line_synth_redist_02436,,,34.7498380125234,2.4918032786886233,-2.4918032786886233,dc
evening_peak,,line_synth_redist_02437,,,26.06237850939255,1.8688524590164672,-1.8688524590164672,dc
evening_peak,,line_synth_redist_02438,,,17.374919006261763,1.245901639344316,-1.245901639344316,dc
evening_peak,,line_synth_redist_02439,,,8.687459503130809,0.6229508196721528,-0.6229508196721528,dc
evening_peak,,line_synth_redist_02441,,,43.43729751562332,3.114754098358561,-3.114754098358561,dc
evening_peak,,line_synth_redist_02442,,,34.74983801249241,2.491803278686401,-2.491803278686401,dc
evening_peak,,line_synth_redist_02443,,,26.062378509361583,1.8688524590142468,-1.8688524590142468,dc
evening_peak,,line_synth_redist_02444,,,17.374919006230712,1.2459016393420896,-1.2459016393420896,dc
evening_peak,,line_synth_redist_02445,,,8.68745950313079,0.6229508196721516,-0.6229508196721516,dc
evening_peak,,line_synth_redist_02447,,,43.43729751565705,3.1147540983609803,-3.1147540983609803,dc
evening_peak,,line_synth_redist_02448,,,34.74983801252351,2.491803278688631,-2.491803278688631,dc
evening_peak,,line_synth_redist_02449,,,26.0623785093926,1.8688524590164712,-1.8688524590164712,dc
evening_peak,,line_synth_redist_02450,,,17.374919006261806,1.245901639344319,-1.245901639344319,dc
evening_peak,,line_synth_redist_02451,,,8.687459503130896,0.622950819672159,-0.622950819672159,dc
evening_peak,,line_synth_redist_02453,,,43.437297515654166,3.114754098360773,-3.114754098360773,dc
evening_peak,,line_synth_redist_02454,,,34.74983801252343,2.4918032786886255,-2.4918032786886255,dc
evening_peak,,line_synth_redist_02455,,,26.06237850939264,1.8688524590164741,-1.8688524590164741,dc
evening_peak,,line_synth_redist_02456,,,17.374919006261738,1.2459016393443143,-1.2459016393443143,dc
evening_peak,,line_synth_redist_02457,,,8.687459503130851,0.6229508196721559,-0.6229508196721559,dc
evening_peak,,line_synth_redist_02459,,,43.43729751559693,3.114754098356669,-3.114754098356669,dc
evening_peak,,line_synth_redist_02460,,,34.74983801246621,2.4918032786845226,-2.4918032786845226,dc
evening_peak,,line_synth_redist_02461,,,26.06237850933537,1.868852459012367,-1.868852459012367,dc
evening_peak,,line_synth_redist_02462,,,17.37491900620455,1.2459016393402136,-1.2459016393402136,dc
evening_peak,,line_synth_redist_02463,,,8.687459503130903,0.6229508196721595,-0.6229508196721595,dc
evening_peak,,line_synth_redist_02465,,,43.43729751565514,3.114754098360842,-3.114754098360842,dc
evening_peak,,line_synth_redist_02466,,,34.749838012523846,2.4918032786886553,-2.4918032786886553,dc
evening_peak,,line_synth_redist_02467,,,26.062378509392698,1.868852459016478,-1.868852459016478,dc
evening_peak,,line_synth_redist_02468,,,17.37491900626197,1.245901639344331,-1.245901639344331,dc
evening_peak,,line_synth_redist_02469,,,8.687459503130873,0.6229508196721574,-0.6229508196721574,dc
evening_peak,,line_0000,,,18.280459770114778,-27.420689655172165,27.420689655172165,dc
evening_peak,,line_0001,,,18.280459770114778,-27.420689655172165,27.420689655172165,dc
evening_peak,,line_0010,,,19.628161261811243,-29.442241892716865,29.442241892716865,dc
evening_peak,,line_0011,,,19.628161261811243,-29.442241892716865,29.442241892716865,dc
evening_peak,,line_0012,,,19.628161261811243,-29.442241892716865,29.442241892716865,dc
evening_peak,,line_0027,,,1.7189435058022146e-15,-1.2892076293516608e-15,1.2892076293516608e-15,dc
evening_peak,,line_0028,,,1.7189435058022146e-15,-1.2892076293516608e-15,1.2892076293516608e-15,dc
evening_peak,,line_0030,,,0.0,0.0,-0.0,dc
evening_peak,,line_0040,,,61.46773203736424,-92.20159805604635,92.20159805604635,dc
evening_peak,,line_0041,,,3.1936206408842006e-15,2.3952154806631507e-15,-2.3952154806631507e-15,dc
evening_peak,,line_0063,,,2.6416942724222023,7.925082817266608,-7.925082817266608,dc
evening_peak,,line_0064,,,2.6416942724222023,7.925082817266608,-7.925082817266608,dc
evening_peak,,line_0065,,,2.6416942724222023,7.925082817266608,-7.925082817266608,dc
evening_peak,,line_0066,,,2.6416942724222023,7.925082817266608,-7.925082817266608,dc
evening_peak,,line_0067,,,2.6416942724222023,7.925082817266608,-7.925082817266608,dc
evening_peak,,line_0080,,,51.3859667258079,-154.15790017742373,154.15790017742373,dc
evening_peak,,line_0084,,,17.256282146927155,25.88442322039073,-25.88442322039073,dc
evening_peak,,line_0085,,,17.256282146927155,25.88442322039073,-25.88442322039073,dc
evening_peak,,line_0086,,,17.256282146927155,25.88442322039073,-25.88442322039073,dc
evening_peak,,line_0091,,,5.2385123150274975,15.71553694508249,-15.71553694508249,dc
evening_peak,,line_0092,,,5.2385123150274975,15.71553694508249,-15.71553694508249,dc
evening_peak,,line_0093,,,5.2385123150274975,15.71553694508249,-15.71553694508249,dc
evening_peak,,line_0094,,,19.628161261811243,-29.442241892716865,29.442241892716865,dc
evening_peak,,line_0095,,,19.628161261811243,-29.442241892716865,29.442241892716865,dc
evening_peak,,line_0096,,,19.628161261811243,-29.442241892716865,29.442241892716865,dc
evening_peak,,line_0102,,,2.7493704017813665e-15,-2.0620278013360248e-15,2.0620278013360248e-15,dc
evening_peak,,line_0103,,,2.7493704017813665e-15,-2.0620278013360248e-15,2.0620278013360248e-15,dc
evening_peak,,line_0104,,,11.882736156351402,17.824104234527102,-17.824104234527102,dc
evening_peak,,line_0105,,,11.882736156351402,17.824104234527102,-17.824104234527102,dc
evening_peak,,line_0113,,,5.741333359803607e-17,-4.3060000198527056e-17,4.3060000198527056e-17,dc
evening_peak,,line_0116,,,15.523404255319296,11.64255319148947,-11.64255319148947,dc
evening_peak,,line_0117,,,15.523404255319315,11.642553191489487,-11.642553191489487,dc
evening_peak,,line_0120,,,2.121326684463956e-15,3.1819900266959337e-15,-3.1819900266959337e-15,dc
evening_peak,,line_0141,,,8.704976763373588e-15,-2.6114930290120764e-15,2.6114930290120764e-15,dc
evening_peak,,line_0142,,,5.2385123150274975,15.71553694508249,-15.71553694508249,dc
evening_peak,,line_0143,,,5.2385123150274975,15.71553694508249,-15.71553694508249,dc
evening_peak,,line_0144,,,5.2385123150274975,15.71553694508249,-15.71553694508249,dc
evening_peak,,line_0174,,,5.94136807817587,8.912052117263805,-8.912052117263805,dc
evening_peak,,line_0175,,,5.94136807817587,8.912052117263805,-8.912052117263805,dc
evening_peak,,line_0176,,,8.660919811098523e-15,1.2991379716647784e-14,-1.2991379716647784e-14,dc
evening_peak,,line_0178,,,16.77241379310365,25.158620689655475,-25.158620689655475,dc
evening_peak,,line_0180,,,83.22758620689636,-124.84137931034455,124.84137931034455,dc
evening_peak,,line_0182,,,17.824104234527134,13.368078175895354,-13.368078175895354,dc
evening_peak,,line_0196,,,2.7418968920146715e-15,4.112845338022007e-15,-4.112845338022007e-15,dc
evening_peak,,line_0197,,,2.7418968920146715e-15,4.112845338022007e-15,-4.112845338022007e-15,dc
evening_peak,,line_0199,,,2.073084203065749e-15,-3.1096263045986235e-15,3.1096263045986235e-15,dc
evening_peak,,line_0200,,,2.073084203065749e-15,-3.1096263045986235e-15,3.1096263045986235e-15,dc
evening_peak,,line_0201,,,24.43438709013175,-73.30316127039525,73.30316127039525,dc
evening_peak,,line_0202,,,24.43438709013175,-73.30316127039525,73.30316127039525,dc
evening_peak,,line_0209,,,6.9885057471265,10.48275862068975,-10.48275862068975,dc
evening_peak,,line_0210,,,6.9885057471265,10.48275862068975,-10.48275862068975,dc
evening_peak,,line_0211,,,5.05591915414741e-17,-3.791939365610558e-17,3.791939365610558e-17,dc
evening_peak,,line_0215,,,19.483247024985147,58.44974107495543,-58.44974107495543,dc
evening_peak,,line_0216,,,19.483247024985147,58.44974107495543,-58.44974107495543,dc
evening_peak,,line_synth_01112,,,7.124999999999994,5.343749999999995,-5.343749999999995,dc
evening_peak,,line_synth_01118,,,7.125000000000005,5.3437500000000036,-5.3437500000000036,dc
evening_peak,,line_synth_01124,,,7.125000000000016,5.343750000000012,-5.343750000000012,dc
evening_peak,,line_synth_01130,,,7.125000000000063,5.343750000000047,-5.343750000000047,dc
evening_peak,,line_synth_01970,,,1.871212121212123,5.613636363636369,-5.613636363636369,dc
evening_peak,,line_synth_01976,,,1.8712121212121242,5.613636363636373,-5.613636363636373,dc
evening_peak,,line_synth_01982,,,1.871212121212124,5.613636363636371,-5.613636363636371,dc
evening_peak,,line_synth_02012,,,4.590604026845631,3.442953020134224,-3.442953020134224,dc
evening_peak,,line_synth_02018,,,4.590604026845522,3.4429530201341416,-3.4429530201341416,dc
evening_peak,,line_synth_02024,,,4.590604026845662,3.442953020134246,-3.442953020134246,dc
evening_peak,,line_synth_02030,,,4.590604026845649,3.4429530201342367,-3.4429530201342367,dc
evening_peak,,line_synth_02036,,,4.590604026845649,3.4429530201342367,-3.4429530201342367,dc
evening_peak,,line_synth_02042,,,4.590604026845672,3.442953020134254,-3.442953020134254,dc
evening_peak,,line_synth_02048,,,4.590604026845672,3.442953020134254,-3.442953020134254,dc
evening_peak,,line_synth_02054,,,11.47651006711412,3.4429530201342353,-3.4429530201342353,dc
evening_peak,,line_synth_02060,,,3.825503355704698,1.1476510067114094,-1.1476510067114094,dc
evening_peak,,line_synth_02062,,,11.476510067037564,3.442953020111269,-3.442953020111269,dc
evening_peak,,line_synth_02068,,,11.47651006711405,3.442953020134215,-3.442953020134215,dc
evening_peak,,line_synth_02183,,,6.20408163265301,4.653061224489758,-4.653061224489758,dc
evening_peak,,line_synth_02189,,,4.136054421768676,3.1020408163265065,-3.1020408163265065,dc
evening_peak,,line_synth_02193,,,2.0680272108843374,1.5510204081632528,-1.5510204081632528,dc
evening_peak,,line_synth_02195,,,6.204081632653022,4.6530612244897664,-4.6530612244897664,dc
evening_peak,,line_synth_02201,,,6.204081632653022,4.6530612244897664,-4.6530612244897664,dc
evening_peak,,line_synth_02207,,,1.0340136054421691,0.7755102040816269,-0.7755102040816269,dc
evening_peak,,line_synth_02208,,,6.204081632653008,4.653061224489756,-4.653061224489756,dc
evening_peak,,line_synth_spur_000,,,7.761702127659617,11.642553191489425,-11.642553191489425,dc
evening_peak,,line_synth_spur_009,,,75.60693641618337,-113.41040462427507,113.41040462427507,dc
evening_peak,,line_synth_spur_010,,,36.560919540229705,54.84137931034455,-54.84137931034455,dc
evening_peak,,line_osm_inferred_0000,,,1.6473988439306575,4.942196531791973,-4.942196531791973,dc
evening_peak,,line_v1_samar_15,,,0.6148320412010837,0.4611240309008127,-0.4611240309008127,dc
evening_peak,,line_v1_samar_16,,,8.919617834967001,6.689713376225249,-6.689713376225249,dc
evening_peak,,line_v1_leyte_16,,,32.94797687861315,24.71098265895986,-24.71098265895986,dc
evening_peak,,line_v1_leyte_17,,,8.786127167620746,-6.589595375715559,6.589595375715559,dc
evening_peak,,line_v1_leyte_18,,,53.81502890172467,40.361271676293505,-40.361271676293505,dc
evening_peak,,line_v1_leyte_19,,,6.589595375723091,9.884393063584636,-9.884393063584636,dc
evening_peak,,line_osm_inferred_0006,,,2.881160520746283,-2.160870390559712,2.160870390559712,dc
evening_peak,,line_osm_inferred_0007,,,2.881160520746283,-2.160870390559712,2.160870390559712,dc
evening_peak,,line_osm_inferred_0008,,,5.764942294080126,4.323706720560094,-4.323706720560094,dc
evening_peak,,line_osm_inferred_0009,,,5.764942294080126,4.323706720560094,-4.323706720560094,dc
evening_peak,,line_synth_redist_00044,,,3.880851063829824,2.910638297872368,-2.910638297872368,dc
evening_peak,,line_synth_redist_00050,,,3.8808510638298244,2.9106382978723686,-2.9106382978723686,dc
evening_peak,,line_synth_redist_00056,,,3.880851063829824,2.910638297872368,-2.910638297872368,dc
evening_peak,,line_synth_redist_00062,,,3.8808510638298204,2.910638297872365,-2.910638297872365,dc
evening_peak,,line_synth_redist_00068,,,0.6468085106383038,0.48510638297872777,-0.48510638297872777,dc
evening_peak,,line_synth_redist_00069,,,3.880851063829829,2.9106382978723713,-2.9106382978723713,dc
evening_peak,,line_synth_redist_00075,,,3.8808510638298204,2.9106382978723646,-2.9106382978723646,dc
evening_peak,,line_synth_redist_00081,,,1.9404255319149128,2.910638297872369,-2.910638297872369,dc
evening_peak,,line_synth_redist_00087,,,1.9404255319149128,2.910638297872369,-2.910638297872369,dc
evening_peak,,line_synth_redist_00093,,,1.9404255319149128,2.910638297872369,-2.910638297872369,dc
evening_peak,,line_synth_redist_00099,,,1.9404255319149128,2.910638297872369,-2.910638297872369,dc
evening_peak,,line_synth_redist_00105,,,9.702127659574554,2.9106382978723664,-2.9106382978723664,dc
evening_peak,,line_synth_redist_00111,,,9.702127659574568,2.91063829787237,-2.91063829787237,dc
evening_peak,,line_synth_redist_00117,,,9.70212765957455,2.9106382978723646,-2.9106382978723646,dc
evening_peak,,line_synth_redist_00123,,,9.702127659574554,2.9106382978723664,-2.9106382978723664,dc
evening_peak,,line_synth_redist_00129,,,9.702127659574558,2.910638297872367,-2.910638297872367,dc
evening_peak,,line_synth_redist_00135,,,9.702127659574558,2.910638297872367,-2.910638297872367,dc
evening_peak,,line_synth_redist_00141,,,9.702127659574558,2.910638297872367,-2.910638297872367,dc
evening_peak,,line_synth_redist_00147,,,9.702127659574856,2.910638297872457,-2.910638297872457,dc
evening_peak,,line_synth_redist_00153,,,1.9404255319148453,2.910638297872268,-2.910638297872268,dc
evening_peak,,line_synth_redist_00159,,,1.9404255319149089,2.9106382978723633,-2.9106382978723633,dc
evening_peak,,line_synth_redist_00165,,,0.3234042553191532,0.4851063829787298,-0.4851063829787298,dc
evening_peak,,line_synth_redist_00231,,,3.880851063829824,2.910638297872368,-2.910638297872368,dc
evening_peak,,line_synth_redist_00237,,,3.8808510638297316,2.910638297872299,-2.910638297872299,dc
evening_peak,,line_synth_redist_00243,,,3.8808510638298217,2.9106382978723664,-2.9106382978723664,dc
evening_peak,,line_synth_redist_00249,,,3.880851063829824,2.910638297872368,-2.910638297872368,dc
evening_peak,,line_synth_redist_00255,,,3.880851063829856,2.9106382978723917,-2.9106382978723917,dc
evening_peak,,line_synth_redist_00261,,,3.880851063829824,2.9106382978723677,-2.9106382978723677,dc
evening_peak,,line_synth_redist_00267,,,3.8808510638298217,2.9106382978723664,-2.9106382978723664,dc
evening_peak,,line_synth_redist_00273,,,3.880851063829823,2.9106382978723673,-2.9106382978723673,dc
evening_peak,,line_synth_redist_00303,,,2.9706840390879203,4.45602605863188,-4.45602605863188,dc
evening_peak,,line_synth_redist_00309,,,2.9706840390879203,4.45602605863188,-4.45602605863188,dc
evening_peak,,line_synth_redist_00315,,,2.9706840390879203,4.45602605863188,-4.45602605863188,dc
evening_peak,,line_synth_redist_00321,,,2.9706840390879203,4.45602605863188,-4.45602605863188,dc
evening_peak,,line_synth_redist_00327,,,2.970684039087924,4.456026058631886,-4.456026058631886,dc
evening_peak,,line_synth_redist_00333,,,2.970684039087924,4.456026058631886,-4.456026058631886,dc
evening_peak,,line_synth_redist_00339,,,2.970684039087924,4.456026058631886,-4.456026058631886,dc
evening_peak,,line_synth_redist_00345,,,0.4951140065146526,0.7426710097719789,-0.7426710097719789,dc
evening_peak,,line_synth_redist_00346,,,5.941368078175888,4.456026058631916,-4.456026058631916,dc
evening_peak,,line_synth_redist_00352,,,5.941368078175879,4.456026058631908,-4.456026058631908,dc
evening_peak,,line_synth_redist_00358,,,5.941368078175879,4.456026058631908,-4.456026058631908,dc
evening_peak,,line_synth_redist_00364,,,5.941368078175842,4.456026058631881,-4.456026058631881,dc
evening_peak,,line_synth_redist_00370,,,2.475570032573328,3.7133550488599925,-3.7133550488599925,dc
evening_peak,,line_synth_redist_00375,,,2.970684039087927,4.456026058631891,-4.456026058631891,dc
evening_peak,,line_synth_redist_00381,,,5.941368078175886,4.456026058631913,-4.456026058631913,dc
evening_peak,,line_synth_redist_00387,,,5.941368078175886,4.456026058631913,-4.456026058631913,dc
evening_peak,,line_synth_redist_00393,,,5.941368078176226,4.456026058632169,-4.456026058632169,dc
evening_peak,,line_synth_redist_00399,,,5.941368078176109,4.456026058632082,-4.456026058632082,dc
evening_peak,,line_synth_redist_00405,,,5.941368078175971,4.456026058631978,-4.456026058631978,dc
evening_peak,,line_synth_redist_00411,,,2.970684039087931,4.456026058631895,-4.456026058631895,dc
evening_peak,,line_synth_redist_00417,,,2.9706840390879186,4.456026058631878,-4.456026058631878,dc
evening_peak,,line_synth_redist_00423,,,2.970684039087931,4.456026058631895,-4.456026058631895,dc
evening_peak,,line_synth_redist_00429,,,2.970684039087943,4.456026058631913,-4.456026058631913,dc
evening_peak,,line_synth_redist_00459,,,5.941368078175863,4.456026058631896,-4.456026058631896,dc
evening_peak,,line_synth_redist_00465,,,0.9902280130293116,0.7426710097719836,-0.7426710097719836,dc
evening_peak,,line_synth_redist_00466,,,5.941368078175886,4.456026058631913,-4.456026058631913,dc
evening_peak,,line_synth_redist_00472,,,5.941368078175257,4.456026058631444,-4.456026058631444,dc
evening_peak,,line_synth_redist_00478,,,5.941368078175831,4.456026058631873,-4.456026058631873,dc
evening_peak,,line_synth_redist_00484,,,5.941368078175831,4.456026058631873,-4.456026058631873,dc
evening_peak,,line_synth_redist_00490,,,5.9413680781758655,4.456026058631899,-4.456026058631899,dc
evening_peak,,line_synth_redist_00496,,,5.941368078175854,4.45602605863189,-4.45602605863189,dc
evening_peak,,line_synth_redist_00502,,,5.9413680781758575,4.456026058631893,-4.456026058631893,dc
evening_peak,,line_synth_redist_00508,,,5.94136807817587,4.456026058631902,-4.456026058631902,dc
evening_peak,,line_synth_redist_00514,,,5.941368078173265,4.4560260586299485,-4.4560260586299485,dc
evening_peak,,line_synth_redist_00520,,,5.94136807817587,4.456026058631902,-4.456026058631902,dc
evening_peak,,line_synth_redist_00526,,,5.94136807817596,4.456026058631969,-4.456026058631969,dc
evening_peak,,line_synth_redist_00532,,,5.941368078175866,4.4560260586319,-4.4560260586319,dc
evening_peak,,line_synth_redist_00538,,,5.941368078175866,4.4560260586319,-4.4560260586319,dc
evening_peak,,line_synth_redist_00544,,,5.94136807817596,4.456026058631969,-4.456026058631969,dc
evening_peak,,line_synth_redist_00550,,,1.4853420195439622,4.4560260586318865,-4.4560260586318865,dc
evening_peak,,line_synth_redist_00556,,,1.4853420195439622,4.4560260586318865,-4.4560260586318865,dc
evening_peak,,line_synth_redist_00562,,,1.23778501628675,3.7133550488602505,-3.7133550488602505,dc
evening_peak,,line_synth_redist_00567,,,1.485342019543969,4.456026058631907,-4.456026058631907,dc
evening_peak,,line_synth_redist_00573,,,1.2377850162866415,3.713355048859924,-3.713355048859924,dc
evening_peak,,line_synth_redist_00578,,,1.485342019543969,4.456026058631907,-4.456026058631907,dc
evening_peak,,line_synth_redist_00584,,,1.485342019543969,4.456026058631907,-4.456026058631907,dc
evening_peak,,line_synth_redist_00590,,,2.9706840390879967,4.456026058631995,-4.456026058631995,dc
evening_peak,,line_synth_redist_00596,,,2.970684039087927,4.456026058631891,-4.456026058631891,dc
evening_peak,,line_synth_redist_00602,,,0.49511400651465626,0.7426710097719843,-0.7426710097719843,dc
evening_peak,,line_synth_redist_00771,,,5.941368078175881,4.456026058631911,-4.456026058631911,dc
evening_peak,,line_synth_redist_00777,,,5.9413680781758345,4.456026058631876,-4.456026058631876,dc
evening_peak,,line_synth_redist_00783,,,5.941368078175894,4.456026058631919,-4.456026058631919,dc
evening_peak,,line_synth_redist_00789,,,5.9413680781758575,4.456026058631894,-4.456026058631894,dc
evening_peak,,line_synth_redist_00795,,,14.853420195439696,4.456026058631909,-4.456026058631909,dc
evening_peak,,line_synth_redist_00801,,,14.853420195438542,4.456026058631561,-4.456026058631561,dc
evening_peak,,line_synth_redist_00807,,,14.8534201954396,4.45602605863188,-4.45602605863188,dc
evening_peak,,line_synth_redist_00813,,,2.970684039087924,4.456026058631886,-4.456026058631886,dc
evening_peak,,line_synth_redist_00819,,,0.9902280130293093,1.485342019543964,-1.485342019543964,dc
evening_peak,,line_synth_redist_00821,,,2.970684039088352,4.456026058632528,-4.456026058632528,dc
evening_peak,,line_synth_redist_00827,,,2.9706840390879354,4.456026058631903,-4.456026058631903,dc
evening_peak,,line_synth_redist_01180,,,5.941368078175852,4.456026058631889,-4.456026058631889,dc
evening_peak,,line_synth_redist_01186,,,5.941368078175852,4.456026058631889,-4.456026058631889,dc
evening_peak,,line_synth_redist_01192,,,5.941368078175852,4.456026058631889,-4.456026058631889,dc
evening_peak,,line_synth_redist_01198,,,5.941368078175911,4.456026058631933,-4.456026058631933,dc
evening_peak,,line_synth_redist_01204,,,5.941368078175873,4.456026058631904,-4.456026058631904,dc
evening_peak,,line_synth_redist_01210,,,1.9804560260587807,1.4853420195440854,-1.4853420195440854,dc
evening_peak,,line_synth_redist_01212,,,5.941368078175919,4.456026058631939,-4.456026058631939,dc
evening_peak,,line_synth_redist_01218,,,5.941368078175896,4.456026058631922,-4.456026058631922,dc
evening_peak,,line_synth_redist_01244,,,1.0982658959537683,1.6473988439306524,-1.6473988439306524,dc
evening_peak,,line_synth_redist_01250,,,1.0982658959537683,1.6473988439306524,-1.6473988439306524,dc
evening_peak,,line_synth_redist_01256,,,1.0982658959537683,1.6473988439306524,-1.6473988439306524,dc
evening_peak,,line_synth_redist_01262,,,2.196531791907533,1.6473988439306497,-1.6473988439306497,dc
evening_peak,,line_synth_redist_01268,,,2.1965317919074865,1.647398843930615,-1.647398843930615,dc
evening_peak,,line_synth_redist_01274,,,2.1965317919074865,1.647398843930615,-1.647398843930615,dc
evening_peak,,line_synth_redist_01280,,,2.196531791907533,1.6473988439306497,-1.6473988439306497,dc
evening_peak,,line_synth_redist_01286,,,0.5491329479768855,1.6473988439306568,-1.6473988439306568,dc
evening_peak,,line_synth_redist_01292,,,0.5491329479768872,1.6473988439306613,-1.6473988439306613,dc
evening_peak,,line_synth_redist_01298,,,0.5491329479768867,1.64739884393066,-1.64739884393066,dc
evening_peak,,line_synth_redist_01304,,,0.5491329479768866,1.6473988439306597,-1.6473988439306597,dc
evening_peak,,line_synth_redist_01310,,,1.4643545279383592,1.0982658959537694,-1.0982658959537694,dc
evening_peak,,line_synth_redist_01314,,,2.196531791907545,1.6473988439306588,-1.6473988439306588,dc
evening_peak,,line_synth_redist_01320,,,2.1965317919075407,1.6473988439306555,-1.6473988439306555,dc
evening_peak,,line_synth_redist_01326,,,2.196531791907548,1.647398843930661,-1.647398843930661,dc
evening_peak,,line_synth_redist_01332,,,1.0982658959537734,1.6473988439306604,-1.6473988439306604,dc
evening_peak,,line_synth_redist_01338,,,1.0982658959537797,1.6473988439306693,-1.6473988439306693,dc
evening_peak,,line_synth_redist_01344,,,1.0982658959537852,1.647398843930678,-1.647398843930678,dc
evening_peak,,line_synth_redist_01350,,,1.0982658959537734,1.6473988439306604,-1.6473988439306604,dc
evening_peak,,line_synth_redist_01575,,,2.196531791907545,1.6473988439306586,-1.6473988439306586,dc
evening_peak,,line_synth_redist_01581,,,2.1965317919075438,1.6473988439306582,-1.6473988439306582,dc
evening_peak,,line_synth_redist_01587,,,2.1965317919075433,1.647398843930657,-1.647398843930657,dc
evening_peak,,line_synth_redist_01615,,,2.196531791907553,1.647398843930665,-1.647398843930665,dc
evening_peak,,line_synth_redist_01621,,,2.1965317919075473,1.6473988439306608,-1.6473988439306608,dc
evening_peak,,line_synth_redist_01627,,,2.196531791907539,1.6473988439306544,-1.6473988439306544,dc
evening_peak,,line_synth_redist_01633,,,2.196531791907539,1.6473988439306544,-1.6473988439306544,dc
evening_peak,,line_synth_redist_01639,,,1.0982658959537746,1.6473988439306615,-1.6473988439306615,dc
evening_peak,,line_synth_redist_01645,,,1.098265895953734,1.6473988439306007,-1.6473988439306007,dc
evening_peak,,line_synth_redist_01651,,,1.0982658959583407,1.6473988439375107,-1.6473988439375107,dc
evening_peak,,line_synth_redist_01657,,,1.0982658959537746,1.6473988439306615,-1.6473988439306615,dc
evening_peak,,line_synth_redist_01663,,,2.1965317919105223,1.6473988439328917,-1.6473988439328917,dc
evening_peak,,line_synth_redist_01669,,,2.1965317919075593,1.6473988439306693,-1.6473988439306693,dc
evening_peak,,line_synth_redist_01675,,,2.1965317919075593,1.6473988439306693,-1.6473988439306693,dc
evening_peak,,line_synth_redist_01681,,,2.1965317919075824,1.6473988439306868,-1.6473988439306868,dc
evening_peak,,line_synth_redist_01687,,,5.491329479768926,1.647398843930678,-1.647398843930678,dc
evening_peak,,line_synth_redist_01693,,,5.491329479768851,1.6473988439306553,-1.6473988439306553,dc
evening_peak,,line_synth_redist_01699,,,5.491329479768858,1.647398843930657,-1.647398843930657,dc
evening_peak,,line_synth_redist_01705,,,5.491329479768885,1.6473988439306657,-1.6473988439306657,dc
evening_peak,,line_synth_redist_01711,,,5.491329479768818,1.6473988439306453,-1.6473988439306453,dc
evening_peak,,line_synth_redist_01717,,,5.491329479768852,1.6473988439306555,-1.6473988439306555,dc
evening_peak,,line_synth_redist_01723,,,5.491329479768795,1.6473988439306382,-1.6473988439306382,dc
evening_peak,,line_synth_redist_01729,,,5.49132947976884,1.6473988439306522,-1.6473988439306522,dc
evening_peak,,line_synth_redist_01735,,,5.491329479768948,1.6473988439306844,-1.6473988439306844,dc
evening_peak,,line_synth_redist_01741,,,5.491329479768855,1.6473988439306566,-1.6473988439306566,dc
evening_peak,,line_synth_redist_01747,,,5.491329479768901,1.6473988439306704,-1.6473988439306704,dc
evening_peak,,line_synth_redist_01753,,,5.491329479768879,1.6473988439306635,-1.6473988439306635,dc
evening_peak,,line_synth_redist_01759,,,5.491329479768855,1.6473988439306566,-1.6473988439306566,dc
evening_peak,,line_synth_redist_01765,,,5.491329479768821,1.6473988439306462,-1.6473988439306462,dc
evening_peak,,line_synth_redist_01771,,,5.49132947976881,1.6473988439306426,-1.6473988439306426,dc
evening_peak,,line_synth_redist_01777,,,5.491329479768838,1.6473988439306515,-1.6473988439306515,dc
evening_peak,,line_synth_redist_01783,,,5.491329479768932,1.6473988439306793,-1.6473988439306793,dc
evening_peak,,line_synth_redist_01789,,,1.8304431599229236,0.5491329479768771,-0.5491329479768771,dc
evening_peak,,line_synth_redist_01791,,,5.491329479768792,1.6473988439306377,-1.6473988439306377,dc
evening_peak,,line_synth_redist_01797,,,5.491329479768818,1.6473988439306455,-1.6473988439306455,dc
evening_peak,,line_synth_redist_01803,,,5.491329479768726,1.6473988439306178,-1.6473988439306178,dc
evening_peak,,line_synth_redist_01809,,,5.4913294797692815,1.6473988439307845,-1.6473988439307845,dc
evening_peak,,line_synth_redist_01815,,,5.491329479768882,1.6473988439306646,-1.6473988439306646,dc
evening_peak,,line_synth_redist_01821,,,5.491329479768837,1.6473988439306508,-1.6473988439306508,dc
evening_peak,,line_synth_redist_01827,,,5.4913294797687895,1.6473988439306368,-1.6473988439306368,dc
evening_peak,,line_synth_redist_01833,,,5.491329479768224,1.647398843930467,-1.647398843930467,dc
evening_peak,,line_synth_redist_01839,,,5.491329479768779,1.6473988439306337,-1.6473988439306337,dc
evening_peak,,line_synth_redist_01845,,,5.4913294797684555,1.6473988439305365,-1.6473988439305365,dc
evening_peak,,line_synth_redist_01851,,,5.491329479769057,1.647398843930717,-1.647398843930717,dc
evening_peak,,line_synth_redist_01857,,,5.4913294797688055,1.6473988439306415,-1.6473988439306415,dc
evening_peak,,line_synth_redist_01863,,,5.4913294797688055,1.6473988439306415,-1.6473988439306415,dc
evening_peak,,line_synth_redist_01869,,,0.9152215799614696,0.27456647398844086,-0.27456647398844086,dc
evening_peak,,line_synth_redist_01870,,,5.491329479768828,1.6473988439306484,-1.6473988439306484,dc
evening_peak,,line_synth_redist_01876,,,5.491329479768879,1.6473988439306635,-1.6473988439306635,dc
evening_peak,,line_synth_redist_01882,,,5.49132947976874,1.647398843930622,-1.647398843930622,dc
evening_peak,,line_synth_redist_01888,,,5.491329479768323,1.647398843930497,-1.647398843930497,dc
evening_peak,,line_synth_redist_01894,,,5.491329479769342,1.6473988439308025,-1.6473988439308025,dc
evening_peak,,line_synth_redist_01900,,,5.4913294797688845,1.6473988439306655,-1.6473988439306655,dc
evening_peak,,line_synth_redist_01906,,,5.491329479768811,1.6473988439306428,-1.6473988439306428,dc
evening_peak,,line_synth_redist_01912,,,5.491329479768872,1.6473988439306615,-1.6473988439306615,dc
evening_peak,,line_synth_redist_01918,,,5.49132947976886,1.6473988439306582,-1.6473988439306582,dc
evening_peak,,line_synth_redist_01924,,,5.491329479768855,1.6473988439306564,-1.6473988439306564,dc
evening_peak,,line_synth_redist_01930,,,5.491329479771221,1.6473988439313665,-1.6473988439313665,dc
evening_peak,,line_synth_redist_01936,,,4.193103448276837,6.289655172415254,-6.289655172415254,dc
evening_peak,,line_synth_redist_01942,,,4.193103448275922,6.289655172413883,-6.289655172413883,dc
evening_peak,,line_synth_redist_01948,,,4.19310344827591,6.289655172413865,-6.289655172413865,dc
evening_peak,,line_synth_redist_01954,,,4.19310344827591,6.289655172413865,-6.289655172413865,dc
evening_peak,,line_synth_redist_01960,,,8.386206896551844,6.289655172413883,-6.289655172413883,dc
evening_peak,,line_synth_redist_01966,,,8.38620689655182,6.289655172413866,-6.289655172413866,dc
evening_peak,,line_synth_redist_01972,,,8.38620689655182,6.289655172413866,-6.289655172413866,dc
evening_peak,,line_synth_redist_01978,,,2.7954022988506173,2.0965517241379628,-2.0965517241379628,dc
evening_peak,,line_synth_redist_01980,,,20.965517241379537,6.289655172413861,-6.289655172413861,dc
evening_peak,,line_synth_redist_01986,,,20.96551724137963,6.289655172413888,-6.289655172413888,dc
evening_peak,,line_synth_redist_01992,,,20.965517241379526,6.289655172413857,-6.289655172413857,dc
evening_peak,,line_synth_redist_01998,,,20.96551724137955,6.289655172413864,-6.289655172413864,dc
evening_peak,,line_synth_redist_02004,,,8.38620689655178,6.289655172413835,-6.289655172413835,dc
evening_peak,,line_synth_redist_02010,,,8.38620689655178,6.289655172413835,-6.289655172413835,dc
evening_peak,,line_synth_redist_02016,,,8.386206896551851,6.289655172413887,-6.289655172413887,dc
evening_peak,,line_synth_redist_02022,,,8.386206896551872,6.289655172413904,-6.289655172413904,dc
evening_peak,,line_synth_redist_02052,,,4.193103448275907,6.289655172413861,-6.289655172413861,dc
evening_peak,,line_synth_redist_02058,,,4.193103448277643,6.289655172416465,-6.289655172416465,dc
evening_peak,,line_synth_redist_02064,,,1.3977011494252984,2.096551724137947,-2.096551724137947,dc
evening_peak,,line_synth_redist_02066,,,4.193103448276178,6.289655172414268,-6.289655172414268,dc
evening_peak,,line_synth_redist_02072,,,4.1931034482759015,6.289655172413852,-6.289655172413852,dc
evening_peak,,line_synth_redist_02078,,,4.1931034482759015,6.289655172413852,-6.289655172413852,dc
evening_peak,,line_synth_redist_02084,,,1.3977011494253038,2.0965517241379557,-2.0965517241379557,dc
evening_peak,,line_synth_redist_02158,,,4.193103448275899,6.289655172413848,-6.289655172413848,dc
evening_peak,,line_synth_redist_02164,,,4.193103448275946,6.2896551724139185,-6.2896551724139185,dc
evening_peak,,line_synth_redist_02170,,,4.193103448275899,6.289655172413848,-6.289655172413848,dc
evening_peak,,line_synth_redist_02176,,,4.193103448275899,6.289655172413848,-6.289655172413848,dc
evening_peak,,line_synth_redist_02202,,,8.386206896551807,6.2896551724138545,-6.2896551724138545,dc
evening_peak,,line_synth_redist_02208,,,8.386206896535024,6.289655172401267,-6.289655172401267,dc
evening_peak,,line_synth_redist_02214,,,8.386206896551807,6.2896551724138545,-6.2896551724138545,dc
evening_peak,,line_synth_redist_02220,,,8.386206896551807,6.2896551724138545,-6.2896551724138545,dc
evening_peak,,line_synth_redist_02226,,,4.983606557377183,3.737704918032887,-3.737704918032887,dc
evening_peak,,line_synth_redist_02232,,,4.983606557377252,3.737704918032939,-3.737704918032939,dc
evening_peak,,line_synth_redist_02238,,,4.98360655737658,3.7377049180324353,-3.7377049180324353,dc
evening_peak,,line_synth_redist_02244,,,0.8306010928962116,0.6229508196721586,-0.6229508196721586,dc
evening_peak,,line_synth_redist_02245,,,4.983606557377236,3.7377049180329265,-3.7377049180329265,dc
evening_peak,,line_synth_redist_02251,,,4.983606557377212,3.737704918032909,-3.737704918032909,dc
evening_peak,,line_synth_redist_02257,,,4.983606557377258,3.737704918032944,-3.737704918032944,dc
evening_peak,,line_synth_redist_02398,,,4.983606557377241,3.7377049180329305,-3.7377049180329305,dc
evening_peak,,line_synth_redist_02404,,,4.983606557377229,3.7377049180329216,-3.7377049180329216,dc
evening_peak,,line_synth_redist_02410,,,4.983606557377241,3.7377049180329305,-3.7377049180329305,dc
evening_peak,,line_synth_redist_02416,,,4.983606557377241,3.7377049180329305,-3.7377049180329305,dc
evening_peak,,line_synth_redist_02422,,,4.983606557377268,3.737704918032951,-3.737704918032951,dc
evening_peak,,line_synth_redist_02428,,,4.983606557377223,3.7377049180329163,-3.7377049180329163,dc
evening_peak,,line_synth_redist_02434,,,4.983606557377245,3.7377049180329336,-3.7377049180329336,dc
evening_peak,,line_synth_redist_02440,,,4.983606557374306,3.7377049180307287,-3.7377049180307287,dc
evening_peak,,line_synth_redist_02446,,,4.983606557377491,3.737704918033117,-3.737704918033117,dc
evening_peak,,line_synth_redist_02452,,,4.983606557377235,3.737704918032926,-3.737704918032926,dc
evening_peak,,line_synth_redist_02458,,,4.983606557371796,3.7377049180288457,-3.7377049180288457,dc
evening_peak,,line_synth_redist_02464,,,4.983606557377374,3.73770491803303,-3.73770491803303,dc
